# SOMATOS-1 Realistic 3D Model: Realistic_Human_Head_And_Face
# Scale: Metric 1:1, Coordinates: Y-up, Right-Handed
# Anatomic Grounding: Exact Human Dimensions
mtllib human_head_realistic.mtl
o Realistic_Human_Head_And_Face
v -0.00000 1.57500 -0.00000
v -0.00000 1.57500 -0.00000
v -0.00000 1.57500 -0.00000
v -0.00000 1.57500 -0.00000
v -0.00000 1.57500 -0.00000
v -0.00000 1.57500 -0.00000
v -0.00000 1.57500 -0.00000
v -0.00000 1.57500 -0.00000
v -0.00000 1.57500 -0.00000
v -0.00000 1.57500 -0.00000
v -0.00000 1.57500 -0.00000
v -0.00000 1.57500 -0.00000
v -0.00000 1.57500 0.00000
v -0.00000 1.57500 0.00000
v -0.00000 1.57500 0.00000
v -0.00000 1.57500 0.00000
v -0.00000 1.57500 0.00000
v -0.00000 1.57500 0.00000
v -0.00000 1.57500 0.00000
v -0.00000 1.57500 0.00000
v -0.00000 1.57500 0.00000
v -0.00000 1.57500 0.00000
v -0.00000 1.57500 0.00000
v -0.00000 1.57500 0.00000
v 0.00000 1.57500 0.00000
v 0.00000 1.57500 0.00000
v 0.00000 1.57500 0.00000
v 0.00000 1.57500 0.00000
v 0.00000 1.57500 0.00000
v 0.00000 1.57500 0.00000
v 0.00000 1.57500 0.00000
v 0.00000 1.57500 0.00000
v 0.00000 1.57500 0.00000
v 0.00000 1.57500 0.00000
v 0.00000 1.57500 0.00000
v 0.00000 1.57500 0.00000
v 0.00000 1.57500 0.00000
v 0.00000 1.57500 -0.00000
v 0.00000 1.57500 -0.00000
v 0.00000 1.57500 -0.00000
v 0.00000 1.57500 -0.00000
v 0.00000 1.57500 -0.00000
v 0.00000 1.57500 -0.00000
v 0.00000 1.57500 -0.00000
v 0.00000 1.57500 -0.00000
v 0.00000 1.57500 -0.00000
v 0.00000 1.57500 -0.00000
v 0.00000 1.57500 -0.00000
v -0.00000 1.57452 -0.00959
v -0.00125 1.57452 -0.00948
v -0.00246 1.57452 -0.00918
v -0.00360 1.57452 -0.00868
v -0.00463 1.57452 -0.00802
v -0.00554 1.57452 -0.00722
v -0.00632 1.57452 -0.00632
v -0.00695 1.57452 -0.00534
v -0.00745 1.57452 -0.00430
v -0.00783 1.57452 -0.00324
v -0.00808 1.57452 -0.00217
v -0.00823 1.57452 -0.00108
v -0.00828 1.57452 0.00000
v -0.00823 1.57452 0.00108
v -0.00808 1.57452 0.00217
v -0.00783 1.57452 0.00324
v -0.00745 1.57452 0.00430
v -0.00695 1.57452 0.00534
v -0.00632 1.57452 0.00632
v -0.00554 1.57452 0.00722
v -0.00463 1.57452 0.00802
v -0.00360 1.57452 0.00868
v -0.00246 1.57452 0.00918
v -0.00125 1.57452 0.00948
v 0.00000 1.57452 0.00959
v 0.00125 1.57452 0.00948
v 0.00246 1.57452 0.00918
v 0.00360 1.57452 0.00868
v 0.00463 1.57452 0.00802
v 0.00554 1.57452 0.00722
v 0.00632 1.57452 0.00632
v 0.00695 1.57452 0.00534
v 0.00745 1.57452 0.00430
v 0.00783 1.57452 0.00324
v 0.00808 1.57452 0.00217
v 0.00823 1.57452 0.00108
v 0.00828 1.57452 0.00000
v 0.00823 1.57452 -0.00108
v 0.00808 1.57452 -0.00217
v 0.00783 1.57452 -0.00324
v 0.00745 1.57452 -0.00430
v 0.00695 1.57452 -0.00534
v 0.00632 1.57452 -0.00632
v 0.00554 1.57452 -0.00722
v 0.00463 1.57452 -0.00802
v 0.00360 1.57452 -0.00868
v 0.00246 1.57452 -0.00918
v 0.00125 1.57452 -0.00948
v -0.00000 1.57310 -0.01910
v -0.00249 1.57310 -0.01889
v -0.00490 1.57310 -0.01828
v -0.00716 1.57310 -0.01729
v -0.00923 1.57310 -0.01598
v -0.01104 1.57310 -0.01439
v -0.01259 1.57310 -0.01259
v -0.01385 1.57310 -0.01063
v -0.01485 1.57310 -0.00857
v -0.01559 1.57310 -0.00646
v -0.01610 1.57310 -0.00431
v -0.01640 1.57310 -0.00216
v -0.01650 1.57310 0.00000
v -0.01640 1.57310 0.00216
v -0.01610 1.57310 0.00431
v -0.01559 1.57310 0.00646
v -0.01485 1.57310 0.00857
v -0.01385 1.57310 0.01063
v -0.01259 1.57310 0.01259
v -0.01104 1.57310 0.01439
v -0.00923 1.57310 0.01598
v -0.00716 1.57310 0.01729
v -0.00490 1.57310 0.01828
v -0.00249 1.57310 0.01889
v 0.00000 1.57310 0.01910
v 0.00249 1.57310 0.01889
v 0.00490 1.57310 0.01828
v 0.00716 1.57310 0.01729
v 0.00923 1.57310 0.01598
v 0.01104 1.57310 0.01439
v 0.01259 1.57310 0.01259
v 0.01385 1.57310 0.01063
v 0.01485 1.57310 0.00857
v 0.01559 1.57310 0.00646
v 0.01610 1.57310 0.00431
v 0.01640 1.57310 0.00216
v 0.01650 1.57310 0.00000
v 0.01640 1.57310 -0.00216
v 0.01610 1.57310 -0.00431
v 0.01559 1.57310 -0.00646
v 0.01485 1.57310 -0.00857
v 0.01385 1.57310 -0.01063
v 0.01259 1.57310 -0.01259
v 0.01104 1.57310 -0.01439
v 0.00923 1.57310 -0.01598
v 0.00716 1.57310 -0.01729
v 0.00490 1.57310 -0.01828
v 0.00249 1.57310 -0.01889
v -0.00000 1.57074 -0.02847
v -0.00371 1.57074 -0.02816
v -0.00730 1.57074 -0.02725
v -0.01068 1.57074 -0.02578
v -0.01375 1.57074 -0.02382
v -0.01646 1.57074 -0.02145
v -0.01876 1.57074 -0.01876
v -0.02065 1.57074 -0.01584
v -0.02213 1.57074 -0.01278
v -0.02324 1.57074 -0.00963
v -0.02400 1.57074 -0.00643
v -0.02444 1.57074 -0.00322
v -0.02459 1.57074 0.00000
v -0.02444 1.57074 0.00322
v -0.02400 1.57074 0.00643
v -0.02324 1.57074 0.00963
v -0.02213 1.57074 0.01278
v -0.02065 1.57074 0.01584
v -0.01876 1.57074 0.01876
v -0.01646 1.57074 0.02145
v -0.01375 1.57074 0.02382
v -0.01068 1.57074 0.02578
v -0.00730 1.57074 0.02725
v -0.00371 1.57074 0.02816
v 0.00000 1.57074 0.02847
v 0.00371 1.57074 0.02816
v 0.00730 1.57074 0.02725
v 0.01068 1.57074 0.02578
v 0.01375 1.57074 0.02382
v 0.01646 1.57074 0.02145
v 0.01876 1.57074 0.01876
v 0.02065 1.57074 0.01584
v 0.02213 1.57074 0.01278
v 0.02324 1.57074 0.00963
v 0.02400 1.57074 0.00643
v 0.02444 1.57074 0.00322
v 0.02459 1.57074 0.00000
v 0.02444 1.57074 -0.00322
v 0.02400 1.57074 -0.00643
v 0.02324 1.57074 -0.00963
v 0.02213 1.57074 -0.01278
v 0.02065 1.57074 -0.01584
v 0.01876 1.57074 -0.01876
v 0.01646 1.57074 -0.02145
v 0.01375 1.57074 -0.02382
v 0.01068 1.57074 -0.02578
v 0.00730 1.57074 -0.02725
v 0.00371 1.57074 -0.02816
v -0.00000 1.56746 -0.03762
v -0.00490 1.56746 -0.03721
v -0.00965 1.56746 -0.03601
v -0.01411 1.56746 -0.03406
v -0.01817 1.56746 -0.03147
v -0.02175 1.56746 -0.02834
v -0.02479 1.56746 -0.02479
v -0.02729 1.56746 -0.02094
v -0.02925 1.56746 -0.01689
v -0.03071 1.56746 -0.01272
v -0.03172 1.56746 -0.00850
v -0.03230 1.56746 -0.00425
v -0.03249 1.56746 0.00000
v -0.03230 1.56746 0.00425
v -0.03172 1.56746 0.00850
v -0.03071 1.56746 0.01272
v -0.02925 1.56746 0.01689
v -0.02729 1.56746 0.02094
v -0.02479 1.56746 0.02479
v -0.02175 1.56746 0.02834
v -0.01817 1.56746 0.03147
v -0.01411 1.56746 0.03406
v -0.00965 1.56746 0.03601
v -0.00490 1.56746 0.03721
v 0.00000 1.56746 0.03762
v 0.00490 1.56746 0.03721
v 0.00965 1.56746 0.03601
v 0.01411 1.56746 0.03406
v 0.01817 1.56746 0.03147
v 0.02175 1.56746 0.02834
v 0.02479 1.56746 0.02479
v 0.02729 1.56746 0.02094
v 0.02925 1.56746 0.01689
v 0.03071 1.56746 0.01272
v 0.03172 1.56746 0.00850
v 0.03230 1.56746 0.00425
v 0.03249 1.56746 0.00000
v 0.03230 1.56746 -0.00425
v 0.03172 1.56746 -0.00850
v 0.03071 1.56746 -0.01272
v 0.02925 1.56746 -0.01689
v 0.02729 1.56746 -0.02094
v 0.02479 1.56746 -0.02479
v 0.02175 1.56746 -0.02834
v 0.01817 1.56746 -0.03147
v 0.01411 1.56746 -0.03406
v 0.00965 1.56746 -0.03601
v 0.00490 1.56746 -0.03721
v -0.00000 1.56329 -0.04649
v -0.00605 1.56329 -0.04598
v -0.01192 1.56329 -0.04449
v -0.01743 1.56329 -0.04209
v -0.02245 1.56329 -0.03889
v -0.02687 1.56329 -0.03502
v -0.03063 1.56329 -0.03063
v -0.03372 1.56329 -0.02587
v -0.03614 1.56329 -0.02087
v -0.03795 1.56329 -0.01572
v -0.03919 1.56329 -0.01050
v -0.03991 1.56329 -0.00525
v -0.04015 1.56329 0.00000
v -0.03991 1.56329 0.00525
v -0.03919 1.56329 0.01050
v -0.03795 1.56329 0.01572
v -0.03614 1.56329 0.02087
v -0.03372 1.56329 0.02587
v -0.03063 1.56329 0.03063
v -0.02687 1.56329 0.03502
v -0.02245 1.56329 0.03889
v -0.01743 1.56329 0.04209
v -0.01192 1.56329 0.04449
v -0.00605 1.56329 0.04598
v 0.00000 1.56329 0.04649
v 0.00605 1.56329 0.04598
v 0.01192 1.56329 0.04449
v 0.01743 1.56329 0.04209
v 0.02245 1.56329 0.03889
v 0.02687 1.56329 0.03502
v 0.03063 1.56329 0.03063
v 0.03372 1.56329 0.02587
v 0.03614 1.56329 0.02087
v 0.03795 1.56329 0.01572
v 0.03919 1.56329 0.01050
v 0.03991 1.56329 0.00525
v 0.04015 1.56329 0.00000
v 0.03991 1.56329 -0.00525
v 0.03919 1.56329 -0.01050
v 0.03795 1.56329 -0.01572
v 0.03614 1.56329 -0.02087
v 0.03372 1.56329 -0.02587
v 0.03063 1.56329 -0.03063
v 0.02687 1.56329 -0.03502
v 0.02245 1.56329 -0.03889
v 0.01743 1.56329 -0.04209
v 0.01192 1.56329 -0.04449
v 0.00605 1.56329 -0.04598
v -0.00000 1.55825 -0.05500
v -0.00716 1.55825 -0.05440
v -0.01411 1.55825 -0.05264
v -0.02063 1.55825 -0.04980
v -0.02656 1.55825 -0.04601
v -0.03179 1.55825 -0.04143
v -0.03624 1.55825 -0.03624
v -0.03989 1.55825 -0.03061
v -0.04276 1.55825 -0.02469
v -0.04490 1.55825 -0.01860
v -0.04637 1.55825 -0.01242
v -0.04722 1.55825 -0.00622
v -0.04750 1.55825 0.00000
v -0.04722 1.55825 0.00622
v -0.04637 1.55825 0.01242
v -0.04490 1.55825 0.01860
v -0.04276 1.55825 0.02469
v -0.03989 1.55825 0.03061
v -0.03624 1.55825 0.03624
v -0.03179 1.55825 0.04143
v -0.02656 1.55825 0.04601
v -0.02063 1.55825 0.04980
v -0.01411 1.55825 0.05264
v -0.00716 1.55825 0.05440
v 0.00000 1.55825 0.05500
v 0.00716 1.55825 0.05440
v 0.01411 1.55825 0.05264
v 0.02063 1.55825 0.04980
v 0.02656 1.55825 0.04601
v 0.03179 1.55825 0.04143
v 0.03624 1.55825 0.03624
v 0.03989 1.55825 0.03061
v 0.04276 1.55825 0.02469
v 0.04490 1.55825 0.01860
v 0.04637 1.55825 0.01242
v 0.04722 1.55825 0.00622
v 0.04750 1.55825 0.00000
v 0.04722 1.55825 -0.00622
v 0.04637 1.55825 -0.01242
v 0.04490 1.55825 -0.01860
v 0.04276 1.55825 -0.02469
v 0.03989 1.55825 -0.03061
v 0.03624 1.55825 -0.03624
v 0.03179 1.55825 -0.04143
v 0.02656 1.55825 -0.04601
v 0.02063 1.55825 -0.04980
v 0.01411 1.55825 -0.05264
v 0.00716 1.55825 -0.05440
v -0.00000 1.55239 -0.06309
v -0.00822 1.55239 -0.06241
v -0.01618 1.55239 -0.06039
v -0.02366 1.55239 -0.05713
v -0.03047 1.55239 -0.05278
v -0.03647 1.55239 -0.04753
v -0.04157 1.55239 -0.04157
v -0.04576 1.55239 -0.03511
v -0.04905 1.55239 -0.02832
v -0.05151 1.55239 -0.02133
v -0.05319 1.55239 -0.01425
v -0.05417 1.55239 -0.00713
v -0.05449 1.55239 0.00000
v -0.05417 1.55239 0.00713
v -0.05319 1.55239 0.01425
v -0.05151 1.55239 0.02133
v -0.04905 1.55239 0.02832
v -0.04576 1.55239 0.03511
v -0.04157 1.55239 0.04157
v -0.03647 1.55239 0.04753
v -0.03047 1.55239 0.05278
v -0.02366 1.55239 0.05713
v -0.01618 1.55239 0.06039
v -0.00822 1.55239 0.06241
v 0.00000 1.55239 0.06309
v 0.00822 1.55239 0.06241
v 0.01618 1.55239 0.06039
v 0.02366 1.55239 0.05713
v 0.03047 1.55239 0.05278
v 0.03647 1.55239 0.04753
v 0.04157 1.55239 0.04157
v 0.04576 1.55239 0.03511
v 0.04905 1.55239 0.02832
v 0.05151 1.55239 0.02133
v 0.05319 1.55239 0.01425
v 0.05417 1.55239 0.00713
v 0.05449 1.55239 0.00000
v 0.05417 1.55239 -0.00713
v 0.05319 1.55239 -0.01425
v 0.05151 1.55239 -0.02133
v 0.04905 1.55239 -0.02832
v 0.04576 1.55239 -0.03511
v 0.04157 1.55239 -0.04157
v 0.03647 1.55239 -0.04753
v 0.03047 1.55239 -0.05278
v 0.02366 1.55239 -0.05713
v 0.01618 1.55239 -0.06039
v 0.00822 1.55239 -0.06241
v -0.00000 1.54576 -0.07071
v -0.00921 1.54576 -0.06994
v -0.01813 1.54576 -0.06767
v -0.02652 1.54576 -0.06402
v -0.03415 1.54576 -0.05915
v -0.04087 1.54576 -0.05326
v -0.04659 1.54576 -0.04659
v -0.05128 1.54576 -0.03935
v -0.05497 1.54576 -0.03174
v -0.05772 1.54576 -0.02391
v -0.05961 1.54576 -0.01597
v -0.06071 1.54576 -0.00799
v -0.06106 1.54576 0.00000
v -0.06071 1.54576 0.00799
v -0.05961 1.54576 0.01597
v -0.05772 1.54576 0.02391
v -0.05497 1.54576 0.03174
v -0.05128 1.54576 0.03935
v -0.04659 1.54576 0.04659
v -0.04087 1.54576 0.05326
v -0.03415 1.54576 0.05915
v -0.02652 1.54576 0.06402
v -0.01813 1.54576 0.06767
v -0.00921 1.54576 0.06994
v 0.00000 1.54576 0.07071
v 0.00921 1.54576 0.06994
v 0.01813 1.54576 0.06767
v 0.02652 1.54576 0.06402
v 0.03415 1.54576 0.05915
v 0.04087 1.54576 0.05326
v 0.04659 1.54576 0.04659
v 0.05128 1.54576 0.03935
v 0.05497 1.54576 0.03174
v 0.05772 1.54576 0.02391
v 0.05961 1.54576 0.01597
v 0.06071 1.54576 0.00799
v 0.06106 1.54576 0.00000
v 0.06071 1.54576 -0.00799
v 0.05961 1.54576 -0.01597
v 0.05772 1.54576 -0.02391
v 0.05497 1.54576 -0.03174
v 0.05128 1.54576 -0.03935
v 0.04659 1.54576 -0.04659
v 0.04087 1.54576 -0.05326
v 0.03415 1.54576 -0.05915
v 0.02652 1.54576 -0.06402
v 0.01813 1.54576 -0.06767
v 0.00921 1.54576 -0.06994
v -0.00000 1.53839 -0.07778
v -0.01013 1.53839 -0.07694
v -0.01995 1.53839 -0.07445
v -0.02917 1.53839 -0.07043
v -0.03757 1.53839 -0.06506
v -0.04496 1.53839 -0.05859
v -0.05125 1.53839 -0.05125
v -0.05641 1.53839 -0.04329
v -0.06047 1.53839 -0.03491
v -0.06350 1.53839 -0.02630
v -0.06557 1.53839 -0.01757
v -0.06678 1.53839 -0.00879
v -0.06718 1.53839 0.00000
v -0.06678 1.53839 0.00879
v -0.06557 1.53839 0.01757
v -0.06350 1.53839 0.02630
v -0.06047 1.53839 0.03491
v -0.05641 1.53839 0.04329
v -0.05125 1.53839 0.05125
v -0.04496 1.53839 0.05859
v -0.03757 1.53839 0.06506
v -0.02917 1.53839 0.07043
v -0.01995 1.53839 0.07445
v -0.01013 1.53839 0.07694
v 0.00000 1.53839 0.07778
v 0.01013 1.53839 0.07694
v 0.01995 1.53839 0.07445
v 0.02917 1.53839 0.07043
v 0.03757 1.53839 0.06506
v 0.04496 1.53839 0.05859
v 0.05125 1.53839 0.05125
v 0.05641 1.53839 0.04329
v 0.06047 1.53839 0.03491
v 0.06350 1.53839 0.02630
v 0.06557 1.53839 0.01757
v 0.06678 1.53839 0.00879
v 0.06718 1.53839 0.00000
v 0.06678 1.53839 -0.00879
v 0.06557 1.53839 -0.01757
v 0.06350 1.53839 -0.02630
v 0.06047 1.53839 -0.03491
v 0.05641 1.53839 -0.04329
v 0.05125 1.53839 -0.05125
v 0.04496 1.53839 -0.05859
v 0.03757 1.53839 -0.06506
v 0.02917 1.53839 -0.07043
v 0.01995 1.53839 -0.07445
v 0.01013 1.53839 -0.07694
v -0.00000 1.53035 -0.08426
v -0.01097 1.53035 -0.08335
v -0.02161 1.53035 -0.08065
v -0.03160 1.53035 -0.07630
v -0.04070 1.53035 -0.07049
v -0.04870 1.53035 -0.06347
v -0.05552 1.53035 -0.05552
v -0.06111 1.53035 -0.04689
v -0.06551 1.53035 -0.03782
v -0.06879 1.53035 -0.02849
v -0.07104 1.53035 -0.01903
v -0.07235 1.53035 -0.00952
v -0.07277 1.53035 0.00000
v -0.07235 1.53035 0.00952
v -0.07104 1.53035 0.01903
v -0.06879 1.53035 0.02849
v -0.06551 1.53035 0.03782
v -0.06111 1.53035 0.04689
v -0.05552 1.53035 0.05552
v -0.04870 1.53035 0.06347
v -0.04070 1.53035 0.07049
v -0.03160 1.53035 0.07630
v -0.02161 1.53035 0.08065
v -0.01097 1.53035 0.08335
v 0.00000 1.53035 0.08426
v 0.01097 1.53035 0.08335
v 0.02161 1.53035 0.08065
v 0.03160 1.53035 0.07630
v 0.04070 1.53035 0.07049
v 0.04870 1.53035 0.06347
v 0.05552 1.53035 0.05552
v 0.06111 1.53035 0.04689
v 0.06551 1.53035 0.03782
v 0.06879 1.53035 0.02849
v 0.07104 1.53035 0.01903
v 0.07235 1.53035 0.00952
v 0.07277 1.53035 0.00000
v 0.07235 1.53035 -0.00952
v 0.07104 1.53035 -0.01903
v 0.06879 1.53035 -0.02849
v 0.06551 1.53035 -0.03782
v 0.06111 1.53035 -0.04689
v 0.05552 1.53035 -0.05552
v 0.04870 1.53035 -0.06347
v 0.04070 1.53035 -0.07049
v 0.03160 1.53035 -0.07630
v 0.02161 1.53035 -0.08065
v 0.01097 1.53035 -0.08335
v -0.00000 1.52170 -0.09011
v -0.01173 1.52170 -0.08913
v -0.02311 1.52170 -0.08624
v -0.03379 1.52170 -0.08159
v -0.04352 1.52170 -0.07537
v -0.05208 1.52170 -0.06787
v -0.05937 1.52170 -0.05937
v -0.06535 1.52170 -0.05015
v -0.07005 1.52170 -0.04045
v -0.07356 1.52170 -0.03047
v -0.07596 1.52170 -0.02035
v -0.07736 1.52170 -0.01018
v -0.07782 1.52170 0.00000
v -0.07736 1.52170 0.01018
v -0.07596 1.52170 0.02035
v -0.07356 1.52170 0.03047
v -0.07005 1.52170 0.04045
v -0.06535 1.52170 0.05015
v -0.05937 1.52170 0.05937
v -0.05208 1.52170 0.06787
v -0.04352 1.52170 0.07537
v -0.03379 1.52170 0.08159
v -0.02311 1.52170 0.08624
v -0.01173 1.52170 0.08913
v 0.00000 1.52170 0.09011
v 0.01173 1.52170 0.08913
v 0.02311 1.52170 0.08624
v 0.03379 1.52170 0.08159
v 0.04352 1.52170 0.07537
v 0.05208 1.52170 0.06787
v 0.05937 1.52170 0.05937
v 0.06535 1.52170 0.05015
v 0.07005 1.52170 0.04045
v 0.07356 1.52170 0.03047
v 0.07596 1.52170 0.02035
v 0.07736 1.52170 0.01018
v 0.07782 1.52170 0.00000
v 0.07736 1.52170 -0.01018
v 0.07596 1.52170 -0.02035
v 0.07356 1.52170 -0.03047
v 0.07005 1.52170 -0.04045
v 0.06535 1.52170 -0.05015
v 0.05937 1.52170 -0.05937
v 0.05208 1.52170 -0.06787
v 0.04352 1.52170 -0.07537
v 0.03379 1.52170 -0.08159
v 0.02311 1.52170 -0.08624
v 0.01173 1.52170 -0.08913
v -0.00000 1.51250 -0.09526
v -0.01241 1.51250 -0.09423
v -0.02443 1.51250 -0.09118
v -0.03573 1.51250 -0.08625
v -0.04601 1.51250 -0.07969
v -0.05506 1.51250 -0.07176
v -0.06277 1.51250 -0.06277
v -0.06909 1.51250 -0.05301
v -0.07406 1.51250 -0.04276
v -0.07777 1.51250 -0.03221
v -0.08031 1.51250 -0.02152
v -0.08179 1.51250 -0.01077
v -0.08227 1.51250 0.00000
v -0.08179 1.51250 0.01077
v -0.08031 1.51250 0.02152
v -0.07790 1.51250 0.03227
v -0.07463 1.51250 0.04309
v -0.06998 1.51250 0.05370
v -0.06386 1.51250 0.06386
v -0.05623 1.51250 0.07328
v -0.04713 1.51250 0.08162
v -0.03668 1.51250 0.08855
v -0.02512 1.51250 0.09376
v -0.01277 1.51250 0.09699
v 0.00000 1.51250 0.09808
v 0.01277 1.51250 0.09699
v 0.02512 1.51250 0.09376
v 0.03668 1.51250 0.08855
v 0.04713 1.51250 0.08162
v 0.05623 1.51250 0.07328
v 0.06386 1.51250 0.06386
v 0.06998 1.51250 0.05370
v 0.07463 1.51250 0.04309
v 0.07790 1.51250 0.03227
v 0.08031 1.51250 0.02152
v 0.08179 1.51250 0.01077
v 0.08227 1.51250 0.00000
v 0.08179 1.51250 -0.01077
v 0.08031 1.51250 -0.02152
v 0.07777 1.51250 -0.03221
v 0.07406 1.51250 -0.04276
v 0.06909 1.51250 -0.05301
v 0.06277 1.51250 -0.06277
v 0.05506 1.51250 -0.07176
v 0.04601 1.51250 -0.07969
v 0.03573 1.51250 -0.08625
v 0.02443 1.51250 -0.09118
v 0.01241 1.51250 -0.09423
v -0.00000 1.50283 -0.09969
v -0.01298 1.50283 -0.09861
v -0.02557 1.50283 -0.09542
v -0.03739 1.50283 -0.09027
v -0.04815 1.50283 -0.08339
v -0.05762 1.50283 -0.07510
v -0.06569 1.50283 -0.06569
v -0.07230 1.50283 -0.05548
v -0.07751 1.50283 -0.04475
v -0.08138 1.50283 -0.03371
v -0.08405 1.50283 -0.02252
v -0.08559 1.50283 -0.01127
v -0.08610 1.50283 0.00000
v -0.08559 1.50283 0.01127
v -0.08405 1.50283 0.02252
v -0.08171 1.50283 0.03384
v -0.07890 1.50283 0.04555
v -0.07451 1.50283 0.05717
v -0.06840 1.50283 0.06840
v -0.06052 1.50283 0.07887
v -0.05091 1.50283 0.08819
v -0.03974 1.50283 0.09595
v -0.02728 1.50283 0.10180
v -0.01388 1.50283 0.10543
v 0.00000 1.50283 0.10666
v 0.01388 1.50283 0.10543
v 0.02728 1.50283 0.10180
v 0.03974 1.50283 0.09595
v 0.05091 1.50283 0.08819
v 0.06052 1.50283 0.07887
v 0.06840 1.50283 0.06840
v 0.07451 1.50283 0.05717
v 0.07890 1.50283 0.04555
v 0.08171 1.50283 0.03384
v 0.08405 1.50283 0.02252
v 0.08559 1.50283 0.01127
v 0.08610 1.50283 0.00000
v 0.08559 1.50283 -0.01127
v 0.08405 1.50283 -0.02252
v 0.08138 1.50283 -0.03371
v 0.07751 1.50283 -0.04475
v 0.07230 1.50283 -0.05548
v 0.06569 1.50283 -0.06569
v 0.05762 1.50283 -0.07510
v 0.04815 1.50283 -0.08339
v 0.03739 1.50283 -0.09027
v 0.02557 1.50283 -0.09542
v 0.01298 1.50283 -0.09861
v -0.00000 1.49275 -0.10337
v -0.01346 1.49275 -0.10224
v -0.02651 1.49275 -0.09893
v -0.03877 1.49275 -0.09359
v -0.04992 1.49275 -0.08647
v -0.05975 1.49275 -0.07786
v -0.06811 1.49275 -0.06811
v -0.07497 1.49275 -0.05752
v -0.08036 1.49275 -0.04640
v -0.08438 1.49275 -0.03495
v -0.08714 1.49275 -0.02335
v -0.08875 1.49275 -0.01168
v -0.08927 1.49275 0.00000
v -0.08875 1.49275 0.01168
v -0.08714 1.49275 0.02335
v -0.08467 1.49275 0.03507
v -0.08161 1.49275 0.04712
v -0.07694 1.49275 0.05903
v -0.07053 1.49275 0.07053
v -0.06233 1.49275 0.08123
v -0.05240 1.49275 0.09075
v -0.04087 1.49275 0.09867
v -0.02804 1.49275 0.10464
v -0.01426 1.49275 0.10834
v 0.00000 1.49275 0.10960
v 0.01426 1.49275 0.10834
v 0.02804 1.49275 0.10464
v 0.04087 1.49275 0.09867
v 0.05240 1.49275 0.09075
v 0.06233 1.49275 0.08123
v 0.07053 1.49275 0.07053
v 0.07694 1.49275 0.05903
v 0.08161 1.49275 0.04712
v 0.08467 1.49275 0.03507
v 0.08714 1.49275 0.02335
v 0.08875 1.49275 0.01168
v 0.08927 1.49275 0.00000
v 0.08875 1.49275 -0.01168
v 0.08714 1.49275 -0.02335
v 0.08438 1.49275 -0.03495
v 0.08036 1.49275 -0.04640
v 0.07497 1.49275 -0.05752
v 0.06811 1.49275 -0.06811
v 0.05975 1.49275 -0.07786
v 0.04992 1.49275 -0.08647
v 0.03877 1.49275 -0.09359
v 0.02651 1.49275 -0.09893
v 0.01346 1.49275 -0.10224
v -0.00000 1.48235 -0.10625
v -0.01384 1.48235 -0.10510
v -0.02725 1.48235 -0.10169
v -0.03985 1.48235 -0.09620
v -0.05131 1.48235 -0.08888
v -0.06141 1.48235 -0.08004
v -0.07001 1.48235 -0.07001
v -0.07706 1.48235 -0.05913
v -0.08261 1.48235 -0.04769
v -0.08674 1.48235 -0.03593
v -0.08957 1.48235 -0.02400
v -0.09122 1.48235 -0.01201
v -0.09176 1.48235 0.00000
v -0.09122 1.48235 0.01201
v -0.08957 1.48235 0.02400
v -0.08678 1.48235 0.03594
v -0.08277 1.48235 0.04779
v -0.07732 1.48235 0.05933
v -0.07032 1.48235 0.07032
v -0.06175 1.48235 0.08047
v -0.05164 1.48235 0.08944
v -0.04012 1.48235 0.09686
v -0.02745 1.48235 0.10243
v -0.01394 1.48235 0.10589
v 0.00000 1.48235 0.10706
v 0.01394 1.48235 0.10589
v 0.02745 1.48235 0.10243
v 0.04012 1.48235 0.09686
v 0.05164 1.48235 0.08944
v 0.06175 1.48235 0.08047
v 0.07032 1.48235 0.07032
v 0.07732 1.48235 0.05933
v 0.08277 1.48235 0.04779
v 0.08678 1.48235 0.03594
v 0.08957 1.48235 0.02400
v 0.09122 1.48235 0.01201
v 0.09176 1.48235 0.00000
v 0.09122 1.48235 -0.01201
v 0.08957 1.48235 -0.02400
v 0.08674 1.48235 -0.03593
v 0.08261 1.48235 -0.04769
v 0.07706 1.48235 -0.05913
v 0.07001 1.48235 -0.07001
v 0.06141 1.48235 -0.08004
v 0.05131 1.48235 -0.08888
v 0.03985 1.48235 -0.09620
v 0.02725 1.48235 -0.10169
v 0.01384 1.48235 -0.10510
v -0.00000 1.47171 -0.10833
v -0.01411 1.47171 -0.10715
v -0.02778 1.47171 -0.10368
v -0.04063 1.47171 -0.09808
v -0.05232 1.47171 -0.09062
v -0.06261 1.47171 -0.08160
v -0.07138 1.47171 -0.07138
v -0.07857 1.47171 -0.06029
v -0.08422 1.47171 -0.04862
v -0.08844 1.47171 -0.03663
v -0.09139 1.47171 -0.02449
v -0.09363 1.47171 -0.01233
v -0.09529 1.47171 0.00000
v -0.09452 1.47171 0.01244
v -0.09174 1.47171 0.02458
v -0.08847 1.47171 0.03665
v -0.08422 1.47171 0.04863
v -0.07857 1.47171 0.06029
v -0.07138 1.47171 0.07138
v -0.06261 1.47171 0.08159
v -0.05208 1.47171 0.09020
v -0.03851 1.47171 0.09298
v -0.02493 1.47171 0.09304
v -0.01361 1.47171 0.10335
v 0.00000 1.47171 0.10809
v 0.01361 1.47171 0.10335
v 0.02493 1.47171 0.09304
v 0.03851 1.47171 0.09298
v 0.05208 1.47171 0.09020
v 0.06261 1.47171 0.08159
v 0.07138 1.47171 0.07138
v 0.07857 1.47171 0.06029
v 0.08422 1.47171 0.04863
v 0.08847 1.47171 0.03665
v 0.09174 1.47171 0.02458
v 0.09452 1.47171 0.01244
v 0.09529 1.47171 0.00000
v 0.09363 1.47171 -0.01233
v 0.09139 1.47171 -0.02449
v 0.08844 1.47171 -0.03663
v 0.08422 1.47171 -0.04862
v 0.07857 1.47171 -0.06029
v 0.07138 1.47171 -0.07138
v 0.06261 1.47171 -0.08160
v 0.05232 1.47171 -0.09062
v 0.04063 1.47171 -0.09808
v 0.02778 1.47171 -0.10368
v 0.01411 1.47171 -0.10715
v -0.00000 1.46089 -0.10958
v -0.01427 1.46089 -0.10839
v -0.02810 1.46089 -0.10488
v -0.04110 1.46089 -0.09922
v -0.05292 1.46089 -0.09167
v -0.06334 1.46089 -0.08254
v -0.07220 1.46089 -0.07220
v -0.07948 1.46089 -0.06098
v -0.08519 1.46089 -0.04919
v -0.08947 1.46089 -0.03706
v -0.09286 1.46089 -0.02488
v -0.09836 1.46089 -0.01295
v -0.10653 1.46089 0.00000
v -0.10446 1.46089 0.01375
v -0.09522 1.46089 0.02551
v -0.08970 1.46089 0.03715
v -0.08520 1.46089 0.04919
v -0.07948 1.46089 0.06098
v -0.07220 1.46089 0.07220
v -0.06333 1.46089 0.08254
v -0.05268 1.46089 0.09124
v -0.03896 1.46089 0.09405
v -0.02522 1.46089 0.09414
v -0.01396 1.46089 0.10601
v 0.00000 1.46089 0.11550
v 0.01396 1.46089 0.10601
v 0.02522 1.46089 0.09414
v 0.03896 1.46089 0.09405
v 0.05268 1.46089 0.09124
v 0.06333 1.46089 0.08254
v 0.07220 1.46089 0.07220
v 0.07948 1.46089 0.06098
v 0.08520 1.46089 0.04919
v 0.08970 1.46089 0.03715
v 0.09522 1.46089 0.02551
v 0.10446 1.46089 0.01375
v 0.10653 1.46089 0.00000
v 0.09836 1.46089 -0.01295
v 0.09286 1.46089 -0.02488
v 0.08947 1.46089 -0.03706
v 0.08519 1.46089 -0.04919
v 0.07948 1.46089 -0.06098
v 0.07220 1.46089 -0.07220
v 0.06334 1.46089 -0.08254
v 0.05292 1.46089 -0.09167
v 0.04110 1.46089 -0.09922
v 0.02810 1.46089 -0.10488
v 0.01427 1.46089 -0.10839
v -0.00000 1.45000 -0.11000
v -0.01432 1.45000 -0.10881
v -0.02821 1.45000 -0.10528
v -0.04125 1.45000 -0.09960
v -0.05312 1.45000 -0.09202
v -0.06358 1.45000 -0.08286
v -0.07248 1.45000 -0.07248
v -0.07978 1.45000 -0.06122
v -0.08552 1.45000 -0.04938
v -0.08982 1.45000 -0.03721
v -0.09349 1.45000 -0.02505
v -0.10115 1.45000 -0.01332
v -0.11365 1.45000 0.00000
v -0.11071 1.45000 0.01458
v -0.09718 1.45000 0.02604
v -0.09018 1.45000 0.03735
v -0.08553 1.45000 0.04938
v -0.07987 1.45000 0.06128
v -0.07326 1.45000 0.07326
v -0.06610 1.45000 0.08615
v -0.05600 1.45000 0.09700
v -0.04056 1.45000 0.09793
v -0.02558 1.45000 0.09545
v -0.01440 1.45000 0.10941
v 0.00000 1.45000 0.12815
v 0.01440 1.45000 0.10941
v 0.02558 1.45000 0.09545
v 0.04056 1.45000 0.09793
v 0.05600 1.45000 0.09700
v 0.06610 1.45000 0.08615
v 0.07326 1.45000 0.07326
v 0.07987 1.45000 0.06128
v 0.08553 1.45000 0.04938
v 0.09018 1.45000 0.03735
v 0.09718 1.45000 0.02604
v 0.11071 1.45000 0.01458
v 0.11365 1.45000 0.00000
v 0.10115 1.45000 -0.01332
v 0.09349 1.45000 -0.02505
v 0.08982 1.45000 -0.03721
v 0.08552 1.45000 -0.04938
v 0.07978 1.45000 -0.06122
v 0.07248 1.45000 -0.07248
v 0.06358 1.45000 -0.08286
v 0.05313 1.45000 -0.09202
v 0.04125 1.45000 -0.09960
v 0.02821 1.45000 -0.10528
v 0.01432 1.45000 -0.10881
v -0.00000 1.43911 -0.10958
v -0.01427 1.43911 -0.10839
v -0.02810 1.43911 -0.10488
v -0.04110 1.43911 -0.09922
v -0.05292 1.43911 -0.09167
v -0.06334 1.43911 -0.08254
v -0.07220 1.43911 -0.07220
v -0.07948 1.43911 -0.06098
v -0.08519 1.43911 -0.04919
v -0.08948 1.43911 -0.03707
v -0.09319 1.43911 -0.02497
v -0.10123 1.43911 -0.01333
v -0.11451 1.43911 0.00000
v -0.11142 1.43911 0.01467
v -0.09712 1.43911 0.02602
v -0.08986 1.43911 0.03722
v -0.08521 1.43911 0.04920
v -0.07956 1.43911 0.06105
v -0.07298 1.43911 0.07298
v -0.06586 1.43911 0.08583
v -0.05603 1.43911 0.09705
v -0.04255 1.43911 0.10272
v -0.02837 1.43911 0.10588
v -0.01507 1.43911 0.11447
v 0.00000 1.43911 0.13474
v 0.01507 1.43911 0.11447
v 0.02837 1.43911 0.10588
v 0.04255 1.43911 0.10272
v 0.05603 1.43911 0.09705
v 0.06586 1.43911 0.08583
v 0.07298 1.43911 0.07298
v 0.07956 1.43911 0.06105
v 0.08521 1.43911 0.04920
v 0.08986 1.43911 0.03722
v 0.09712 1.43911 0.02602
v 0.11142 1.43911 0.01467
v 0.11451 1.43911 0.00000
v 0.10123 1.43911 -0.01333
v 0.09319 1.43911 -0.02497
v 0.08948 1.43911 -0.03707
v 0.08519 1.43911 -0.04919
v 0.07948 1.43911 -0.06098
v 0.07220 1.43911 -0.07220
v 0.06334 1.43911 -0.08254
v 0.05292 1.43911 -0.09167
v 0.04110 1.43911 -0.09922
v 0.02810 1.43911 -0.10488
v 0.01427 1.43911 -0.10839
v -0.00000 1.42829 -0.10833
v -0.01411 1.42829 -0.10715
v -0.02778 1.42829 -0.10368
v -0.04063 1.42829 -0.09808
v -0.05232 1.42829 -0.09062
v -0.06261 1.42829 -0.08160
v -0.07138 1.42829 -0.07138
v -0.07857 1.42829 -0.06029
v -0.08422 1.42829 -0.04863
v -0.08846 1.42829 -0.03664
v -0.09194 1.42829 -0.02464
v -0.09848 1.42829 -0.01297
v -0.10879 1.42829 0.00000
v -0.10629 1.42829 0.01399
v -0.09496 1.42829 0.02544
v -0.08875 1.42829 0.03676
v -0.08423 1.42829 0.04863
v -0.07865 1.42829 0.06035
v -0.07214 1.42829 0.07214
v -0.06510 1.42829 0.08484
v -0.05539 1.42829 0.09594
v -0.04206 1.42829 0.10155
v -0.02804 1.42829 0.10466
v -0.01488 1.42829 0.11305
v 0.00000 1.42829 0.13275
v 0.01488 1.42829 0.11305
v 0.02804 1.42829 0.10466
v 0.04206 1.42829 0.10155
v 0.05539 1.42829 0.09594
v 0.06510 1.42829 0.08484
v 0.07214 1.42829 0.07214
v 0.07865 1.42829 0.06035
v 0.08423 1.42829 0.04863
v 0.08875 1.42829 0.03676
v 0.09496 1.42829 0.02544
v 0.10629 1.42829 0.01399
v 0.10879 1.42829 0.00000
v 0.09848 1.42829 -0.01297
v 0.09194 1.42829 -0.02464
v 0.08846 1.42829 -0.03664
v 0.08422 1.42829 -0.04863
v 0.07857 1.42829 -0.06029
v 0.07138 1.42829 -0.07138
v 0.06261 1.42829 -0.08160
v 0.05232 1.42829 -0.09062
v 0.04063 1.42829 -0.09808
v 0.02778 1.42829 -0.10368
v 0.01411 1.42829 -0.10715
v -0.00000 1.41765 -0.10625
v -0.01384 1.41765 -0.10510
v -0.02725 1.41765 -0.10169
v -0.03985 1.41765 -0.09620
v -0.05131 1.41765 -0.08888
v -0.06141 1.41765 -0.08004
v -0.07001 1.41765 -0.07001
v -0.07706 1.41765 -0.05913
v -0.08261 1.41765 -0.04769
v -0.08675 1.41765 -0.03593
v -0.08983 1.41765 -0.02407
v -0.09348 1.41765 -0.01231
v -0.09803 1.41765 0.00000
v -0.09669 1.41765 0.01273
v -0.09107 1.41765 0.02440
v -0.08687 1.41765 0.03598
v -0.08261 1.41765 0.04770
v -0.07715 1.41765 0.05920
v -0.07076 1.41765 0.07076
v -0.06386 1.41765 0.08322
v -0.05433 1.41765 0.09410
v -0.04126 1.41765 0.09960
v -0.02750 1.41765 0.10263
v -0.01437 1.41765 0.10913
v 0.00000 1.41765 0.12281
v 0.01437 1.41765 0.10913
v 0.02750 1.41765 0.10263
v 0.04126 1.41765 0.09960
v 0.05433 1.41765 0.09410
v 0.06386 1.41765 0.08322
v 0.07076 1.41765 0.07076
v 0.07715 1.41765 0.05920
v 0.08261 1.41765 0.04770
v 0.08687 1.41765 0.03598
v 0.09107 1.41765 0.02440
v 0.09669 1.41765 0.01273
v 0.09803 1.41765 0.00000
v 0.09348 1.41765 -0.01231
v 0.08983 1.41765 -0.02407
v 0.08675 1.41765 -0.03593
v 0.08261 1.41765 -0.04769
v 0.07706 1.41765 -0.05913
v 0.07001 1.41765 -0.07001
v 0.06141 1.41765 -0.08004
v 0.05131 1.41765 -0.08888
v 0.03985 1.41765 -0.09620
v 0.02725 1.41765 -0.10169
v 0.01384 1.41765 -0.10510
v -0.00000 1.40725 -0.10337
v -0.01346 1.40725 -0.10224
v -0.02651 1.40725 -0.09893
v -0.03877 1.40725 -0.09359
v -0.04992 1.40725 -0.08647
v -0.05975 1.40725 -0.07786
v -0.06811 1.40725 -0.06811
v -0.07497 1.40725 -0.05752
v -0.08036 1.40725 -0.04640
v -0.08438 1.40725 -0.03495
v -0.08714 1.40725 -0.02335
v -0.08875 1.40725 -0.01168
v -0.08927 1.40725 0.00000
v -0.08875 1.40725 0.01168
v -0.08714 1.40725 0.02335
v -0.08438 1.40725 0.03495
v -0.08037 1.40725 0.04640
v -0.07505 1.40725 0.05759
v -0.06884 1.40725 0.06884
v -0.06212 1.40725 0.08096
v -0.05285 1.40725 0.09155
v -0.04013 1.40725 0.09689
v -0.02674 1.40725 0.09981
v -0.01361 1.40725 0.10334
v 0.00000 1.40725 0.10761
v 0.01361 1.40725 0.10334
v 0.02674 1.40725 0.09981
v 0.04013 1.40725 0.09689
v 0.05285 1.40725 0.09155
v 0.06212 1.40725 0.08096
v 0.06884 1.40725 0.06884
v 0.07505 1.40725 0.05759
v 0.08037 1.40725 0.04640
v 0.08438 1.40725 0.03495
v 0.08714 1.40725 0.02335
v 0.08875 1.40725 0.01168
v 0.08927 1.40725 0.00000
v 0.08875 1.40725 -0.01168
v 0.08714 1.40725 -0.02335
v 0.08438 1.40725 -0.03495
v 0.08036 1.40725 -0.04640
v 0.07497 1.40725 -0.05752
v 0.06811 1.40725 -0.06811
v 0.05975 1.40725 -0.07786
v 0.04992 1.40725 -0.08647
v 0.03877 1.40725 -0.09359
v 0.02651 1.40725 -0.09893
v 0.01346 1.40725 -0.10224
v -0.00000 1.39717 -0.09969
v -0.01298 1.39717 -0.09861
v -0.02557 1.39717 -0.09542
v -0.03739 1.39717 -0.09027
v -0.04815 1.39717 -0.08339
v -0.05762 1.39717 -0.07510
v -0.06569 1.39717 -0.06569
v -0.07230 1.39717 -0.05548
v -0.07751 1.39717 -0.04475
v -0.08138 1.39717 -0.03371
v -0.08405 1.39717 -0.02252
v -0.08559 1.39717 -0.01127
v -0.08610 1.39717 0.00000
v -0.08559 1.39717 0.01127
v -0.08405 1.39717 0.02252
v -0.08138 1.39717 0.03371
v -0.07751 1.39717 0.04475
v -0.07238 1.39717 0.05554
v -0.06639 1.39717 0.06639
v -0.05991 1.39717 0.07808
v -0.05098 1.39717 0.08829
v -0.03871 1.39717 0.09346
v -0.02590 1.39717 0.09667
v -0.01344 1.39717 0.10210
v 0.00000 1.39717 0.10651
v 0.01344 1.39717 0.10210
v 0.02590 1.39717 0.09667
v 0.03871 1.39717 0.09346
v 0.05098 1.39717 0.08829
v 0.05991 1.39717 0.07808
v 0.06639 1.39717 0.06639
v 0.07238 1.39717 0.05554
v 0.07751 1.39717 0.04475
v 0.08138 1.39717 0.03371
v 0.08405 1.39717 0.02252
v 0.08559 1.39717 0.01127
v 0.08610 1.39717 0.00000
v 0.08559 1.39717 -0.01127
v 0.08405 1.39717 -0.02252
v 0.08138 1.39717 -0.03371
v 0.07751 1.39717 -0.04475
v 0.07230 1.39717 -0.05548
v 0.06569 1.39717 -0.06569
v 0.05762 1.39717 -0.07510
v 0.04815 1.39717 -0.08339
v 0.03739 1.39717 -0.09027
v 0.02557 1.39717 -0.09542
v 0.01298 1.39717 -0.09861
v -0.00000 1.38750 -0.09526
v -0.01241 1.38750 -0.09423
v -0.02443 1.38750 -0.09118
v -0.03573 1.38750 -0.08625
v -0.04601 1.38750 -0.07969
v -0.05506 1.38750 -0.07176
v -0.06277 1.38750 -0.06277
v -0.06909 1.38750 -0.05301
v -0.07406 1.38750 -0.04276
v -0.07777 1.38750 -0.03221
v -0.08031 1.38750 -0.02152
v -0.08179 1.38750 -0.01077
v -0.08227 1.38750 0.00000
v -0.08179 1.38750 0.01077
v -0.08031 1.38750 0.02152
v -0.07777 1.38750 0.03221
v -0.07406 1.38750 0.04276
v -0.06909 1.38750 0.05301
v -0.06277 1.38750 0.06277
v -0.05506 1.38750 0.07176
v -0.04601 1.38750 0.07969
v -0.03573 1.38750 0.08626
v -0.02451 1.38750 0.09149
v -0.01273 1.38750 0.09673
v 0.00000 1.38750 0.10027
v 0.01273 1.38750 0.09673
v 0.02451 1.38750 0.09149
v 0.03573 1.38750 0.08626
v 0.04601 1.38750 0.07969
v 0.05506 1.38750 0.07176
v 0.06277 1.38750 0.06277
v 0.06909 1.38750 0.05301
v 0.07406 1.38750 0.04276
v 0.07777 1.38750 0.03221
v 0.08031 1.38750 0.02152
v 0.08179 1.38750 0.01077
v 0.08227 1.38750 0.00000
v 0.08179 1.38750 -0.01077
v 0.08031 1.38750 -0.02152
v 0.07777 1.38750 -0.03221
v 0.07406 1.38750 -0.04276
v 0.06909 1.38750 -0.05301
v 0.06277 1.38750 -0.06277
v 0.05506 1.38750 -0.07176
v 0.04601 1.38750 -0.07969
v 0.03573 1.38750 -0.08625
v 0.02443 1.38750 -0.09118
v 0.01241 1.38750 -0.09423
v -0.00000 1.37830 -0.09011
v -0.01173 1.37830 -0.08913
v -0.02311 1.37830 -0.08624
v -0.03379 1.37830 -0.08159
v -0.04352 1.37830 -0.07537
v -0.05208 1.37830 -0.06787
v -0.05937 1.37830 -0.05937
v -0.06535 1.37830 -0.05015
v -0.07005 1.37830 -0.04045
v -0.07356 1.37830 -0.03047
v -0.07596 1.37830 -0.02035
v -0.07736 1.37830 -0.01018
v -0.07782 1.37830 0.00000
v -0.07736 1.37830 0.01018
v -0.07596 1.37830 0.02035
v -0.07356 1.37830 0.03047
v -0.07005 1.37830 0.04045
v -0.06535 1.37830 0.05015
v -0.05937 1.37830 0.05937
v -0.05208 1.37830 0.06787
v -0.04352 1.37830 0.07537
v -0.03380 1.37830 0.08161
v -0.02323 1.37830 0.08670
v -0.01212 1.37830 0.09205
v 0.00000 1.37830 0.09555
v 0.01212 1.37830 0.09205
v 0.02323 1.37830 0.08670
v 0.03380 1.37830 0.08161
v 0.04352 1.37830 0.07537
v 0.05208 1.37830 0.06787
v 0.05937 1.37830 0.05937
v 0.06535 1.37830 0.05015
v 0.07005 1.37830 0.04045
v 0.07356 1.37830 0.03047
v 0.07596 1.37830 0.02035
v 0.07736 1.37830 0.01018
v 0.07782 1.37830 0.00000
v 0.07736 1.37830 -0.01018
v 0.07596 1.37830 -0.02035
v 0.07356 1.37830 -0.03047
v 0.07005 1.37830 -0.04045
v 0.06535 1.37830 -0.05015
v 0.05937 1.37830 -0.05937
v 0.05208 1.37830 -0.06787
v 0.04352 1.37830 -0.07537
v 0.03379 1.37830 -0.08159
v 0.02311 1.37830 -0.08624
v 0.01173 1.37830 -0.08913
v -0.00000 1.36965 -0.08426
v -0.01097 1.36965 -0.08335
v -0.02161 1.36965 -0.08065
v -0.03160 1.36965 -0.07630
v -0.04070 1.36965 -0.07049
v -0.04870 1.36965 -0.06347
v -0.05552 1.36965 -0.05552
v -0.06111 1.36965 -0.04689
v -0.06551 1.36965 -0.03782
v -0.06879 1.36965 -0.02849
v -0.07104 1.36965 -0.01903
v -0.07235 1.36965 -0.00952
v -0.07277 1.36965 0.00000
v -0.07235 1.36965 0.00952
v -0.07104 1.36965 0.01903
v -0.06879 1.36965 0.02849
v -0.06551 1.36965 0.03782
v -0.06111 1.36965 0.04689
v -0.05552 1.36965 0.05552
v -0.04870 1.36965 0.06347
v -0.04070 1.36965 0.07049
v -0.03162 1.36965 0.07633
v -0.02179 1.36965 0.08132
v -0.01154 1.36965 0.08764
v 0.00000 1.36965 0.09225
v 0.01154 1.36965 0.08764
v 0.02179 1.36965 0.08132
v 0.03162 1.36965 0.07633
v 0.04070 1.36965 0.07049
v 0.04870 1.36965 0.06347
v 0.05552 1.36965 0.05552
v 0.06111 1.36965 0.04689
v 0.06551 1.36965 0.03782
v 0.06879 1.36965 0.02849
v 0.07104 1.36965 0.01903
v 0.07235 1.36965 0.00952
v 0.07277 1.36965 0.00000
v 0.07235 1.36965 -0.00952
v 0.07104 1.36965 -0.01903
v 0.06879 1.36965 -0.02849
v 0.06551 1.36965 -0.03782
v 0.06111 1.36965 -0.04689
v 0.05552 1.36965 -0.05552
v 0.04870 1.36965 -0.06347
v 0.04070 1.36965 -0.07049
v 0.03160 1.36965 -0.07630
v 0.02161 1.36965 -0.08065
v 0.01097 1.36965 -0.08335
v -0.00000 1.36161 -0.07778
v -0.01013 1.36161 -0.07694
v -0.01995 1.36161 -0.07445
v -0.02917 1.36161 -0.07043
v -0.03757 1.36161 -0.06506
v -0.04496 1.36161 -0.05859
v -0.05125 1.36161 -0.05125
v -0.05641 1.36161 -0.04329
v -0.06047 1.36161 -0.03491
v -0.06350 1.36161 -0.02630
v -0.06557 1.36161 -0.01757
v -0.06678 1.36161 -0.00879
v -0.06718 1.36161 0.00000
v -0.06678 1.36161 0.00879
v -0.06557 1.36161 0.01757
v -0.06350 1.36161 0.02630
v -0.06047 1.36161 0.03491
v -0.05641 1.36161 0.04329
v -0.05125 1.36161 0.05125
v -0.04496 1.36161 0.05859
v -0.03757 1.36161 0.06506
v -0.02917 1.36161 0.07043
v -0.01995 1.36161 0.07445
v -0.01013 1.36161 0.07694
v 0.00000 1.36161 0.07778
v 0.01013 1.36161 0.07694
v 0.01995 1.36161 0.07445
v 0.02917 1.36161 0.07043
v 0.03757 1.36161 0.06506
v 0.04496 1.36161 0.05859
v 0.05125 1.36161 0.05125
v 0.05641 1.36161 0.04329
v 0.06047 1.36161 0.03491
v 0.06350 1.36161 0.02630
v 0.06557 1.36161 0.01757
v 0.06678 1.36161 0.00879
v 0.06718 1.36161 0.00000
v 0.06678 1.36161 -0.00879
v 0.06557 1.36161 -0.01757
v 0.06350 1.36161 -0.02630
v 0.06047 1.36161 -0.03491
v 0.05641 1.36161 -0.04329
v 0.05125 1.36161 -0.05125
v 0.04496 1.36161 -0.05859
v 0.03757 1.36161 -0.06506
v 0.02917 1.36161 -0.07043
v 0.01995 1.36161 -0.07445
v 0.01013 1.36161 -0.07694
v -0.00000 1.35424 -0.07071
v -0.00921 1.35424 -0.06994
v -0.01813 1.35424 -0.06767
v -0.02652 1.35424 -0.06402
v -0.03415 1.35424 -0.05915
v -0.04087 1.35424 -0.05326
v -0.04659 1.35424 -0.04659
v -0.05128 1.35424 -0.03935
v -0.05497 1.35424 -0.03174
v -0.05772 1.35424 -0.02391
v -0.05961 1.35424 -0.01597
v -0.06071 1.35424 -0.00799
v -0.06106 1.35424 0.00000
v -0.06071 1.35424 0.00799
v -0.05961 1.35424 0.01597
v -0.05772 1.35424 0.02391
v -0.05497 1.35424 0.03174
v -0.05128 1.35424 0.03935
v -0.04659 1.35424 0.04659
v -0.04087 1.35424 0.05326
v -0.03415 1.35424 0.05915
v -0.02654 1.35424 0.06408
v -0.01827 1.35424 0.06818
v -0.00945 1.35424 0.07181
v 0.00000 1.35424 0.07361
v 0.00945 1.35424 0.07181
v 0.01827 1.35424 0.06818
v 0.02654 1.35424 0.06408
v 0.03415 1.35424 0.05915
v 0.04087 1.35424 0.05326
v 0.04659 1.35424 0.04659
v 0.05128 1.35424 0.03935
v 0.05497 1.35424 0.03174
v 0.05772 1.35424 0.02391
v 0.05961 1.35424 0.01597
v 0.06071 1.35424 0.00799
v 0.06106 1.35424 0.00000
v 0.06071 1.35424 -0.00799
v 0.05961 1.35424 -0.01597
v 0.05772 1.35424 -0.02391
v 0.05497 1.35424 -0.03174
v 0.05128 1.35424 -0.03935
v 0.04659 1.35424 -0.04659
v 0.04087 1.35424 -0.05326
v 0.03415 1.35424 -0.05915
v 0.02652 1.35424 -0.06402
v 0.01813 1.35424 -0.06767
v 0.00921 1.35424 -0.06994
v -0.00000 1.34761 -0.06309
v -0.00822 1.34761 -0.06241
v -0.01618 1.34761 -0.06039
v -0.02366 1.34761 -0.05713
v -0.03047 1.34761 -0.05278
v -0.03647 1.34761 -0.04753
v -0.04157 1.34761 -0.04157
v -0.04576 1.34761 -0.03511
v -0.04905 1.34761 -0.02832
v -0.05151 1.34761 -0.02133
v -0.05319 1.34761 -0.01425
v -0.05417 1.34761 -0.00713
v -0.05449 1.34761 0.00000
v -0.05417 1.34761 0.00713
v -0.05319 1.34761 0.01425
v -0.05151 1.34761 0.02133
v -0.04905 1.34761 0.02832
v -0.04576 1.34761 0.03511
v -0.04157 1.34761 0.04157
v -0.03647 1.34761 0.04753
v -0.03048 1.34761 0.05279
v -0.02373 1.34761 0.05729
v -0.01658 1.34761 0.06186
v -0.00894 1.34761 0.06788
v 0.00000 1.34761 0.07157
v 0.00894 1.34761 0.06788
v 0.01658 1.34761 0.06186
v 0.02373 1.34761 0.05729
v 0.03048 1.34761 0.05279
v 0.03647 1.34761 0.04753
v 0.04157 1.34761 0.04157
v 0.04576 1.34761 0.03511
v 0.04905 1.34761 0.02832
v 0.05151 1.34761 0.02133
v 0.05319 1.34761 0.01425
v 0.05417 1.34761 0.00713
v 0.05449 1.34761 0.00000
v 0.05417 1.34761 -0.00713
v 0.05319 1.34761 -0.01425
v 0.05151 1.34761 -0.02133
v 0.04905 1.34761 -0.02832
v 0.04576 1.34761 -0.03511
v 0.04157 1.34761 -0.04157
v 0.03647 1.34761 -0.04753
v 0.03047 1.34761 -0.05278
v 0.02366 1.34761 -0.05713
v 0.01618 1.34761 -0.06039
v 0.00822 1.34761 -0.06241
v -0.00000 1.34175 -0.05500
v -0.00716 1.34175 -0.05440
v -0.01411 1.34175 -0.05264
v -0.02063 1.34175 -0.04980
v -0.02656 1.34175 -0.04601
v -0.03179 1.34175 -0.04143
v -0.03624 1.34175 -0.03624
v -0.03989 1.34175 -0.03061
v -0.04276 1.34175 -0.02469
v -0.04490 1.34175 -0.01860
v -0.04637 1.34175 -0.01242
v -0.04722 1.34175 -0.00622
v -0.04750 1.34175 0.00000
v -0.04722 1.34175 0.00622
v -0.04637 1.34175 0.01242
v -0.04490 1.34175 0.01860
v -0.04276 1.34175 0.02469
v -0.03989 1.34175 0.03061
v -0.03624 1.34175 0.03624
v -0.03179 1.34175 0.04143
v -0.02656 1.34175 0.04601
v -0.02066 1.34175 0.04989
v -0.01432 1.34175 0.05344
v -0.00755 1.34175 0.05735
v 0.00000 1.34175 0.05957
v 0.00755 1.34175 0.05735
v 0.01432 1.34175 0.05344
v 0.02066 1.34175 0.04989
v 0.02656 1.34175 0.04601
v 0.03179 1.34175 0.04143
v 0.03624 1.34175 0.03624
v 0.03989 1.34175 0.03061
v 0.04276 1.34175 0.02469
v 0.04490 1.34175 0.01860
v 0.04637 1.34175 0.01242
v 0.04722 1.34175 0.00622
v 0.04750 1.34175 0.00000
v 0.04722 1.34175 -0.00622
v 0.04637 1.34175 -0.01242
v 0.04490 1.34175 -0.01860
v 0.04276 1.34175 -0.02469
v 0.03989 1.34175 -0.03061
v 0.03624 1.34175 -0.03624
v 0.03179 1.34175 -0.04143
v 0.02656 1.34175 -0.04601
v 0.02063 1.34175 -0.04980
v 0.01411 1.34175 -0.05264
v 0.00716 1.34175 -0.05440
v -0.00000 1.33671 -0.04528
v -0.00590 1.33671 -0.04479
v -0.01161 1.33671 -0.04334
v -0.01698 1.33671 -0.04100
v -0.02187 1.33671 -0.03788
v -0.02617 1.33671 -0.03411
v -0.02984 1.33671 -0.02984
v -0.03284 1.33671 -0.02520
v -0.03521 1.33671 -0.02033
v -0.03697 1.33671 -0.01531
v -0.03817 1.33671 -0.01023
v -0.03888 1.33671 -0.00512
v -0.03911 1.33671 0.00000
v -0.03888 1.33671 0.00512
v -0.03817 1.33671 0.01023
v -0.03697 1.33671 0.01531
v -0.03521 1.33671 0.02033
v -0.03284 1.33671 0.02520
v -0.02984 1.33671 0.02984
v -0.02617 1.33671 0.03411
v -0.02187 1.33671 0.03788
v -0.01698 1.33671 0.04100
v -0.01161 1.33671 0.04334
v -0.00590 1.33671 0.04479
v 0.00000 1.33671 0.04528
v 0.00590 1.33671 0.04479
v 0.01161 1.33671 0.04334
v 0.01698 1.33671 0.04100
v 0.02187 1.33671 0.03788
v 0.02617 1.33671 0.03411
v 0.02984 1.33671 0.02984
v 0.03284 1.33671 0.02520
v 0.03521 1.33671 0.02033
v 0.03697 1.33671 0.01531
v 0.03817 1.33671 0.01023
v 0.03888 1.33671 0.00512
v 0.03911 1.33671 0.00000
v 0.03888 1.33671 -0.00512
v 0.03817 1.33671 -0.01023
v 0.03697 1.33671 -0.01531
v 0.03521 1.33671 -0.02033
v 0.03284 1.33671 -0.02520
v 0.02984 1.33671 -0.02984
v 0.02617 1.33671 -0.03411
v 0.02187 1.33671 -0.03788
v 0.01698 1.33671 -0.04100
v 0.01161 1.33671 -0.04334
v 0.00590 1.33671 -0.04479
v -0.00000 1.33254 -0.03421
v -0.00445 1.33254 -0.03384
v -0.00877 1.33254 -0.03274
v -0.01283 1.33254 -0.03097
v -0.01652 1.33254 -0.02862
v -0.01977 1.33254 -0.02577
v -0.02254 1.33254 -0.02254
v -0.02481 1.33254 -0.01904
v -0.02660 1.33254 -0.01535
v -0.02793 1.33254 -0.01157
v -0.02884 1.33254 -0.00773
v -0.02937 1.33254 -0.00387
v -0.02954 1.33254 0.00000
v -0.02937 1.33254 0.00387
v -0.02884 1.33254 0.00773
v -0.02793 1.33254 0.01157
v -0.02660 1.33254 0.01535
v -0.02481 1.33254 0.01904
v -0.02254 1.33254 0.02254
v -0.01977 1.33254 0.02577
v -0.01652 1.33254 0.02862
v -0.01283 1.33254 0.03097
v -0.00877 1.33254 0.03274
v -0.00445 1.33254 0.03384
v 0.00000 1.33254 0.03421
v 0.00445 1.33254 0.03384
v 0.00877 1.33254 0.03274
v 0.01283 1.33254 0.03097
v 0.01652 1.33254 0.02862
v 0.01977 1.33254 0.02577
v 0.02254 1.33254 0.02254
v 0.02481 1.33254 0.01904
v 0.02660 1.33254 0.01535
v 0.02793 1.33254 0.01157
v 0.02884 1.33254 0.00773
v 0.02937 1.33254 0.00387
v 0.02954 1.33254 0.00000
v 0.02937 1.33254 -0.00387
v 0.02884 1.33254 -0.00773
v 0.02793 1.33254 -0.01157
v 0.02660 1.33254 -0.01535
v 0.02481 1.33254 -0.01904
v 0.02254 1.33254 -0.02254
v 0.01977 1.33254 -0.02577
v 0.01652 1.33254 -0.02862
v 0.01283 1.33254 -0.03097
v 0.00877 1.33254 -0.03274
v 0.00445 1.33254 -0.03384
v -0.00000 1.32926 -0.02404
v -0.00313 1.32926 -0.02378
v -0.00617 1.32926 -0.02301
v -0.00902 1.32926 -0.02177
v -0.01161 1.32926 -0.02011
v -0.01390 1.32926 -0.01811
v -0.01584 1.32926 -0.01584
v -0.01744 1.32926 -0.01338
v -0.01869 1.32926 -0.01079
v -0.01963 1.32926 -0.00813
v -0.02027 1.32926 -0.00543
v -0.02064 1.32926 -0.00272
v -0.02076 1.32926 0.00000
v -0.02064 1.32926 0.00272
v -0.02027 1.32926 0.00543
v -0.01963 1.32926 0.00813
v -0.01869 1.32926 0.01079
v -0.01744 1.32926 0.01338
v -0.01584 1.32926 0.01584
v -0.01390 1.32926 0.01811
v -0.01161 1.32926 0.02011
v -0.00902 1.32926 0.02177
v -0.00617 1.32926 0.02301
v -0.00313 1.32926 0.02378
v 0.00000 1.32926 0.02404
v 0.00313 1.32926 0.02378
v 0.00617 1.32926 0.02301
v 0.00902 1.32926 0.02177
v 0.01161 1.32926 0.02011
v 0.01390 1.32926 0.01811
v 0.01584 1.32926 0.01584
v 0.01744 1.32926 0.01338
v 0.01869 1.32926 0.01079
v 0.01963 1.32926 0.00813
v 0.02027 1.32926 0.00543
v 0.02064 1.32926 0.00272
v 0.02076 1.32926 0.00000
v 0.02064 1.32926 -0.00272
v 0.02027 1.32926 -0.00543
v 0.01963 1.32926 -0.00813
v 0.01869 1.32926 -0.01079
v 0.01744 1.32926 -0.01338
v 0.01584 1.32926 -0.01584
v 0.01390 1.32926 -0.01811
v 0.01161 1.32926 -0.02011
v 0.00902 1.32926 -0.02177
v 0.00617 1.32926 -0.02301
v 0.00313 1.32926 -0.02378
v -0.00000 1.32690 -0.01489
v -0.00194 1.32690 -0.01473
v -0.00382 1.32690 -0.01425
v -0.00559 1.32690 -0.01348
v -0.00719 1.32690 -0.01246
v -0.00861 1.32690 -0.01122
v -0.00981 1.32690 -0.00981
v -0.01080 1.32690 -0.00829
v -0.01158 1.32690 -0.00668
v -0.01216 1.32690 -0.00504
v -0.01255 1.32690 -0.00336
v -0.01279 1.32690 -0.00168
v -0.01286 1.32690 0.00000
v -0.01279 1.32690 0.00168
v -0.01255 1.32690 0.00336
v -0.01216 1.32690 0.00504
v -0.01158 1.32690 0.00668
v -0.01080 1.32690 0.00829
v -0.00981 1.32690 0.00981
v -0.00861 1.32690 0.01122
v -0.00719 1.32690 0.01246
v -0.00559 1.32690 0.01348
v -0.00382 1.32690 0.01425
v -0.00194 1.32690 0.01473
v 0.00000 1.32690 0.01489
v 0.00194 1.32690 0.01473
v 0.00382 1.32690 0.01425
v 0.00559 1.32690 0.01348
v 0.00719 1.32690 0.01246
v 0.00861 1.32690 0.01122
v 0.00981 1.32690 0.00981
v 0.01080 1.32690 0.00829
v 0.01158 1.32690 0.00668
v 0.01216 1.32690 0.00504
v 0.01255 1.32690 0.00336
v 0.01279 1.32690 0.00168
v 0.01286 1.32690 0.00000
v 0.01279 1.32690 -0.00168
v 0.01255 1.32690 -0.00336
v 0.01216 1.32690 -0.00504
v 0.01158 1.32690 -0.00668
v 0.01080 1.32690 -0.00829
v 0.00981 1.32690 -0.00981
v 0.00861 1.32690 -0.01122
v 0.00719 1.32690 -0.01246
v 0.00559 1.32690 -0.01348
v 0.00382 1.32690 -0.01425
v 0.00194 1.32690 -0.01473
v -0.00000 1.32548 -0.00685
v -0.00089 1.32548 -0.00678
v -0.00176 1.32548 -0.00656
v -0.00257 1.32548 -0.00620
v -0.00331 1.32548 -0.00573
v -0.00396 1.32548 -0.00516
v -0.00452 1.32548 -0.00452
v -0.00497 1.32548 -0.00381
v -0.00533 1.32548 -0.00308
v -0.00559 1.32548 -0.00232
v -0.00578 1.32548 -0.00155
v -0.00588 1.32548 -0.00077
v -0.00592 1.32548 0.00000
v -0.00588 1.32548 0.00077
v -0.00578 1.32548 0.00155
v -0.00559 1.32548 0.00232
v -0.00533 1.32548 0.00308
v -0.00497 1.32548 0.00381
v -0.00452 1.32548 0.00452
v -0.00396 1.32548 0.00516
v -0.00331 1.32548 0.00573
v -0.00257 1.32548 0.00620
v -0.00176 1.32548 0.00656
v -0.00089 1.32548 0.00678
v 0.00000 1.32548 0.00685
v 0.00089 1.32548 0.00678
v 0.00176 1.32548 0.00656
v 0.00257 1.32548 0.00620
v 0.00331 1.32548 0.00573
v 0.00396 1.32548 0.00516
v 0.00452 1.32548 0.00452
v 0.00497 1.32548 0.00381
v 0.00533 1.32548 0.00308
v 0.00559 1.32548 0.00232
v 0.00578 1.32548 0.00155
v 0.00588 1.32548 0.00077
v 0.00592 1.32548 0.00000
v 0.00588 1.32548 -0.00077
v 0.00578 1.32548 -0.00155
v 0.00559 1.32548 -0.00232
v 0.00533 1.32548 -0.00308
v 0.00497 1.32548 -0.00381
v 0.00452 1.32548 -0.00452
v 0.00396 1.32548 -0.00516
v 0.00331 1.32548 -0.00573
v 0.00257 1.32548 -0.00620
v 0.00176 1.32548 -0.00656
v 0.00089 1.32548 -0.00678
v -0.00000 1.32500 -0.00000
v -0.00000 1.32500 -0.00000
v -0.00000 1.32500 -0.00000
v -0.00000 1.32500 -0.00000
v -0.00000 1.32500 -0.00000
v -0.00000 1.32500 -0.00000
v -0.00000 1.32500 -0.00000
v -0.00000 1.32500 -0.00000
v -0.00000 1.32500 -0.00000
v -0.00000 1.32500 -0.00000
v -0.00000 1.32500 -0.00000
v -0.00000 1.32500 -0.00000
v -0.00000 1.32500 0.00000
v -0.00000 1.32500 0.00000
v -0.00000 1.32500 0.00000
v -0.00000 1.32500 0.00000
v -0.00000 1.32500 0.00000
v -0.00000 1.32500 0.00000
v -0.00000 1.32500 0.00000
v -0.00000 1.32500 0.00000
v -0.00000 1.32500 0.00000
v -0.00000 1.32500 0.00000
v -0.00000 1.32500 0.00000
v -0.00000 1.32500 0.00000
v 0.00000 1.32500 0.00000
v 0.00000 1.32500 0.00000
v 0.00000 1.32500 0.00000
v 0.00000 1.32500 0.00000
v 0.00000 1.32500 0.00000
v 0.00000 1.32500 0.00000
v 0.00000 1.32500 0.00000
v 0.00000 1.32500 0.00000
v 0.00000 1.32500 0.00000
v 0.00000 1.32500 0.00000
v 0.00000 1.32500 0.00000
v 0.00000 1.32500 0.00000
v 0.00000 1.32500 0.00000
v 0.00000 1.32500 -0.00000
v 0.00000 1.32500 -0.00000
v 0.00000 1.32500 -0.00000
v 0.00000 1.32500 -0.00000
v 0.00000 1.32500 -0.00000
v 0.00000 1.32500 -0.00000
v 0.00000 1.32500 -0.00000
v 0.00000 1.32500 -0.00000
v 0.00000 1.32500 -0.00000
v 0.00000 1.32500 -0.00000
v 0.00000 1.32500 -0.00000
v -0.03200 1.49050 0.07600
v -0.03200 1.49050 0.07600
v -0.03200 1.49050 0.07600
v -0.03200 1.49050 0.07600
v -0.03200 1.49050 0.07600
v -0.03200 1.49050 0.07600
v -0.03200 1.49050 0.07600
v -0.03200 1.49050 0.07600
v -0.03200 1.49050 0.07600
v -0.03200 1.49050 0.07600
v -0.03200 1.49050 0.07600
v -0.03200 1.49050 0.07600
v -0.03200 1.49050 0.07600
v -0.03200 1.49050 0.07600
v -0.03200 1.49050 0.07600
v -0.03200 1.49050 0.07600
v -0.02876 1.49007 0.07600
v -0.02901 1.49007 0.07724
v -0.02971 1.49007 0.07829
v -0.03076 1.49007 0.07899
v -0.03200 1.49007 0.07924
v -0.03324 1.49007 0.07899
v -0.03429 1.49007 0.07829
v -0.03499 1.49007 0.07724
v -0.03524 1.49007 0.07600
v -0.03499 1.49007 0.07476
v -0.03429 1.49007 0.07371
v -0.03324 1.49007 0.07301
v -0.03200 1.49007 0.07276
v -0.03076 1.49007 0.07301
v -0.02971 1.49007 0.07371
v -0.02901 1.49007 0.07476
v -0.02575 1.48883 0.07600
v -0.02623 1.48883 0.07839
v -0.02758 1.48883 0.08042
v -0.02961 1.48883 0.08177
v -0.03200 1.48883 0.08225
v -0.03439 1.48883 0.08177
v -0.03642 1.48883 0.08042
v -0.03777 1.48883 0.07839
v -0.03825 1.48883 0.07600
v -0.03777 1.48883 0.07361
v -0.03642 1.48883 0.07158
v -0.03439 1.48883 0.07023
v -0.03200 1.48883 0.06975
v -0.02961 1.48883 0.07023
v -0.02758 1.48883 0.07158
v -0.02623 1.48883 0.07361
v -0.02316 1.48684 0.07600
v -0.02383 1.48684 0.07938
v -0.02575 1.48684 0.08225
v -0.02862 1.48684 0.08417
v -0.03200 1.48684 0.08484
v -0.03538 1.48684 0.08417
v -0.03825 1.48684 0.08225
v -0.04017 1.48684 0.07938
v -0.04084 1.48684 0.07600
v -0.04017 1.48684 0.07262
v -0.03825 1.48684 0.06975
v -0.03538 1.48684 0.06783
v -0.03200 1.48684 0.06716
v -0.02862 1.48684 0.06783
v -0.02575 1.48684 0.06975
v -0.02383 1.48684 0.07262
v -0.02117 1.48425 0.07600
v -0.02200 1.48425 0.08014
v -0.02435 1.48425 0.08365
v -0.02786 1.48425 0.08600
v -0.03200 1.48425 0.08683
v -0.03614 1.48425 0.08600
v -0.03965 1.48425 0.08365
v -0.04200 1.48425 0.08014
v -0.04283 1.48425 0.07600
v -0.04200 1.48425 0.07186
v -0.03965 1.48425 0.06835
v -0.03614 1.48425 0.06600
v -0.03200 1.48425 0.06517
v -0.02786 1.48425 0.06600
v -0.02435 1.48425 0.06835
v -0.02200 1.48425 0.07186
v -0.01993 1.48124 0.07600
v -0.02085 1.48124 0.08062
v -0.02346 1.48124 0.08454
v -0.02738 1.48124 0.08715
v -0.03200 1.48124 0.08807
v -0.03662 1.48124 0.08715
v -0.04054 1.48124 0.08454
v -0.04315 1.48124 0.08062
v -0.04407 1.48124 0.07600
v -0.04315 1.48124 0.07138
v -0.04054 1.48124 0.06746
v -0.03662 1.48124 0.06485
v -0.03200 1.48124 0.06393
v -0.02738 1.48124 0.06485
v -0.02346 1.48124 0.06746
v -0.02085 1.48124 0.07138
v -0.01950 1.47800 0.07600
v -0.02045 1.47800 0.08078
v -0.02316 1.47800 0.08484
v -0.02722 1.47800 0.08755
v -0.03200 1.47800 0.08850
v -0.03678 1.47800 0.08755
v -0.04084 1.47800 0.08484
v -0.04355 1.47800 0.08078
v -0.04450 1.47800 0.07600
v -0.04355 1.47800 0.07122
v -0.04084 1.47800 0.06716
v -0.03678 1.47800 0.06445
v -0.03200 1.47800 0.06350
v -0.02722 1.47800 0.06445
v -0.02316 1.47800 0.06716
v -0.02045 1.47800 0.07122
v -0.01993 1.47476 0.07600
v -0.02085 1.47476 0.08062
v -0.02346 1.47476 0.08454
v -0.02738 1.47476 0.08715
v -0.03200 1.47476 0.08807
v -0.03662 1.47476 0.08715
v -0.04054 1.47476 0.08454
v -0.04315 1.47476 0.08062
v -0.04407 1.47476 0.07600
v -0.04315 1.47476 0.07138
v -0.04054 1.47476 0.06746
v -0.03662 1.47476 0.06485
v -0.03200 1.47476 0.06393
v -0.02738 1.47476 0.06485
v -0.02346 1.47476 0.06746
v -0.02085 1.47476 0.07138
v -0.02117 1.47175 0.07600
v -0.02200 1.47175 0.08014
v -0.02435 1.47175 0.08365
v -0.02786 1.47175 0.08600
v -0.03200 1.47175 0.08683
v -0.03614 1.47175 0.08600
v -0.03965 1.47175 0.08365
v -0.04200 1.47175 0.08014
v -0.04283 1.47175 0.07600
v -0.04200 1.47175 0.07186
v -0.03965 1.47175 0.06835
v -0.03614 1.47175 0.06600
v -0.03200 1.47175 0.06517
v -0.02786 1.47175 0.06600
v -0.02435 1.47175 0.06835
v -0.02200 1.47175 0.07186
v -0.02316 1.46916 0.07600
v -0.02383 1.46916 0.07938
v -0.02575 1.46916 0.08225
v -0.02862 1.46916 0.08417
v -0.03200 1.46916 0.08484
v -0.03538 1.46916 0.08417
v -0.03825 1.46916 0.08225
v -0.04017 1.46916 0.07938
v -0.04084 1.46916 0.07600
v -0.04017 1.46916 0.07262
v -0.03825 1.46916 0.06975
v -0.03538 1.46916 0.06783
v -0.03200 1.46916 0.06716
v -0.02862 1.46916 0.06783
v -0.02575 1.46916 0.06975
v -0.02383 1.46916 0.07262
v -0.02575 1.46717 0.07600
v -0.02623 1.46717 0.07839
v -0.02758 1.46717 0.08042
v -0.02961 1.46717 0.08177
v -0.03200 1.46717 0.08225
v -0.03439 1.46717 0.08177
v -0.03642 1.46717 0.08042
v -0.03777 1.46717 0.07839
v -0.03825 1.46717 0.07600
v -0.03777 1.46717 0.07361
v -0.03642 1.46717 0.07158
v -0.03439 1.46717 0.07023
v -0.03200 1.46717 0.06975
v -0.02961 1.46717 0.07023
v -0.02758 1.46717 0.07158
v -0.02623 1.46717 0.07361
v -0.02876 1.46593 0.07600
v -0.02901 1.46593 0.07724
v -0.02971 1.46593 0.07829
v -0.03076 1.46593 0.07899
v -0.03200 1.46593 0.07924
v -0.03324 1.46593 0.07899
v -0.03429 1.46593 0.07829
v -0.03499 1.46593 0.07724
v -0.03524 1.46593 0.07600
v -0.03499 1.46593 0.07476
v -0.03429 1.46593 0.07371
v -0.03324 1.46593 0.07301
v -0.03200 1.46593 0.07276
v -0.03076 1.46593 0.07301
v -0.02971 1.46593 0.07371
v -0.02901 1.46593 0.07476
v -0.03200 1.46550 0.07600
v -0.03200 1.46550 0.07600
v -0.03200 1.46550 0.07600
v -0.03200 1.46550 0.07600
v -0.03200 1.46550 0.07600
v -0.03200 1.46550 0.07600
v -0.03200 1.46550 0.07600
v -0.03200 1.46550 0.07600
v -0.03200 1.46550 0.07600
v -0.03200 1.46550 0.07600
v -0.03200 1.46550 0.07600
v -0.03200 1.46550 0.07600
v -0.03200 1.46550 0.07600
v -0.03200 1.46550 0.07600
v -0.03200 1.46550 0.07600
v -0.03200 1.46550 0.07600
v 0.03200 1.49050 0.07600
v 0.03200 1.49050 0.07600
v 0.03200 1.49050 0.07600
v 0.03200 1.49050 0.07600
v 0.03200 1.49050 0.07600
v 0.03200 1.49050 0.07600
v 0.03200 1.49050 0.07600
v 0.03200 1.49050 0.07600
v 0.03200 1.49050 0.07600
v 0.03200 1.49050 0.07600
v 0.03200 1.49050 0.07600
v 0.03200 1.49050 0.07600
v 0.03200 1.49050 0.07600
v 0.03200 1.49050 0.07600
v 0.03200 1.49050 0.07600
v 0.03200 1.49050 0.07600
v 0.03524 1.49007 0.07600
v 0.03499 1.49007 0.07724
v 0.03429 1.49007 0.07829
v 0.03324 1.49007 0.07899
v 0.03200 1.49007 0.07924
v 0.03076 1.49007 0.07899
v 0.02971 1.49007 0.07829
v 0.02901 1.49007 0.07724
v 0.02876 1.49007 0.07600
v 0.02901 1.49007 0.07476
v 0.02971 1.49007 0.07371
v 0.03076 1.49007 0.07301
v 0.03200 1.49007 0.07276
v 0.03324 1.49007 0.07301
v 0.03429 1.49007 0.07371
v 0.03499 1.49007 0.07476
v 0.03825 1.48883 0.07600
v 0.03777 1.48883 0.07839
v 0.03642 1.48883 0.08042
v 0.03439 1.48883 0.08177
v 0.03200 1.48883 0.08225
v 0.02961 1.48883 0.08177
v 0.02758 1.48883 0.08042
v 0.02623 1.48883 0.07839
v 0.02575 1.48883 0.07600
v 0.02623 1.48883 0.07361
v 0.02758 1.48883 0.07158
v 0.02961 1.48883 0.07023
v 0.03200 1.48883 0.06975
v 0.03439 1.48883 0.07023
v 0.03642 1.48883 0.07158
v 0.03777 1.48883 0.07361
v 0.04084 1.48684 0.07600
v 0.04017 1.48684 0.07938
v 0.03825 1.48684 0.08225
v 0.03538 1.48684 0.08417
v 0.03200 1.48684 0.08484
v 0.02862 1.48684 0.08417
v 0.02575 1.48684 0.08225
v 0.02383 1.48684 0.07938
v 0.02316 1.48684 0.07600
v 0.02383 1.48684 0.07262
v 0.02575 1.48684 0.06975
v 0.02862 1.48684 0.06783
v 0.03200 1.48684 0.06716
v 0.03538 1.48684 0.06783
v 0.03825 1.48684 0.06975
v 0.04017 1.48684 0.07262
v 0.04283 1.48425 0.07600
v 0.04200 1.48425 0.08014
v 0.03965 1.48425 0.08365
v 0.03614 1.48425 0.08600
v 0.03200 1.48425 0.08683
v 0.02786 1.48425 0.08600
v 0.02435 1.48425 0.08365
v 0.02200 1.48425 0.08014
v 0.02117 1.48425 0.07600
v 0.02200 1.48425 0.07186
v 0.02435 1.48425 0.06835
v 0.02786 1.48425 0.06600
v 0.03200 1.48425 0.06517
v 0.03614 1.48425 0.06600
v 0.03965 1.48425 0.06835
v 0.04200 1.48425 0.07186
v 0.04407 1.48124 0.07600
v 0.04315 1.48124 0.08062
v 0.04054 1.48124 0.08454
v 0.03662 1.48124 0.08715
v 0.03200 1.48124 0.08807
v 0.02738 1.48124 0.08715
v 0.02346 1.48124 0.08454
v 0.02085 1.48124 0.08062
v 0.01993 1.48124 0.07600
v 0.02085 1.48124 0.07138
v 0.02346 1.48124 0.06746
v 0.02738 1.48124 0.06485
v 0.03200 1.48124 0.06393
v 0.03662 1.48124 0.06485
v 0.04054 1.48124 0.06746
v 0.04315 1.48124 0.07138
v 0.04450 1.47800 0.07600
v 0.04355 1.47800 0.08078
v 0.04084 1.47800 0.08484
v 0.03678 1.47800 0.08755
v 0.03200 1.47800 0.08850
v 0.02722 1.47800 0.08755
v 0.02316 1.47800 0.08484
v 0.02045 1.47800 0.08078
v 0.01950 1.47800 0.07600
v 0.02045 1.47800 0.07122
v 0.02316 1.47800 0.06716
v 0.02722 1.47800 0.06445
v 0.03200 1.47800 0.06350
v 0.03678 1.47800 0.06445
v 0.04084 1.47800 0.06716
v 0.04355 1.47800 0.07122
v 0.04407 1.47476 0.07600
v 0.04315 1.47476 0.08062
v 0.04054 1.47476 0.08454
v 0.03662 1.47476 0.08715
v 0.03200 1.47476 0.08807
v 0.02738 1.47476 0.08715
v 0.02346 1.47476 0.08454
v 0.02085 1.47476 0.08062
v 0.01993 1.47476 0.07600
v 0.02085 1.47476 0.07138
v 0.02346 1.47476 0.06746
v 0.02738 1.47476 0.06485
v 0.03200 1.47476 0.06393
v 0.03662 1.47476 0.06485
v 0.04054 1.47476 0.06746
v 0.04315 1.47476 0.07138
v 0.04283 1.47175 0.07600
v 0.04200 1.47175 0.08014
v 0.03965 1.47175 0.08365
v 0.03614 1.47175 0.08600
v 0.03200 1.47175 0.08683
v 0.02786 1.47175 0.08600
v 0.02435 1.47175 0.08365
v 0.02200 1.47175 0.08014
v 0.02117 1.47175 0.07600
v 0.02200 1.47175 0.07186
v 0.02435 1.47175 0.06835
v 0.02786 1.47175 0.06600
v 0.03200 1.47175 0.06517
v 0.03614 1.47175 0.06600
v 0.03965 1.47175 0.06835
v 0.04200 1.47175 0.07186
v 0.04084 1.46916 0.07600
v 0.04017 1.46916 0.07938
v 0.03825 1.46916 0.08225
v 0.03538 1.46916 0.08417
v 0.03200 1.46916 0.08484
v 0.02862 1.46916 0.08417
v 0.02575 1.46916 0.08225
v 0.02383 1.46916 0.07938
v 0.02316 1.46916 0.07600
v 0.02383 1.46916 0.07262
v 0.02575 1.46916 0.06975
v 0.02862 1.46916 0.06783
v 0.03200 1.46916 0.06716
v 0.03538 1.46916 0.06783
v 0.03825 1.46916 0.06975
v 0.04017 1.46916 0.07262
v 0.03825 1.46717 0.07600
v 0.03777 1.46717 0.07839
v 0.03642 1.46717 0.08042
v 0.03439 1.46717 0.08177
v 0.03200 1.46717 0.08225
v 0.02961 1.46717 0.08177
v 0.02758 1.46717 0.08042
v 0.02623 1.46717 0.07839
v 0.02575 1.46717 0.07600
v 0.02623 1.46717 0.07361
v 0.02758 1.46717 0.07158
v 0.02961 1.46717 0.07023
v 0.03200 1.46717 0.06975
v 0.03439 1.46717 0.07023
v 0.03642 1.46717 0.07158
v 0.03777 1.46717 0.07361
v 0.03524 1.46593 0.07600
v 0.03499 1.46593 0.07724
v 0.03429 1.46593 0.07829
v 0.03324 1.46593 0.07899
v 0.03200 1.46593 0.07924
v 0.03076 1.46593 0.07899
v 0.02971 1.46593 0.07829
v 0.02901 1.46593 0.07724
v 0.02876 1.46593 0.07600
v 0.02901 1.46593 0.07476
v 0.02971 1.46593 0.07371
v 0.03076 1.46593 0.07301
v 0.03200 1.46593 0.07276
v 0.03324 1.46593 0.07301
v 0.03429 1.46593 0.07371
v 0.03499 1.46593 0.07476
v 0.03200 1.46550 0.07600
v 0.03200 1.46550 0.07600
v 0.03200 1.46550 0.07600
v 0.03200 1.46550 0.07600
v 0.03200 1.46550 0.07600
v 0.03200 1.46550 0.07600
v 0.03200 1.46550 0.07600
v 0.03200 1.46550 0.07600
v 0.03200 1.46550 0.07600
v 0.03200 1.46550 0.07600
v 0.03200 1.46550 0.07600
v 0.03200 1.46550 0.07600
v 0.03200 1.46550 0.07600
v 0.03200 1.46550 0.07600
v 0.03200 1.46550 0.07600
v 0.03200 1.46550 0.07600
vt 0.00000 1.00000
vt 0.02083 1.00000
vt 0.04167 1.00000
vt 0.06250 1.00000
vt 0.08333 1.00000
vt 0.10417 1.00000
vt 0.12500 1.00000
vt 0.14583 1.00000
vt 0.16667 1.00000
vt 0.18750 1.00000
vt 0.20833 1.00000
vt 0.22917 1.00000
vt 0.25000 1.00000
vt 0.27083 1.00000
vt 0.29167 1.00000
vt 0.31250 1.00000
vt 0.33333 1.00000
vt 0.35417 1.00000
vt 0.37500 1.00000
vt 0.39583 1.00000
vt 0.41667 1.00000
vt 0.43750 1.00000
vt 0.45833 1.00000
vt 0.47917 1.00000
vt 0.50000 1.00000
vt 0.52083 1.00000
vt 0.54167 1.00000
vt 0.56250 1.00000
vt 0.58333 1.00000
vt 0.60417 1.00000
vt 0.62500 1.00000
vt 0.64583 1.00000
vt 0.66667 1.00000
vt 0.68750 1.00000
vt 0.70833 1.00000
vt 0.72917 1.00000
vt 0.75000 1.00000
vt 0.77083 1.00000
vt 0.79167 1.00000
vt 0.81250 1.00000
vt 0.83333 1.00000
vt 0.85417 1.00000
vt 0.87500 1.00000
vt 0.89583 1.00000
vt 0.91667 1.00000
vt 0.93750 1.00000
vt 0.95833 1.00000
vt 0.97917 1.00000
vt 0.00000 0.97222
vt 0.02083 0.97222
vt 0.04167 0.97222
vt 0.06250 0.97222
vt 0.08333 0.97222
vt 0.10417 0.97222
vt 0.12500 0.97222
vt 0.14583 0.97222
vt 0.16667 0.97222
vt 0.18750 0.97222
vt 0.20833 0.97222
vt 0.22917 0.97222
vt 0.25000 0.97222
vt 0.27083 0.97222
vt 0.29167 0.97222
vt 0.31250 0.97222
vt 0.33333 0.97222
vt 0.35417 0.97222
vt 0.37500 0.97222
vt 0.39583 0.97222
vt 0.41667 0.97222
vt 0.43750 0.97222
vt 0.45833 0.97222
vt 0.47917 0.97222
vt 0.50000 0.97222
vt 0.52083 0.97222
vt 0.54167 0.97222
vt 0.56250 0.97222
vt 0.58333 0.97222
vt 0.60417 0.97222
vt 0.62500 0.97222
vt 0.64583 0.97222
vt 0.66667 0.97222
vt 0.68750 0.97222
vt 0.70833 0.97222
vt 0.72917 0.97222
vt 0.75000 0.97222
vt 0.77083 0.97222
vt 0.79167 0.97222
vt 0.81250 0.97222
vt 0.83333 0.97222
vt 0.85417 0.97222
vt 0.87500 0.97222
vt 0.89583 0.97222
vt 0.91667 0.97222
vt 0.93750 0.97222
vt 0.95833 0.97222
vt 0.97917 0.97222
vt 0.00000 0.94444
vt 0.02083 0.94444
vt 0.04167 0.94444
vt 0.06250 0.94444
vt 0.08333 0.94444
vt 0.10417 0.94444
vt 0.12500 0.94444
vt 0.14583 0.94444
vt 0.16667 0.94444
vt 0.18750 0.94444
vt 0.20833 0.94444
vt 0.22917 0.94444
vt 0.25000 0.94444
vt 0.27083 0.94444
vt 0.29167 0.94444
vt 0.31250 0.94444
vt 0.33333 0.94444
vt 0.35417 0.94444
vt 0.37500 0.94444
vt 0.39583 0.94444
vt 0.41667 0.94444
vt 0.43750 0.94444
vt 0.45833 0.94444
vt 0.47917 0.94444
vt 0.50000 0.94444
vt 0.52083 0.94444
vt 0.54167 0.94444
vt 0.56250 0.94444
vt 0.58333 0.94444
vt 0.60417 0.94444
vt 0.62500 0.94444
vt 0.64583 0.94444
vt 0.66667 0.94444
vt 0.68750 0.94444
vt 0.70833 0.94444
vt 0.72917 0.94444
vt 0.75000 0.94444
vt 0.77083 0.94444
vt 0.79167 0.94444
vt 0.81250 0.94444
vt 0.83333 0.94444
vt 0.85417 0.94444
vt 0.87500 0.94444
vt 0.89583 0.94444
vt 0.91667 0.94444
vt 0.93750 0.94444
vt 0.95833 0.94444
vt 0.97917 0.94444
vt 0.00000 0.91667
vt 0.02083 0.91667
vt 0.04167 0.91667
vt 0.06250 0.91667
vt 0.08333 0.91667
vt 0.10417 0.91667
vt 0.12500 0.91667
vt 0.14583 0.91667
vt 0.16667 0.91667
vt 0.18750 0.91667
vt 0.20833 0.91667
vt 0.22917 0.91667
vt 0.25000 0.91667
vt 0.27083 0.91667
vt 0.29167 0.91667
vt 0.31250 0.91667
vt 0.33333 0.91667
vt 0.35417 0.91667
vt 0.37500 0.91667
vt 0.39583 0.91667
vt 0.41667 0.91667
vt 0.43750 0.91667
vt 0.45833 0.91667
vt 0.47917 0.91667
vt 0.50000 0.91667
vt 0.52083 0.91667
vt 0.54167 0.91667
vt 0.56250 0.91667
vt 0.58333 0.91667
vt 0.60417 0.91667
vt 0.62500 0.91667
vt 0.64583 0.91667
vt 0.66667 0.91667
vt 0.68750 0.91667
vt 0.70833 0.91667
vt 0.72917 0.91667
vt 0.75000 0.91667
vt 0.77083 0.91667
vt 0.79167 0.91667
vt 0.81250 0.91667
vt 0.83333 0.91667
vt 0.85417 0.91667
vt 0.87500 0.91667
vt 0.89583 0.91667
vt 0.91667 0.91667
vt 0.93750 0.91667
vt 0.95833 0.91667
vt 0.97917 0.91667
vt 0.00000 0.88889
vt 0.02083 0.88889
vt 0.04167 0.88889
vt 0.06250 0.88889
vt 0.08333 0.88889
vt 0.10417 0.88889
vt 0.12500 0.88889
vt 0.14583 0.88889
vt 0.16667 0.88889
vt 0.18750 0.88889
vt 0.20833 0.88889
vt 0.22917 0.88889
vt 0.25000 0.88889
vt 0.27083 0.88889
vt 0.29167 0.88889
vt 0.31250 0.88889
vt 0.33333 0.88889
vt 0.35417 0.88889
vt 0.37500 0.88889
vt 0.39583 0.88889
vt 0.41667 0.88889
vt 0.43750 0.88889
vt 0.45833 0.88889
vt 0.47917 0.88889
vt 0.50000 0.88889
vt 0.52083 0.88889
vt 0.54167 0.88889
vt 0.56250 0.88889
vt 0.58333 0.88889
vt 0.60417 0.88889
vt 0.62500 0.88889
vt 0.64583 0.88889
vt 0.66667 0.88889
vt 0.68750 0.88889
vt 0.70833 0.88889
vt 0.72917 0.88889
vt 0.75000 0.88889
vt 0.77083 0.88889
vt 0.79167 0.88889
vt 0.81250 0.88889
vt 0.83333 0.88889
vt 0.85417 0.88889
vt 0.87500 0.88889
vt 0.89583 0.88889
vt 0.91667 0.88889
vt 0.93750 0.88889
vt 0.95833 0.88889
vt 0.97917 0.88889
vt 0.00000 0.86111
vt 0.02083 0.86111
vt 0.04167 0.86111
vt 0.06250 0.86111
vt 0.08333 0.86111
vt 0.10417 0.86111
vt 0.12500 0.86111
vt 0.14583 0.86111
vt 0.16667 0.86111
vt 0.18750 0.86111
vt 0.20833 0.86111
vt 0.22917 0.86111
vt 0.25000 0.86111
vt 0.27083 0.86111
vt 0.29167 0.86111
vt 0.31250 0.86111
vt 0.33333 0.86111
vt 0.35417 0.86111
vt 0.37500 0.86111
vt 0.39583 0.86111
vt 0.41667 0.86111
vt 0.43750 0.86111
vt 0.45833 0.86111
vt 0.47917 0.86111
vt 0.50000 0.86111
vt 0.52083 0.86111
vt 0.54167 0.86111
vt 0.56250 0.86111
vt 0.58333 0.86111
vt 0.60417 0.86111
vt 0.62500 0.86111
vt 0.64583 0.86111
vt 0.66667 0.86111
vt 0.68750 0.86111
vt 0.70833 0.86111
vt 0.72917 0.86111
vt 0.75000 0.86111
vt 0.77083 0.86111
vt 0.79167 0.86111
vt 0.81250 0.86111
vt 0.83333 0.86111
vt 0.85417 0.86111
vt 0.87500 0.86111
vt 0.89583 0.86111
vt 0.91667 0.86111
vt 0.93750 0.86111
vt 0.95833 0.86111
vt 0.97917 0.86111
vt 0.00000 0.83333
vt 0.02083 0.83333
vt 0.04167 0.83333
vt 0.06250 0.83333
vt 0.08333 0.83333
vt 0.10417 0.83333
vt 0.12500 0.83333
vt 0.14583 0.83333
vt 0.16667 0.83333
vt 0.18750 0.83333
vt 0.20833 0.83333
vt 0.22917 0.83333
vt 0.25000 0.83333
vt 0.27083 0.83333
vt 0.29167 0.83333
vt 0.31250 0.83333
vt 0.33333 0.83333
vt 0.35417 0.83333
vt 0.37500 0.83333
vt 0.39583 0.83333
vt 0.41667 0.83333
vt 0.43750 0.83333
vt 0.45833 0.83333
vt 0.47917 0.83333
vt 0.50000 0.83333
vt 0.52083 0.83333
vt 0.54167 0.83333
vt 0.56250 0.83333
vt 0.58333 0.83333
vt 0.60417 0.83333
vt 0.62500 0.83333
vt 0.64583 0.83333
vt 0.66667 0.83333
vt 0.68750 0.83333
vt 0.70833 0.83333
vt 0.72917 0.83333
vt 0.75000 0.83333
vt 0.77083 0.83333
vt 0.79167 0.83333
vt 0.81250 0.83333
vt 0.83333 0.83333
vt 0.85417 0.83333
vt 0.87500 0.83333
vt 0.89583 0.83333
vt 0.91667 0.83333
vt 0.93750 0.83333
vt 0.95833 0.83333
vt 0.97917 0.83333
vt 0.00000 0.80556
vt 0.02083 0.80556
vt 0.04167 0.80556
vt 0.06250 0.80556
vt 0.08333 0.80556
vt 0.10417 0.80556
vt 0.12500 0.80556
vt 0.14583 0.80556
vt 0.16667 0.80556
vt 0.18750 0.80556
vt 0.20833 0.80556
vt 0.22917 0.80556
vt 0.25000 0.80556
vt 0.27083 0.80556
vt 0.29167 0.80556
vt 0.31250 0.80556
vt 0.33333 0.80556
vt 0.35417 0.80556
vt 0.37500 0.80556
vt 0.39583 0.80556
vt 0.41667 0.80556
vt 0.43750 0.80556
vt 0.45833 0.80556
vt 0.47917 0.80556
vt 0.50000 0.80556
vt 0.52083 0.80556
vt 0.54167 0.80556
vt 0.56250 0.80556
vt 0.58333 0.80556
vt 0.60417 0.80556
vt 0.62500 0.80556
vt 0.64583 0.80556
vt 0.66667 0.80556
vt 0.68750 0.80556
vt 0.70833 0.80556
vt 0.72917 0.80556
vt 0.75000 0.80556
vt 0.77083 0.80556
vt 0.79167 0.80556
vt 0.81250 0.80556
vt 0.83333 0.80556
vt 0.85417 0.80556
vt 0.87500 0.80556
vt 0.89583 0.80556
vt 0.91667 0.80556
vt 0.93750 0.80556
vt 0.95833 0.80556
vt 0.97917 0.80556
vt 0.00000 0.77778
vt 0.02083 0.77778
vt 0.04167 0.77778
vt 0.06250 0.77778
vt 0.08333 0.77778
vt 0.10417 0.77778
vt 0.12500 0.77778
vt 0.14583 0.77778
vt 0.16667 0.77778
vt 0.18750 0.77778
vt 0.20833 0.77778
vt 0.22917 0.77778
vt 0.25000 0.77778
vt 0.27083 0.77778
vt 0.29167 0.77778
vt 0.31250 0.77778
vt 0.33333 0.77778
vt 0.35417 0.77778
vt 0.37500 0.77778
vt 0.39583 0.77778
vt 0.41667 0.77778
vt 0.43750 0.77778
vt 0.45833 0.77778
vt 0.47917 0.77778
vt 0.50000 0.77778
vt 0.52083 0.77778
vt 0.54167 0.77778
vt 0.56250 0.77778
vt 0.58333 0.77778
vt 0.60417 0.77778
vt 0.62500 0.77778
vt 0.64583 0.77778
vt 0.66667 0.77778
vt 0.68750 0.77778
vt 0.70833 0.77778
vt 0.72917 0.77778
vt 0.75000 0.77778
vt 0.77083 0.77778
vt 0.79167 0.77778
vt 0.81250 0.77778
vt 0.83333 0.77778
vt 0.85417 0.77778
vt 0.87500 0.77778
vt 0.89583 0.77778
vt 0.91667 0.77778
vt 0.93750 0.77778
vt 0.95833 0.77778
vt 0.97917 0.77778
vt 0.00000 0.75000
vt 0.02083 0.75000
vt 0.04167 0.75000
vt 0.06250 0.75000
vt 0.08333 0.75000
vt 0.10417 0.75000
vt 0.12500 0.75000
vt 0.14583 0.75000
vt 0.16667 0.75000
vt 0.18750 0.75000
vt 0.20833 0.75000
vt 0.22917 0.75000
vt 0.25000 0.75000
vt 0.27083 0.75000
vt 0.29167 0.75000
vt 0.31250 0.75000
vt 0.33333 0.75000
vt 0.35417 0.75000
vt 0.37500 0.75000
vt 0.39583 0.75000
vt 0.41667 0.75000
vt 0.43750 0.75000
vt 0.45833 0.75000
vt 0.47917 0.75000
vt 0.50000 0.75000
vt 0.52083 0.75000
vt 0.54167 0.75000
vt 0.56250 0.75000
vt 0.58333 0.75000
vt 0.60417 0.75000
vt 0.62500 0.75000
vt 0.64583 0.75000
vt 0.66667 0.75000
vt 0.68750 0.75000
vt 0.70833 0.75000
vt 0.72917 0.75000
vt 0.75000 0.75000
vt 0.77083 0.75000
vt 0.79167 0.75000
vt 0.81250 0.75000
vt 0.83333 0.75000
vt 0.85417 0.75000
vt 0.87500 0.75000
vt 0.89583 0.75000
vt 0.91667 0.75000
vt 0.93750 0.75000
vt 0.95833 0.75000
vt 0.97917 0.75000
vt 0.00000 0.72222
vt 0.02083 0.72222
vt 0.04167 0.72222
vt 0.06250 0.72222
vt 0.08333 0.72222
vt 0.10417 0.72222
vt 0.12500 0.72222
vt 0.14583 0.72222
vt 0.16667 0.72222
vt 0.18750 0.72222
vt 0.20833 0.72222
vt 0.22917 0.72222
vt 0.25000 0.72222
vt 0.27083 0.72222
vt 0.29167 0.72222
vt 0.31250 0.72222
vt 0.33333 0.72222
vt 0.35417 0.72222
vt 0.37500 0.72222
vt 0.39583 0.72222
vt 0.41667 0.72222
vt 0.43750 0.72222
vt 0.45833 0.72222
vt 0.47917 0.72222
vt 0.50000 0.72222
vt 0.52083 0.72222
vt 0.54167 0.72222
vt 0.56250 0.72222
vt 0.58333 0.72222
vt 0.60417 0.72222
vt 0.62500 0.72222
vt 0.64583 0.72222
vt 0.66667 0.72222
vt 0.68750 0.72222
vt 0.70833 0.72222
vt 0.72917 0.72222
vt 0.75000 0.72222
vt 0.77083 0.72222
vt 0.79167 0.72222
vt 0.81250 0.72222
vt 0.83333 0.72222
vt 0.85417 0.72222
vt 0.87500 0.72222
vt 0.89583 0.72222
vt 0.91667 0.72222
vt 0.93750 0.72222
vt 0.95833 0.72222
vt 0.97917 0.72222
vt 0.00000 0.69444
vt 0.02083 0.69444
vt 0.04167 0.69444
vt 0.06250 0.69444
vt 0.08333 0.69444
vt 0.10417 0.69444
vt 0.12500 0.69444
vt 0.14583 0.69444
vt 0.16667 0.69444
vt 0.18750 0.69444
vt 0.20833 0.69444
vt 0.22917 0.69444
vt 0.25000 0.69444
vt 0.27083 0.69444
vt 0.29167 0.69444
vt 0.31250 0.69444
vt 0.33333 0.69444
vt 0.35417 0.69444
vt 0.37500 0.69444
vt 0.39583 0.69444
vt 0.41667 0.69444
vt 0.43750 0.69444
vt 0.45833 0.69444
vt 0.47917 0.69444
vt 0.50000 0.69444
vt 0.52083 0.69444
vt 0.54167 0.69444
vt 0.56250 0.69444
vt 0.58333 0.69444
vt 0.60417 0.69444
vt 0.62500 0.69444
vt 0.64583 0.69444
vt 0.66667 0.69444
vt 0.68750 0.69444
vt 0.70833 0.69444
vt 0.72917 0.69444
vt 0.75000 0.69444
vt 0.77083 0.69444
vt 0.79167 0.69444
vt 0.81250 0.69444
vt 0.83333 0.69444
vt 0.85417 0.69444
vt 0.87500 0.69444
vt 0.89583 0.69444
vt 0.91667 0.69444
vt 0.93750 0.69444
vt 0.95833 0.69444
vt 0.97917 0.69444
vt 0.00000 0.66667
vt 0.02083 0.66667
vt 0.04167 0.66667
vt 0.06250 0.66667
vt 0.08333 0.66667
vt 0.10417 0.66667
vt 0.12500 0.66667
vt 0.14583 0.66667
vt 0.16667 0.66667
vt 0.18750 0.66667
vt 0.20833 0.66667
vt 0.22917 0.66667
vt 0.25000 0.66667
vt 0.27083 0.66667
vt 0.29167 0.66667
vt 0.31250 0.66667
vt 0.33333 0.66667
vt 0.35417 0.66667
vt 0.37500 0.66667
vt 0.39583 0.66667
vt 0.41667 0.66667
vt 0.43750 0.66667
vt 0.45833 0.66667
vt 0.47917 0.66667
vt 0.50000 0.66667
vt 0.52083 0.66667
vt 0.54167 0.66667
vt 0.56250 0.66667
vt 0.58333 0.66667
vt 0.60417 0.66667
vt 0.62500 0.66667
vt 0.64583 0.66667
vt 0.66667 0.66667
vt 0.68750 0.66667
vt 0.70833 0.66667
vt 0.72917 0.66667
vt 0.75000 0.66667
vt 0.77083 0.66667
vt 0.79167 0.66667
vt 0.81250 0.66667
vt 0.83333 0.66667
vt 0.85417 0.66667
vt 0.87500 0.66667
vt 0.89583 0.66667
vt 0.91667 0.66667
vt 0.93750 0.66667
vt 0.95833 0.66667
vt 0.97917 0.66667
vt 0.00000 0.63889
vt 0.02083 0.63889
vt 0.04167 0.63889
vt 0.06250 0.63889
vt 0.08333 0.63889
vt 0.10417 0.63889
vt 0.12500 0.63889
vt 0.14583 0.63889
vt 0.16667 0.63889
vt 0.18750 0.63889
vt 0.20833 0.63889
vt 0.22917 0.63889
vt 0.25000 0.63889
vt 0.27083 0.63889
vt 0.29167 0.63889
vt 0.31250 0.63889
vt 0.33333 0.63889
vt 0.35417 0.63889
vt 0.37500 0.63889
vt 0.39583 0.63889
vt 0.41667 0.63889
vt 0.43750 0.63889
vt 0.45833 0.63889
vt 0.47917 0.63889
vt 0.50000 0.63889
vt 0.52083 0.63889
vt 0.54167 0.63889
vt 0.56250 0.63889
vt 0.58333 0.63889
vt 0.60417 0.63889
vt 0.62500 0.63889
vt 0.64583 0.63889
vt 0.66667 0.63889
vt 0.68750 0.63889
vt 0.70833 0.63889
vt 0.72917 0.63889
vt 0.75000 0.63889
vt 0.77083 0.63889
vt 0.79167 0.63889
vt 0.81250 0.63889
vt 0.83333 0.63889
vt 0.85417 0.63889
vt 0.87500 0.63889
vt 0.89583 0.63889
vt 0.91667 0.63889
vt 0.93750 0.63889
vt 0.95833 0.63889
vt 0.97917 0.63889
vt 0.00000 0.61111
vt 0.02083 0.61111
vt 0.04167 0.61111
vt 0.06250 0.61111
vt 0.08333 0.61111
vt 0.10417 0.61111
vt 0.12500 0.61111
vt 0.14583 0.61111
vt 0.16667 0.61111
vt 0.18750 0.61111
vt 0.20833 0.61111
vt 0.22917 0.61111
vt 0.25000 0.61111
vt 0.27083 0.61111
vt 0.29167 0.61111
vt 0.31250 0.61111
vt 0.33333 0.61111
vt 0.35417 0.61111
vt 0.37500 0.61111
vt 0.39583 0.61111
vt 0.41667 0.61111
vt 0.43750 0.61111
vt 0.45833 0.61111
vt 0.47917 0.61111
vt 0.50000 0.61111
vt 0.52083 0.61111
vt 0.54167 0.61111
vt 0.56250 0.61111
vt 0.58333 0.61111
vt 0.60417 0.61111
vt 0.62500 0.61111
vt 0.64583 0.61111
vt 0.66667 0.61111
vt 0.68750 0.61111
vt 0.70833 0.61111
vt 0.72917 0.61111
vt 0.75000 0.61111
vt 0.77083 0.61111
vt 0.79167 0.61111
vt 0.81250 0.61111
vt 0.83333 0.61111
vt 0.85417 0.61111
vt 0.87500 0.61111
vt 0.89583 0.61111
vt 0.91667 0.61111
vt 0.93750 0.61111
vt 0.95833 0.61111
vt 0.97917 0.61111
vt 0.00000 0.58333
vt 0.02083 0.58333
vt 0.04167 0.58333
vt 0.06250 0.58333
vt 0.08333 0.58333
vt 0.10417 0.58333
vt 0.12500 0.58333
vt 0.14583 0.58333
vt 0.16667 0.58333
vt 0.18750 0.58333
vt 0.20833 0.58333
vt 0.22917 0.58333
vt 0.25000 0.58333
vt 0.27083 0.58333
vt 0.29167 0.58333
vt 0.31250 0.58333
vt 0.33333 0.58333
vt 0.35417 0.58333
vt 0.37500 0.58333
vt 0.39583 0.58333
vt 0.41667 0.58333
vt 0.43750 0.58333
vt 0.45833 0.58333
vt 0.47917 0.58333
vt 0.50000 0.58333
vt 0.52083 0.58333
vt 0.54167 0.58333
vt 0.56250 0.58333
vt 0.58333 0.58333
vt 0.60417 0.58333
vt 0.62500 0.58333
vt 0.64583 0.58333
vt 0.66667 0.58333
vt 0.68750 0.58333
vt 0.70833 0.58333
vt 0.72917 0.58333
vt 0.75000 0.58333
vt 0.77083 0.58333
vt 0.79167 0.58333
vt 0.81250 0.58333
vt 0.83333 0.58333
vt 0.85417 0.58333
vt 0.87500 0.58333
vt 0.89583 0.58333
vt 0.91667 0.58333
vt 0.93750 0.58333
vt 0.95833 0.58333
vt 0.97917 0.58333
vt 0.00000 0.55556
vt 0.02083 0.55556
vt 0.04167 0.55556
vt 0.06250 0.55556
vt 0.08333 0.55556
vt 0.10417 0.55556
vt 0.12500 0.55556
vt 0.14583 0.55556
vt 0.16667 0.55556
vt 0.18750 0.55556
vt 0.20833 0.55556
vt 0.22917 0.55556
vt 0.25000 0.55556
vt 0.27083 0.55556
vt 0.29167 0.55556
vt 0.31250 0.55556
vt 0.33333 0.55556
vt 0.35417 0.55556
vt 0.37500 0.55556
vt 0.39583 0.55556
vt 0.41667 0.55556
vt 0.43750 0.55556
vt 0.45833 0.55556
vt 0.47917 0.55556
vt 0.50000 0.55556
vt 0.52083 0.55556
vt 0.54167 0.55556
vt 0.56250 0.55556
vt 0.58333 0.55556
vt 0.60417 0.55556
vt 0.62500 0.55556
vt 0.64583 0.55556
vt 0.66667 0.55556
vt 0.68750 0.55556
vt 0.70833 0.55556
vt 0.72917 0.55556
vt 0.75000 0.55556
vt 0.77083 0.55556
vt 0.79167 0.55556
vt 0.81250 0.55556
vt 0.83333 0.55556
vt 0.85417 0.55556
vt 0.87500 0.55556
vt 0.89583 0.55556
vt 0.91667 0.55556
vt 0.93750 0.55556
vt 0.95833 0.55556
vt 0.97917 0.55556
vt 0.00000 0.52778
vt 0.02083 0.52778
vt 0.04167 0.52778
vt 0.06250 0.52778
vt 0.08333 0.52778
vt 0.10417 0.52778
vt 0.12500 0.52778
vt 0.14583 0.52778
vt 0.16667 0.52778
vt 0.18750 0.52778
vt 0.20833 0.52778
vt 0.22917 0.52778
vt 0.25000 0.52778
vt 0.27083 0.52778
vt 0.29167 0.52778
vt 0.31250 0.52778
vt 0.33333 0.52778
vt 0.35417 0.52778
vt 0.37500 0.52778
vt 0.39583 0.52778
vt 0.41667 0.52778
vt 0.43750 0.52778
vt 0.45833 0.52778
vt 0.47917 0.52778
vt 0.50000 0.52778
vt 0.52083 0.52778
vt 0.54167 0.52778
vt 0.56250 0.52778
vt 0.58333 0.52778
vt 0.60417 0.52778
vt 0.62500 0.52778
vt 0.64583 0.52778
vt 0.66667 0.52778
vt 0.68750 0.52778
vt 0.70833 0.52778
vt 0.72917 0.52778
vt 0.75000 0.52778
vt 0.77083 0.52778
vt 0.79167 0.52778
vt 0.81250 0.52778
vt 0.83333 0.52778
vt 0.85417 0.52778
vt 0.87500 0.52778
vt 0.89583 0.52778
vt 0.91667 0.52778
vt 0.93750 0.52778
vt 0.95833 0.52778
vt 0.97917 0.52778
vt 0.00000 0.50000
vt 0.02083 0.50000
vt 0.04167 0.50000
vt 0.06250 0.50000
vt 0.08333 0.50000
vt 0.10417 0.50000
vt 0.12500 0.50000
vt 0.14583 0.50000
vt 0.16667 0.50000
vt 0.18750 0.50000
vt 0.20833 0.50000
vt 0.22917 0.50000
vt 0.25000 0.50000
vt 0.27083 0.50000
vt 0.29167 0.50000
vt 0.31250 0.50000
vt 0.33333 0.50000
vt 0.35417 0.50000
vt 0.37500 0.50000
vt 0.39583 0.50000
vt 0.41667 0.50000
vt 0.43750 0.50000
vt 0.45833 0.50000
vt 0.47917 0.50000
vt 0.50000 0.50000
vt 0.52083 0.50000
vt 0.54167 0.50000
vt 0.56250 0.50000
vt 0.58333 0.50000
vt 0.60417 0.50000
vt 0.62500 0.50000
vt 0.64583 0.50000
vt 0.66667 0.50000
vt 0.68750 0.50000
vt 0.70833 0.50000
vt 0.72917 0.50000
vt 0.75000 0.50000
vt 0.77083 0.50000
vt 0.79167 0.50000
vt 0.81250 0.50000
vt 0.83333 0.50000
vt 0.85417 0.50000
vt 0.87500 0.50000
vt 0.89583 0.50000
vt 0.91667 0.50000
vt 0.93750 0.50000
vt 0.95833 0.50000
vt 0.97917 0.50000
vt 0.00000 0.47222
vt 0.02083 0.47222
vt 0.04167 0.47222
vt 0.06250 0.47222
vt 0.08333 0.47222
vt 0.10417 0.47222
vt 0.12500 0.47222
vt 0.14583 0.47222
vt 0.16667 0.47222
vt 0.18750 0.47222
vt 0.20833 0.47222
vt 0.22917 0.47222
vt 0.25000 0.47222
vt 0.27083 0.47222
vt 0.29167 0.47222
vt 0.31250 0.47222
vt 0.33333 0.47222
vt 0.35417 0.47222
vt 0.37500 0.47222
vt 0.39583 0.47222
vt 0.41667 0.47222
vt 0.43750 0.47222
vt 0.45833 0.47222
vt 0.47917 0.47222
vt 0.50000 0.47222
vt 0.52083 0.47222
vt 0.54167 0.47222
vt 0.56250 0.47222
vt 0.58333 0.47222
vt 0.60417 0.47222
vt 0.62500 0.47222
vt 0.64583 0.47222
vt 0.66667 0.47222
vt 0.68750 0.47222
vt 0.70833 0.47222
vt 0.72917 0.47222
vt 0.75000 0.47222
vt 0.77083 0.47222
vt 0.79167 0.47222
vt 0.81250 0.47222
vt 0.83333 0.47222
vt 0.85417 0.47222
vt 0.87500 0.47222
vt 0.89583 0.47222
vt 0.91667 0.47222
vt 0.93750 0.47222
vt 0.95833 0.47222
vt 0.97917 0.47222
vt 0.00000 0.44444
vt 0.02083 0.44444
vt 0.04167 0.44444
vt 0.06250 0.44444
vt 0.08333 0.44444
vt 0.10417 0.44444
vt 0.12500 0.44444
vt 0.14583 0.44444
vt 0.16667 0.44444
vt 0.18750 0.44444
vt 0.20833 0.44444
vt 0.22917 0.44444
vt 0.25000 0.44444
vt 0.27083 0.44444
vt 0.29167 0.44444
vt 0.31250 0.44444
vt 0.33333 0.44444
vt 0.35417 0.44444
vt 0.37500 0.44444
vt 0.39583 0.44444
vt 0.41667 0.44444
vt 0.43750 0.44444
vt 0.45833 0.44444
vt 0.47917 0.44444
vt 0.50000 0.44444
vt 0.52083 0.44444
vt 0.54167 0.44444
vt 0.56250 0.44444
vt 0.58333 0.44444
vt 0.60417 0.44444
vt 0.62500 0.44444
vt 0.64583 0.44444
vt 0.66667 0.44444
vt 0.68750 0.44444
vt 0.70833 0.44444
vt 0.72917 0.44444
vt 0.75000 0.44444
vt 0.77083 0.44444
vt 0.79167 0.44444
vt 0.81250 0.44444
vt 0.83333 0.44444
vt 0.85417 0.44444
vt 0.87500 0.44444
vt 0.89583 0.44444
vt 0.91667 0.44444
vt 0.93750 0.44444
vt 0.95833 0.44444
vt 0.97917 0.44444
vt 0.00000 0.41667
vt 0.02083 0.41667
vt 0.04167 0.41667
vt 0.06250 0.41667
vt 0.08333 0.41667
vt 0.10417 0.41667
vt 0.12500 0.41667
vt 0.14583 0.41667
vt 0.16667 0.41667
vt 0.18750 0.41667
vt 0.20833 0.41667
vt 0.22917 0.41667
vt 0.25000 0.41667
vt 0.27083 0.41667
vt 0.29167 0.41667
vt 0.31250 0.41667
vt 0.33333 0.41667
vt 0.35417 0.41667
vt 0.37500 0.41667
vt 0.39583 0.41667
vt 0.41667 0.41667
vt 0.43750 0.41667
vt 0.45833 0.41667
vt 0.47917 0.41667
vt 0.50000 0.41667
vt 0.52083 0.41667
vt 0.54167 0.41667
vt 0.56250 0.41667
vt 0.58333 0.41667
vt 0.60417 0.41667
vt 0.62500 0.41667
vt 0.64583 0.41667
vt 0.66667 0.41667
vt 0.68750 0.41667
vt 0.70833 0.41667
vt 0.72917 0.41667
vt 0.75000 0.41667
vt 0.77083 0.41667
vt 0.79167 0.41667
vt 0.81250 0.41667
vt 0.83333 0.41667
vt 0.85417 0.41667
vt 0.87500 0.41667
vt 0.89583 0.41667
vt 0.91667 0.41667
vt 0.93750 0.41667
vt 0.95833 0.41667
vt 0.97917 0.41667
vt 0.00000 0.38889
vt 0.02083 0.38889
vt 0.04167 0.38889
vt 0.06250 0.38889
vt 0.08333 0.38889
vt 0.10417 0.38889
vt 0.12500 0.38889
vt 0.14583 0.38889
vt 0.16667 0.38889
vt 0.18750 0.38889
vt 0.20833 0.38889
vt 0.22917 0.38889
vt 0.25000 0.38889
vt 0.27083 0.38889
vt 0.29167 0.38889
vt 0.31250 0.38889
vt 0.33333 0.38889
vt 0.35417 0.38889
vt 0.37500 0.38889
vt 0.39583 0.38889
vt 0.41667 0.38889
vt 0.43750 0.38889
vt 0.45833 0.38889
vt 0.47917 0.38889
vt 0.50000 0.38889
vt 0.52083 0.38889
vt 0.54167 0.38889
vt 0.56250 0.38889
vt 0.58333 0.38889
vt 0.60417 0.38889
vt 0.62500 0.38889
vt 0.64583 0.38889
vt 0.66667 0.38889
vt 0.68750 0.38889
vt 0.70833 0.38889
vt 0.72917 0.38889
vt 0.75000 0.38889
vt 0.77083 0.38889
vt 0.79167 0.38889
vt 0.81250 0.38889
vt 0.83333 0.38889
vt 0.85417 0.38889
vt 0.87500 0.38889
vt 0.89583 0.38889
vt 0.91667 0.38889
vt 0.93750 0.38889
vt 0.95833 0.38889
vt 0.97917 0.38889
vt 0.00000 0.36111
vt 0.02083 0.36111
vt 0.04167 0.36111
vt 0.06250 0.36111
vt 0.08333 0.36111
vt 0.10417 0.36111
vt 0.12500 0.36111
vt 0.14583 0.36111
vt 0.16667 0.36111
vt 0.18750 0.36111
vt 0.20833 0.36111
vt 0.22917 0.36111
vt 0.25000 0.36111
vt 0.27083 0.36111
vt 0.29167 0.36111
vt 0.31250 0.36111
vt 0.33333 0.36111
vt 0.35417 0.36111
vt 0.37500 0.36111
vt 0.39583 0.36111
vt 0.41667 0.36111
vt 0.43750 0.36111
vt 0.45833 0.36111
vt 0.47917 0.36111
vt 0.50000 0.36111
vt 0.52083 0.36111
vt 0.54167 0.36111
vt 0.56250 0.36111
vt 0.58333 0.36111
vt 0.60417 0.36111
vt 0.62500 0.36111
vt 0.64583 0.36111
vt 0.66667 0.36111
vt 0.68750 0.36111
vt 0.70833 0.36111
vt 0.72917 0.36111
vt 0.75000 0.36111
vt 0.77083 0.36111
vt 0.79167 0.36111
vt 0.81250 0.36111
vt 0.83333 0.36111
vt 0.85417 0.36111
vt 0.87500 0.36111
vt 0.89583 0.36111
vt 0.91667 0.36111
vt 0.93750 0.36111
vt 0.95833 0.36111
vt 0.97917 0.36111
vt 0.00000 0.33333
vt 0.02083 0.33333
vt 0.04167 0.33333
vt 0.06250 0.33333
vt 0.08333 0.33333
vt 0.10417 0.33333
vt 0.12500 0.33333
vt 0.14583 0.33333
vt 0.16667 0.33333
vt 0.18750 0.33333
vt 0.20833 0.33333
vt 0.22917 0.33333
vt 0.25000 0.33333
vt 0.27083 0.33333
vt 0.29167 0.33333
vt 0.31250 0.33333
vt 0.33333 0.33333
vt 0.35417 0.33333
vt 0.37500 0.33333
vt 0.39583 0.33333
vt 0.41667 0.33333
vt 0.43750 0.33333
vt 0.45833 0.33333
vt 0.47917 0.33333
vt 0.50000 0.33333
vt 0.52083 0.33333
vt 0.54167 0.33333
vt 0.56250 0.33333
vt 0.58333 0.33333
vt 0.60417 0.33333
vt 0.62500 0.33333
vt 0.64583 0.33333
vt 0.66667 0.33333
vt 0.68750 0.33333
vt 0.70833 0.33333
vt 0.72917 0.33333
vt 0.75000 0.33333
vt 0.77083 0.33333
vt 0.79167 0.33333
vt 0.81250 0.33333
vt 0.83333 0.33333
vt 0.85417 0.33333
vt 0.87500 0.33333
vt 0.89583 0.33333
vt 0.91667 0.33333
vt 0.93750 0.33333
vt 0.95833 0.33333
vt 0.97917 0.33333
vt 0.00000 0.30556
vt 0.02083 0.30556
vt 0.04167 0.30556
vt 0.06250 0.30556
vt 0.08333 0.30556
vt 0.10417 0.30556
vt 0.12500 0.30556
vt 0.14583 0.30556
vt 0.16667 0.30556
vt 0.18750 0.30556
vt 0.20833 0.30556
vt 0.22917 0.30556
vt 0.25000 0.30556
vt 0.27083 0.30556
vt 0.29167 0.30556
vt 0.31250 0.30556
vt 0.33333 0.30556
vt 0.35417 0.30556
vt 0.37500 0.30556
vt 0.39583 0.30556
vt 0.41667 0.30556
vt 0.43750 0.30556
vt 0.45833 0.30556
vt 0.47917 0.30556
vt 0.50000 0.30556
vt 0.52083 0.30556
vt 0.54167 0.30556
vt 0.56250 0.30556
vt 0.58333 0.30556
vt 0.60417 0.30556
vt 0.62500 0.30556
vt 0.64583 0.30556
vt 0.66667 0.30556
vt 0.68750 0.30556
vt 0.70833 0.30556
vt 0.72917 0.30556
vt 0.75000 0.30556
vt 0.77083 0.30556
vt 0.79167 0.30556
vt 0.81250 0.30556
vt 0.83333 0.30556
vt 0.85417 0.30556
vt 0.87500 0.30556
vt 0.89583 0.30556
vt 0.91667 0.30556
vt 0.93750 0.30556
vt 0.95833 0.30556
vt 0.97917 0.30556
vt 0.00000 0.27778
vt 0.02083 0.27778
vt 0.04167 0.27778
vt 0.06250 0.27778
vt 0.08333 0.27778
vt 0.10417 0.27778
vt 0.12500 0.27778
vt 0.14583 0.27778
vt 0.16667 0.27778
vt 0.18750 0.27778
vt 0.20833 0.27778
vt 0.22917 0.27778
vt 0.25000 0.27778
vt 0.27083 0.27778
vt 0.29167 0.27778
vt 0.31250 0.27778
vt 0.33333 0.27778
vt 0.35417 0.27778
vt 0.37500 0.27778
vt 0.39583 0.27778
vt 0.41667 0.27778
vt 0.43750 0.27778
vt 0.45833 0.27778
vt 0.47917 0.27778
vt 0.50000 0.27778
vt 0.52083 0.27778
vt 0.54167 0.27778
vt 0.56250 0.27778
vt 0.58333 0.27778
vt 0.60417 0.27778
vt 0.62500 0.27778
vt 0.64583 0.27778
vt 0.66667 0.27778
vt 0.68750 0.27778
vt 0.70833 0.27778
vt 0.72917 0.27778
vt 0.75000 0.27778
vt 0.77083 0.27778
vt 0.79167 0.27778
vt 0.81250 0.27778
vt 0.83333 0.27778
vt 0.85417 0.27778
vt 0.87500 0.27778
vt 0.89583 0.27778
vt 0.91667 0.27778
vt 0.93750 0.27778
vt 0.95833 0.27778
vt 0.97917 0.27778
vt 0.00000 0.25000
vt 0.02083 0.25000
vt 0.04167 0.25000
vt 0.06250 0.25000
vt 0.08333 0.25000
vt 0.10417 0.25000
vt 0.12500 0.25000
vt 0.14583 0.25000
vt 0.16667 0.25000
vt 0.18750 0.25000
vt 0.20833 0.25000
vt 0.22917 0.25000
vt 0.25000 0.25000
vt 0.27083 0.25000
vt 0.29167 0.25000
vt 0.31250 0.25000
vt 0.33333 0.25000
vt 0.35417 0.25000
vt 0.37500 0.25000
vt 0.39583 0.25000
vt 0.41667 0.25000
vt 0.43750 0.25000
vt 0.45833 0.25000
vt 0.47917 0.25000
vt 0.50000 0.25000
vt 0.52083 0.25000
vt 0.54167 0.25000
vt 0.56250 0.25000
vt 0.58333 0.25000
vt 0.60417 0.25000
vt 0.62500 0.25000
vt 0.64583 0.25000
vt 0.66667 0.25000
vt 0.68750 0.25000
vt 0.70833 0.25000
vt 0.72917 0.25000
vt 0.75000 0.25000
vt 0.77083 0.25000
vt 0.79167 0.25000
vt 0.81250 0.25000
vt 0.83333 0.25000
vt 0.85417 0.25000
vt 0.87500 0.25000
vt 0.89583 0.25000
vt 0.91667 0.25000
vt 0.93750 0.25000
vt 0.95833 0.25000
vt 0.97917 0.25000
vt 0.00000 0.22222
vt 0.02083 0.22222
vt 0.04167 0.22222
vt 0.06250 0.22222
vt 0.08333 0.22222
vt 0.10417 0.22222
vt 0.12500 0.22222
vt 0.14583 0.22222
vt 0.16667 0.22222
vt 0.18750 0.22222
vt 0.20833 0.22222
vt 0.22917 0.22222
vt 0.25000 0.22222
vt 0.27083 0.22222
vt 0.29167 0.22222
vt 0.31250 0.22222
vt 0.33333 0.22222
vt 0.35417 0.22222
vt 0.37500 0.22222
vt 0.39583 0.22222
vt 0.41667 0.22222
vt 0.43750 0.22222
vt 0.45833 0.22222
vt 0.47917 0.22222
vt 0.50000 0.22222
vt 0.52083 0.22222
vt 0.54167 0.22222
vt 0.56250 0.22222
vt 0.58333 0.22222
vt 0.60417 0.22222
vt 0.62500 0.22222
vt 0.64583 0.22222
vt 0.66667 0.22222
vt 0.68750 0.22222
vt 0.70833 0.22222
vt 0.72917 0.22222
vt 0.75000 0.22222
vt 0.77083 0.22222
vt 0.79167 0.22222
vt 0.81250 0.22222
vt 0.83333 0.22222
vt 0.85417 0.22222
vt 0.87500 0.22222
vt 0.89583 0.22222
vt 0.91667 0.22222
vt 0.93750 0.22222
vt 0.95833 0.22222
vt 0.97917 0.22222
vt 0.00000 0.19444
vt 0.02083 0.19444
vt 0.04167 0.19444
vt 0.06250 0.19444
vt 0.08333 0.19444
vt 0.10417 0.19444
vt 0.12500 0.19444
vt 0.14583 0.19444
vt 0.16667 0.19444
vt 0.18750 0.19444
vt 0.20833 0.19444
vt 0.22917 0.19444
vt 0.25000 0.19444
vt 0.27083 0.19444
vt 0.29167 0.19444
vt 0.31250 0.19444
vt 0.33333 0.19444
vt 0.35417 0.19444
vt 0.37500 0.19444
vt 0.39583 0.19444
vt 0.41667 0.19444
vt 0.43750 0.19444
vt 0.45833 0.19444
vt 0.47917 0.19444
vt 0.50000 0.19444
vt 0.52083 0.19444
vt 0.54167 0.19444
vt 0.56250 0.19444
vt 0.58333 0.19444
vt 0.60417 0.19444
vt 0.62500 0.19444
vt 0.64583 0.19444
vt 0.66667 0.19444
vt 0.68750 0.19444
vt 0.70833 0.19444
vt 0.72917 0.19444
vt 0.75000 0.19444
vt 0.77083 0.19444
vt 0.79167 0.19444
vt 0.81250 0.19444
vt 0.83333 0.19444
vt 0.85417 0.19444
vt 0.87500 0.19444
vt 0.89583 0.19444
vt 0.91667 0.19444
vt 0.93750 0.19444
vt 0.95833 0.19444
vt 0.97917 0.19444
vt 0.00000 0.16667
vt 0.02083 0.16667
vt 0.04167 0.16667
vt 0.06250 0.16667
vt 0.08333 0.16667
vt 0.10417 0.16667
vt 0.12500 0.16667
vt 0.14583 0.16667
vt 0.16667 0.16667
vt 0.18750 0.16667
vt 0.20833 0.16667
vt 0.22917 0.16667
vt 0.25000 0.16667
vt 0.27083 0.16667
vt 0.29167 0.16667
vt 0.31250 0.16667
vt 0.33333 0.16667
vt 0.35417 0.16667
vt 0.37500 0.16667
vt 0.39583 0.16667
vt 0.41667 0.16667
vt 0.43750 0.16667
vt 0.45833 0.16667
vt 0.47917 0.16667
vt 0.50000 0.16667
vt 0.52083 0.16667
vt 0.54167 0.16667
vt 0.56250 0.16667
vt 0.58333 0.16667
vt 0.60417 0.16667
vt 0.62500 0.16667
vt 0.64583 0.16667
vt 0.66667 0.16667
vt 0.68750 0.16667
vt 0.70833 0.16667
vt 0.72917 0.16667
vt 0.75000 0.16667
vt 0.77083 0.16667
vt 0.79167 0.16667
vt 0.81250 0.16667
vt 0.83333 0.16667
vt 0.85417 0.16667
vt 0.87500 0.16667
vt 0.89583 0.16667
vt 0.91667 0.16667
vt 0.93750 0.16667
vt 0.95833 0.16667
vt 0.97917 0.16667
vt 0.00000 0.13889
vt 0.02083 0.13889
vt 0.04167 0.13889
vt 0.06250 0.13889
vt 0.08333 0.13889
vt 0.10417 0.13889
vt 0.12500 0.13889
vt 0.14583 0.13889
vt 0.16667 0.13889
vt 0.18750 0.13889
vt 0.20833 0.13889
vt 0.22917 0.13889
vt 0.25000 0.13889
vt 0.27083 0.13889
vt 0.29167 0.13889
vt 0.31250 0.13889
vt 0.33333 0.13889
vt 0.35417 0.13889
vt 0.37500 0.13889
vt 0.39583 0.13889
vt 0.41667 0.13889
vt 0.43750 0.13889
vt 0.45833 0.13889
vt 0.47917 0.13889
vt 0.50000 0.13889
vt 0.52083 0.13889
vt 0.54167 0.13889
vt 0.56250 0.13889
vt 0.58333 0.13889
vt 0.60417 0.13889
vt 0.62500 0.13889
vt 0.64583 0.13889
vt 0.66667 0.13889
vt 0.68750 0.13889
vt 0.70833 0.13889
vt 0.72917 0.13889
vt 0.75000 0.13889
vt 0.77083 0.13889
vt 0.79167 0.13889
vt 0.81250 0.13889
vt 0.83333 0.13889
vt 0.85417 0.13889
vt 0.87500 0.13889
vt 0.89583 0.13889
vt 0.91667 0.13889
vt 0.93750 0.13889
vt 0.95833 0.13889
vt 0.97917 0.13889
vt 0.00000 0.11111
vt 0.02083 0.11111
vt 0.04167 0.11111
vt 0.06250 0.11111
vt 0.08333 0.11111
vt 0.10417 0.11111
vt 0.12500 0.11111
vt 0.14583 0.11111
vt 0.16667 0.11111
vt 0.18750 0.11111
vt 0.20833 0.11111
vt 0.22917 0.11111
vt 0.25000 0.11111
vt 0.27083 0.11111
vt 0.29167 0.11111
vt 0.31250 0.11111
vt 0.33333 0.11111
vt 0.35417 0.11111
vt 0.37500 0.11111
vt 0.39583 0.11111
vt 0.41667 0.11111
vt 0.43750 0.11111
vt 0.45833 0.11111
vt 0.47917 0.11111
vt 0.50000 0.11111
vt 0.52083 0.11111
vt 0.54167 0.11111
vt 0.56250 0.11111
vt 0.58333 0.11111
vt 0.60417 0.11111
vt 0.62500 0.11111
vt 0.64583 0.11111
vt 0.66667 0.11111
vt 0.68750 0.11111
vt 0.70833 0.11111
vt 0.72917 0.11111
vt 0.75000 0.11111
vt 0.77083 0.11111
vt 0.79167 0.11111
vt 0.81250 0.11111
vt 0.83333 0.11111
vt 0.85417 0.11111
vt 0.87500 0.11111
vt 0.89583 0.11111
vt 0.91667 0.11111
vt 0.93750 0.11111
vt 0.95833 0.11111
vt 0.97917 0.11111
vt 0.00000 0.08333
vt 0.02083 0.08333
vt 0.04167 0.08333
vt 0.06250 0.08333
vt 0.08333 0.08333
vt 0.10417 0.08333
vt 0.12500 0.08333
vt 0.14583 0.08333
vt 0.16667 0.08333
vt 0.18750 0.08333
vt 0.20833 0.08333
vt 0.22917 0.08333
vt 0.25000 0.08333
vt 0.27083 0.08333
vt 0.29167 0.08333
vt 0.31250 0.08333
vt 0.33333 0.08333
vt 0.35417 0.08333
vt 0.37500 0.08333
vt 0.39583 0.08333
vt 0.41667 0.08333
vt 0.43750 0.08333
vt 0.45833 0.08333
vt 0.47917 0.08333
vt 0.50000 0.08333
vt 0.52083 0.08333
vt 0.54167 0.08333
vt 0.56250 0.08333
vt 0.58333 0.08333
vt 0.60417 0.08333
vt 0.62500 0.08333
vt 0.64583 0.08333
vt 0.66667 0.08333
vt 0.68750 0.08333
vt 0.70833 0.08333
vt 0.72917 0.08333
vt 0.75000 0.08333
vt 0.77083 0.08333
vt 0.79167 0.08333
vt 0.81250 0.08333
vt 0.83333 0.08333
vt 0.85417 0.08333
vt 0.87500 0.08333
vt 0.89583 0.08333
vt 0.91667 0.08333
vt 0.93750 0.08333
vt 0.95833 0.08333
vt 0.97917 0.08333
vt 0.00000 0.05556
vt 0.02083 0.05556
vt 0.04167 0.05556
vt 0.06250 0.05556
vt 0.08333 0.05556
vt 0.10417 0.05556
vt 0.12500 0.05556
vt 0.14583 0.05556
vt 0.16667 0.05556
vt 0.18750 0.05556
vt 0.20833 0.05556
vt 0.22917 0.05556
vt 0.25000 0.05556
vt 0.27083 0.05556
vt 0.29167 0.05556
vt 0.31250 0.05556
vt 0.33333 0.05556
vt 0.35417 0.05556
vt 0.37500 0.05556
vt 0.39583 0.05556
vt 0.41667 0.05556
vt 0.43750 0.05556
vt 0.45833 0.05556
vt 0.47917 0.05556
vt 0.50000 0.05556
vt 0.52083 0.05556
vt 0.54167 0.05556
vt 0.56250 0.05556
vt 0.58333 0.05556
vt 0.60417 0.05556
vt 0.62500 0.05556
vt 0.64583 0.05556
vt 0.66667 0.05556
vt 0.68750 0.05556
vt 0.70833 0.05556
vt 0.72917 0.05556
vt 0.75000 0.05556
vt 0.77083 0.05556
vt 0.79167 0.05556
vt 0.81250 0.05556
vt 0.83333 0.05556
vt 0.85417 0.05556
vt 0.87500 0.05556
vt 0.89583 0.05556
vt 0.91667 0.05556
vt 0.93750 0.05556
vt 0.95833 0.05556
vt 0.97917 0.05556
vt 0.00000 0.02778
vt 0.02083 0.02778
vt 0.04167 0.02778
vt 0.06250 0.02778
vt 0.08333 0.02778
vt 0.10417 0.02778
vt 0.12500 0.02778
vt 0.14583 0.02778
vt 0.16667 0.02778
vt 0.18750 0.02778
vt 0.20833 0.02778
vt 0.22917 0.02778
vt 0.25000 0.02778
vt 0.27083 0.02778
vt 0.29167 0.02778
vt 0.31250 0.02778
vt 0.33333 0.02778
vt 0.35417 0.02778
vt 0.37500 0.02778
vt 0.39583 0.02778
vt 0.41667 0.02778
vt 0.43750 0.02778
vt 0.45833 0.02778
vt 0.47917 0.02778
vt 0.50000 0.02778
vt 0.52083 0.02778
vt 0.54167 0.02778
vt 0.56250 0.02778
vt 0.58333 0.02778
vt 0.60417 0.02778
vt 0.62500 0.02778
vt 0.64583 0.02778
vt 0.66667 0.02778
vt 0.68750 0.02778
vt 0.70833 0.02778
vt 0.72917 0.02778
vt 0.75000 0.02778
vt 0.77083 0.02778
vt 0.79167 0.02778
vt 0.81250 0.02778
vt 0.83333 0.02778
vt 0.85417 0.02778
vt 0.87500 0.02778
vt 0.89583 0.02778
vt 0.91667 0.02778
vt 0.93750 0.02778
vt 0.95833 0.02778
vt 0.97917 0.02778
vt 0.00000 0.00000
vt 0.02083 0.00000
vt 0.04167 0.00000
vt 0.06250 0.00000
vt 0.08333 0.00000
vt 0.10417 0.00000
vt 0.12500 0.00000
vt 0.14583 0.00000
vt 0.16667 0.00000
vt 0.18750 0.00000
vt 0.20833 0.00000
vt 0.22917 0.00000
vt 0.25000 0.00000
vt 0.27083 0.00000
vt 0.29167 0.00000
vt 0.31250 0.00000
vt 0.33333 0.00000
vt 0.35417 0.00000
vt 0.37500 0.00000
vt 0.39583 0.00000
vt 0.41667 0.00000
vt 0.43750 0.00000
vt 0.45833 0.00000
vt 0.47917 0.00000
vt 0.50000 0.00000
vt 0.52083 0.00000
vt 0.54167 0.00000
vt 0.56250 0.00000
vt 0.58333 0.00000
vt 0.60417 0.00000
vt 0.62500 0.00000
vt 0.64583 0.00000
vt 0.66667 0.00000
vt 0.68750 0.00000
vt 0.70833 0.00000
vt 0.72917 0.00000
vt 0.75000 0.00000
vt 0.77083 0.00000
vt 0.79167 0.00000
vt 0.81250 0.00000
vt 0.83333 0.00000
vt 0.85417 0.00000
vt 0.87500 0.00000
vt 0.89583 0.00000
vt 0.91667 0.00000
vt 0.93750 0.00000
vt 0.95833 0.00000
vt 0.97917 0.00000
vt 0.50000 1.00000
vt 0.50000 1.00000
vt 0.50000 1.00000
vt 0.50000 1.00000
vt 0.50000 1.00000
vt 0.50000 1.00000
vt 0.50000 1.00000
vt 0.50000 1.00000
vt 0.50000 1.00000
vt 0.50000 1.00000
vt 0.50000 1.00000
vt 0.50000 1.00000
vt 0.50000 1.00000
vt 0.50000 1.00000
vt 0.50000 1.00000
vt 0.50000 1.00000
vt 0.62941 0.98296
vt 0.61956 0.98296
vt 0.59151 0.98296
vt 0.54952 0.98296
vt 0.50000 0.98296
vt 0.45048 0.98296
vt 0.40849 0.98296
vt 0.38044 0.98296
vt 0.37059 0.98296
vt 0.38044 0.98296
vt 0.40849 0.98296
vt 0.45048 0.98296
vt 0.50000 0.98296
vt 0.54952 0.98296
vt 0.59151 0.98296
vt 0.61956 0.98296
vt 0.75000 0.93301
vt 0.73097 0.93301
vt 0.67678 0.93301
vt 0.59567 0.93301
vt 0.50000 0.93301
vt 0.40433 0.93301
vt 0.32322 0.93301
vt 0.26903 0.93301
vt 0.25000 0.93301
vt 0.26903 0.93301
vt 0.32322 0.93301
vt 0.40433 0.93301
vt 0.50000 0.93301
vt 0.59567 0.93301
vt 0.67678 0.93301
vt 0.73097 0.93301
vt 0.85355 0.85355
vt 0.82664 0.85355
vt 0.75000 0.85355
vt 0.63530 0.85355
vt 0.50000 0.85355
vt 0.36470 0.85355
vt 0.25000 0.85355
vt 0.17336 0.85355
vt 0.14645 0.85355
vt 0.17336 0.85355
vt 0.25000 0.85355
vt 0.36470 0.85355
vt 0.50000 0.85355
vt 0.63530 0.85355
vt 0.75000 0.85355
vt 0.82664 0.85355
vt 0.93301 0.75000
vt 0.90005 0.75000
vt 0.80619 0.75000
vt 0.66571 0.75000
vt 0.50000 0.75000
vt 0.33429 0.75000
vt 0.19381 0.75000
vt 0.09995 0.75000
vt 0.06699 0.75000
vt 0.09995 0.75000
vt 0.19381 0.75000
vt 0.33429 0.75000
vt 0.50000 0.75000
vt 0.66571 0.75000
vt 0.80619 0.75000
vt 0.90005 0.75000
vt 0.98296 0.62941
vt 0.94620 0.62941
vt 0.84151 0.62941
vt 0.68482 0.62941
vt 0.50000 0.62941
vt 0.31518 0.62941
vt 0.15849 0.62941
vt 0.05380 0.62941
vt 0.01704 0.62941
vt 0.05380 0.62941
vt 0.15849 0.62941
vt 0.31518 0.62941
vt 0.50000 0.62941
vt 0.68482 0.62941
vt 0.84151 0.62941
vt 0.94620 0.62941
vt 1.00000 0.50000
vt 0.96194 0.50000
vt 0.85355 0.50000
vt 0.69134 0.50000
vt 0.50000 0.50000
vt 0.30866 0.50000
vt 0.14645 0.50000
vt 0.03806 0.50000
vt 0.00000 0.50000
vt 0.03806 0.50000
vt 0.14645 0.50000
vt 0.30866 0.50000
vt 0.50000 0.50000
vt 0.69134 0.50000
vt 0.85355 0.50000
vt 0.96194 0.50000
vt 0.98296 0.37059
vt 0.94620 0.37059
vt 0.84151 0.37059
vt 0.68482 0.37059
vt 0.50000 0.37059
vt 0.31518 0.37059
vt 0.15849 0.37059
vt 0.05380 0.37059
vt 0.01704 0.37059
vt 0.05380 0.37059
vt 0.15849 0.37059
vt 0.31518 0.37059
vt 0.50000 0.37059
vt 0.68482 0.37059
vt 0.84151 0.37059
vt 0.94620 0.37059
vt 0.93301 0.25000
vt 0.90005 0.25000
vt 0.80619 0.25000
vt 0.66571 0.25000
vt 0.50000 0.25000
vt 0.33429 0.25000
vt 0.19381 0.25000
vt 0.09995 0.25000
vt 0.06699 0.25000
vt 0.09995 0.25000
vt 0.19381 0.25000
vt 0.33429 0.25000
vt 0.50000 0.25000
vt 0.66571 0.25000
vt 0.80619 0.25000
vt 0.90005 0.25000
vt 0.85355 0.14645
vt 0.82664 0.14645
vt 0.75000 0.14645
vt 0.63530 0.14645
vt 0.50000 0.14645
vt 0.36470 0.14645
vt 0.25000 0.14645
vt 0.17336 0.14645
vt 0.14645 0.14645
vt 0.17336 0.14645
vt 0.25000 0.14645
vt 0.36470 0.14645
vt 0.50000 0.14645
vt 0.63530 0.14645
vt 0.75000 0.14645
vt 0.82664 0.14645
vt 0.75000 0.06699
vt 0.73097 0.06699
vt 0.67678 0.06699
vt 0.59567 0.06699
vt 0.50000 0.06699
vt 0.40433 0.06699
vt 0.32322 0.06699
vt 0.26903 0.06699
vt 0.25000 0.06699
vt 0.26903 0.06699
vt 0.32322 0.06699
vt 0.40433 0.06699
vt 0.50000 0.06699
vt 0.59567 0.06699
vt 0.67678 0.06699
vt 0.73097 0.06699
vt 0.62941 0.01704
vt 0.61956 0.01704
vt 0.59151 0.01704
vt 0.54952 0.01704
vt 0.50000 0.01704
vt 0.45048 0.01704
vt 0.40849 0.01704
vt 0.38044 0.01704
vt 0.37059 0.01704
vt 0.38044 0.01704
vt 0.40849 0.01704
vt 0.45048 0.01704
vt 0.50000 0.01704
vt 0.54952 0.01704
vt 0.59151 0.01704
vt 0.61956 0.01704
vt 0.50000 0.00000
vt 0.50000 0.00000
vt 0.50000 0.00000
vt 0.50000 0.00000
vt 0.50000 0.00000
vt 0.50000 0.00000
vt 0.50000 0.00000
vt 0.50000 0.00000
vt 0.50000 0.00000
vt 0.50000 0.00000
vt 0.50000 0.00000
vt 0.50000 0.00000
vt 0.50000 0.00000
vt 0.50000 0.00000
vt 0.50000 0.00000
vt 0.50000 0.00000
vt 0.50000 1.00000
vt 0.50000 1.00000
vt 0.50000 1.00000
vt 0.50000 1.00000
vt 0.50000 1.00000
vt 0.50000 1.00000
vt 0.50000 1.00000
vt 0.50000 1.00000
vt 0.50000 1.00000
vt 0.50000 1.00000
vt 0.50000 1.00000
vt 0.50000 1.00000
vt 0.50000 1.00000
vt 0.50000 1.00000
vt 0.50000 1.00000
vt 0.50000 1.00000
vt 0.62941 0.98296
vt 0.61956 0.98296
vt 0.59151 0.98296
vt 0.54952 0.98296
vt 0.50000 0.98296
vt 0.45048 0.98296
vt 0.40849 0.98296
vt 0.38044 0.98296
vt 0.37059 0.98296
vt 0.38044 0.98296
vt 0.40849 0.98296
vt 0.45048 0.98296
vt 0.50000 0.98296
vt 0.54952 0.98296
vt 0.59151 0.98296
vt 0.61956 0.98296
vt 0.75000 0.93301
vt 0.73097 0.93301
vt 0.67678 0.93301
vt 0.59567 0.93301
vt 0.50000 0.93301
vt 0.40433 0.93301
vt 0.32322 0.93301
vt 0.26903 0.93301
vt 0.25000 0.93301
vt 0.26903 0.93301
vt 0.32322 0.93301
vt 0.40433 0.93301
vt 0.50000 0.93301
vt 0.59567 0.93301
vt 0.67678 0.93301
vt 0.73097 0.93301
vt 0.85355 0.85355
vt 0.82664 0.85355
vt 0.75000 0.85355
vt 0.63530 0.85355
vt 0.50000 0.85355
vt 0.36470 0.85355
vt 0.25000 0.85355
vt 0.17336 0.85355
vt 0.14645 0.85355
vt 0.17336 0.85355
vt 0.25000 0.85355
vt 0.36470 0.85355
vt 0.50000 0.85355
vt 0.63530 0.85355
vt 0.75000 0.85355
vt 0.82664 0.85355
vt 0.93301 0.75000
vt 0.90005 0.75000
vt 0.80619 0.75000
vt 0.66571 0.75000
vt 0.50000 0.75000
vt 0.33429 0.75000
vt 0.19381 0.75000
vt 0.09995 0.75000
vt 0.06699 0.75000
vt 0.09995 0.75000
vt 0.19381 0.75000
vt 0.33429 0.75000
vt 0.50000 0.75000
vt 0.66571 0.75000
vt 0.80619 0.75000
vt 0.90005 0.75000
vt 0.98296 0.62941
vt 0.94620 0.62941
vt 0.84151 0.62941
vt 0.68482 0.62941
vt 0.50000 0.62941
vt 0.31518 0.62941
vt 0.15849 0.62941
vt 0.05380 0.62941
vt 0.01704 0.62941
vt 0.05380 0.62941
vt 0.15849 0.62941
vt 0.31518 0.62941
vt 0.50000 0.62941
vt 0.68482 0.62941
vt 0.84151 0.62941
vt 0.94620 0.62941
vt 1.00000 0.50000
vt 0.96194 0.50000
vt 0.85355 0.50000
vt 0.69134 0.50000
vt 0.50000 0.50000
vt 0.30866 0.50000
vt 0.14645 0.50000
vt 0.03806 0.50000
vt 0.00000 0.50000
vt 0.03806 0.50000
vt 0.14645 0.50000
vt 0.30866 0.50000
vt 0.50000 0.50000
vt 0.69134 0.50000
vt 0.85355 0.50000
vt 0.96194 0.50000
vt 0.98296 0.37059
vt 0.94620 0.37059
vt 0.84151 0.37059
vt 0.68482 0.37059
vt 0.50000 0.37059
vt 0.31518 0.37059
vt 0.15849 0.37059
vt 0.05380 0.37059
vt 0.01704 0.37059
vt 0.05380 0.37059
vt 0.15849 0.37059
vt 0.31518 0.37059
vt 0.50000 0.37059
vt 0.68482 0.37059
vt 0.84151 0.37059
vt 0.94620 0.37059
vt 0.93301 0.25000
vt 0.90005 0.25000
vt 0.80619 0.25000
vt 0.66571 0.25000
vt 0.50000 0.25000
vt 0.33429 0.25000
vt 0.19381 0.25000
vt 0.09995 0.25000
vt 0.06699 0.25000
vt 0.09995 0.25000
vt 0.19381 0.25000
vt 0.33429 0.25000
vt 0.50000 0.25000
vt 0.66571 0.25000
vt 0.80619 0.25000
vt 0.90005 0.25000
vt 0.85355 0.14645
vt 0.82664 0.14645
vt 0.75000 0.14645
vt 0.63530 0.14645
vt 0.50000 0.14645
vt 0.36470 0.14645
vt 0.25000 0.14645
vt 0.17336 0.14645
vt 0.14645 0.14645
vt 0.17336 0.14645
vt 0.25000 0.14645
vt 0.36470 0.14645
vt 0.50000 0.14645
vt 0.63530 0.14645
vt 0.75000 0.14645
vt 0.82664 0.14645
vt 0.75000 0.06699
vt 0.73097 0.06699
vt 0.67678 0.06699
vt 0.59567 0.06699
vt 0.50000 0.06699
vt 0.40433 0.06699
vt 0.32322 0.06699
vt 0.26903 0.06699
vt 0.25000 0.06699
vt 0.26903 0.06699
vt 0.32322 0.06699
vt 0.40433 0.06699
vt 0.50000 0.06699
vt 0.59567 0.06699
vt 0.67678 0.06699
vt 0.73097 0.06699
vt 0.62941 0.01704
vt 0.61956 0.01704
vt 0.59151 0.01704
vt 0.54952 0.01704
vt 0.50000 0.01704
vt 0.45048 0.01704
vt 0.40849 0.01704
vt 0.38044 0.01704
vt 0.37059 0.01704
vt 0.38044 0.01704
vt 0.40849 0.01704
vt 0.45048 0.01704
vt 0.50000 0.01704
vt 0.54952 0.01704
vt 0.59151 0.01704
vt 0.61956 0.01704
vt 0.50000 0.00000
vt 0.50000 0.00000
vt 0.50000 0.00000
vt 0.50000 0.00000
vt 0.50000 0.00000
vt 0.50000 0.00000
vt 0.50000 0.00000
vt 0.50000 0.00000
vt 0.50000 0.00000
vt 0.50000 0.00000
vt 0.50000 0.00000
vt 0.50000 0.00000
vt 0.50000 0.00000
vt 0.50000 0.00000
vt 0.50000 0.00000
vt 0.50000 0.00000
vn -0.00000 1.00000 -0.00000
vn -0.00000 1.00000 -0.00000
vn -0.00000 1.00000 -0.00000
vn -0.00000 1.00000 -0.00000
vn -0.00000 1.00000 -0.00000
vn -0.00000 1.00000 -0.00000
vn -0.00000 1.00000 -0.00000
vn -0.00000 1.00000 -0.00000
vn -0.00000 1.00000 -0.00000
vn -0.00000 1.00000 -0.00000
vn -0.00000 1.00000 -0.00000
vn -0.00000 1.00000 -0.00000
vn -0.00000 1.00000 0.00000
vn -0.00000 1.00000 0.00000
vn -0.00000 1.00000 0.00000
vn -0.00000 1.00000 0.00000
vn -0.00000 1.00000 0.00000
vn -0.00000 1.00000 0.00000
vn -0.00000 1.00000 0.00000
vn -0.00000 1.00000 0.00000
vn -0.00000 1.00000 0.00000
vn -0.00000 1.00000 0.00000
vn -0.00000 1.00000 0.00000
vn -0.00000 1.00000 0.00000
vn 0.00000 1.00000 0.00000
vn 0.00000 1.00000 0.00000
vn 0.00000 1.00000 0.00000
vn 0.00000 1.00000 0.00000
vn 0.00000 1.00000 0.00000
vn 0.00000 1.00000 0.00000
vn 0.00000 1.00000 0.00000
vn 0.00000 1.00000 0.00000
vn 0.00000 1.00000 0.00000
vn 0.00000 1.00000 0.00000
vn 0.00000 1.00000 0.00000
vn 0.00000 1.00000 0.00000
vn 0.00000 1.00000 0.00000
vn 0.00000 1.00000 -0.00000
vn 0.00000 1.00000 -0.00000
vn 0.00000 1.00000 -0.00000
vn 0.00000 1.00000 -0.00000
vn 0.00000 1.00000 -0.00000
vn 0.00000 1.00000 -0.00000
vn 0.00000 1.00000 -0.00000
vn 0.00000 1.00000 -0.00000
vn 0.00000 1.00000 -0.00000
vn 0.00000 1.00000 -0.00000
vn 0.00000 1.00000 -0.00000
vn -0.00000 0.99619 -0.08716
vn -0.01138 0.99619 -0.08641
vn -0.02256 0.99619 -0.08419
vn -0.03335 0.99619 -0.08052
vn -0.04358 0.99619 -0.07548
vn -0.05306 0.99619 -0.06915
vn -0.06163 0.99619 -0.06163
vn -0.06915 0.99619 -0.05306
vn -0.07548 0.99619 -0.04358
vn -0.08052 0.99619 -0.03335
vn -0.08419 0.99619 -0.02256
vn -0.08641 0.99619 -0.01138
vn -0.08716 0.99619 0.00000
vn -0.08641 0.99619 0.01138
vn -0.08419 0.99619 0.02256
vn -0.08052 0.99619 0.03335
vn -0.07548 0.99619 0.04358
vn -0.06915 0.99619 0.05306
vn -0.06163 0.99619 0.06163
vn -0.05306 0.99619 0.06915
vn -0.04358 0.99619 0.07548
vn -0.03335 0.99619 0.08052
vn -0.02256 0.99619 0.08419
vn -0.01138 0.99619 0.08641
vn 0.00000 0.99619 0.08716
vn 0.01138 0.99619 0.08641
vn 0.02256 0.99619 0.08419
vn 0.03335 0.99619 0.08052
vn 0.04358 0.99619 0.07548
vn 0.05306 0.99619 0.06915
vn 0.06163 0.99619 0.06163
vn 0.06915 0.99619 0.05306
vn 0.07548 0.99619 0.04358
vn 0.08052 0.99619 0.03335
vn 0.08419 0.99619 0.02256
vn 0.08641 0.99619 0.01138
vn 0.08716 0.99619 0.00000
vn 0.08641 0.99619 -0.01138
vn 0.08419 0.99619 -0.02256
vn 0.08052 0.99619 -0.03335
vn 0.07548 0.99619 -0.04358
vn 0.06915 0.99619 -0.05306
vn 0.06163 0.99619 -0.06163
vn 0.05306 0.99619 -0.06915
vn 0.04358 0.99619 -0.07548
vn 0.03335 0.99619 -0.08052
vn 0.02256 0.99619 -0.08419
vn 0.01138 0.99619 -0.08641
vn -0.00000 0.98481 -0.17365
vn -0.02267 0.98481 -0.17216
vn -0.04494 0.98481 -0.16773
vn -0.06645 0.98481 -0.16043
vn -0.08682 0.98481 -0.15038
vn -0.10571 0.98481 -0.13776
vn -0.12279 0.98481 -0.12279
vn -0.13776 0.98481 -0.10571
vn -0.15038 0.98481 -0.08682
vn -0.16043 0.98481 -0.06645
vn -0.16773 0.98481 -0.04494
vn -0.17216 0.98481 -0.02267
vn -0.17365 0.98481 0.00000
vn -0.17216 0.98481 0.02267
vn -0.16773 0.98481 0.04494
vn -0.16043 0.98481 0.06645
vn -0.15038 0.98481 0.08682
vn -0.13776 0.98481 0.10571
vn -0.12279 0.98481 0.12279
vn -0.10571 0.98481 0.13776
vn -0.08682 0.98481 0.15038
vn -0.06645 0.98481 0.16043
vn -0.04494 0.98481 0.16773
vn -0.02267 0.98481 0.17216
vn 0.00000 0.98481 0.17365
vn 0.02267 0.98481 0.17216
vn 0.04494 0.98481 0.16773
vn 0.06645 0.98481 0.16043
vn 0.08682 0.98481 0.15038
vn 0.10571 0.98481 0.13776
vn 0.12279 0.98481 0.12279
vn 0.13776 0.98481 0.10571
vn 0.15038 0.98481 0.08682
vn 0.16043 0.98481 0.06645
vn 0.16773 0.98481 0.04494
vn 0.17216 0.98481 0.02267
vn 0.17365 0.98481 0.00000
vn 0.17216 0.98481 -0.02267
vn 0.16773 0.98481 -0.04494
vn 0.16043 0.98481 -0.06645
vn 0.15038 0.98481 -0.08682
vn 0.13776 0.98481 -0.10571
vn 0.12279 0.98481 -0.12279
vn 0.10571 0.98481 -0.13776
vn 0.08682 0.98481 -0.15038
vn 0.06645 0.98481 -0.16043
vn 0.04494 0.98481 -0.16773
vn 0.02267 0.98481 -0.17216
vn -0.00000 0.96593 -0.25882
vn -0.03378 0.96593 -0.25660
vn -0.06699 0.96593 -0.25000
vn -0.09905 0.96593 -0.23912
vn -0.12941 0.96593 -0.22414
vn -0.15756 0.96593 -0.20533
vn -0.18301 0.96593 -0.18301
vn -0.20533 0.96593 -0.15756
vn -0.22414 0.96593 -0.12941
vn -0.23912 0.96593 -0.09905
vn -0.25000 0.96593 -0.06699
vn -0.25660 0.96593 -0.03378
vn -0.25882 0.96593 0.00000
vn -0.25660 0.96593 0.03378
vn -0.25000 0.96593 0.06699
vn -0.23912 0.96593 0.09905
vn -0.22414 0.96593 0.12941
vn -0.20533 0.96593 0.15756
vn -0.18301 0.96593 0.18301
vn -0.15756 0.96593 0.20533
vn -0.12941 0.96593 0.22414
vn -0.09905 0.96593 0.23912
vn -0.06699 0.96593 0.25000
vn -0.03378 0.96593 0.25660
vn 0.00000 0.96593 0.25882
vn 0.03378 0.96593 0.25660
vn 0.06699 0.96593 0.25000
vn 0.09905 0.96593 0.23912
vn 0.12941 0.96593 0.22414
vn 0.15756 0.96593 0.20533
vn 0.18301 0.96593 0.18301
vn 0.20533 0.96593 0.15756
vn 0.22414 0.96593 0.12941
vn 0.23912 0.96593 0.09905
vn 0.25000 0.96593 0.06699
vn 0.25660 0.96593 0.03378
vn 0.25882 0.96593 0.00000
vn 0.25660 0.96593 -0.03378
vn 0.25000 0.96593 -0.06699
vn 0.23912 0.96593 -0.09905
vn 0.22414 0.96593 -0.12941
vn 0.20533 0.96593 -0.15756
vn 0.18301 0.96593 -0.18301
vn 0.15756 0.96593 -0.20533
vn 0.12941 0.96593 -0.22414
vn 0.09905 0.96593 -0.23912
vn 0.06699 0.96593 -0.25000
vn 0.03378 0.96593 -0.25660
vn -0.00000 0.93969 -0.34202
vn -0.04464 0.93969 -0.33909
vn -0.08852 0.93969 -0.33037
vn -0.13089 0.93969 -0.31599
vn -0.17101 0.93969 -0.29620
vn -0.20821 0.93969 -0.27134
vn -0.24184 0.93969 -0.24184
vn -0.27134 0.93969 -0.20821
vn -0.29620 0.93969 -0.17101
vn -0.31599 0.93969 -0.13089
vn -0.33037 0.93969 -0.08852
vn -0.33909 0.93969 -0.04464
vn -0.34202 0.93969 0.00000
vn -0.33909 0.93969 0.04464
vn -0.33037 0.93969 0.08852
vn -0.31599 0.93969 0.13089
vn -0.29620 0.93969 0.17101
vn -0.27134 0.93969 0.20821
vn -0.24184 0.93969 0.24184
vn -0.20821 0.93969 0.27134
vn -0.17101 0.93969 0.29620
vn -0.13089 0.93969 0.31599
vn -0.08852 0.93969 0.33037
vn -0.04464 0.93969 0.33909
vn 0.00000 0.93969 0.34202
vn 0.04464 0.93969 0.33909
vn 0.08852 0.93969 0.33037
vn 0.13089 0.93969 0.31599
vn 0.17101 0.93969 0.29620
vn 0.20821 0.93969 0.27134
vn 0.24184 0.93969 0.24184
vn 0.27134 0.93969 0.20821
vn 0.29620 0.93969 0.17101
vn 0.31599 0.93969 0.13089
vn 0.33037 0.93969 0.08852
vn 0.33909 0.93969 0.04464
vn 0.34202 0.93969 0.00000
vn 0.33909 0.93969 -0.04464
vn 0.33037 0.93969 -0.08852
vn 0.31599 0.93969 -0.13089
vn 0.29620 0.93969 -0.17101
vn 0.27134 0.93969 -0.20821
vn 0.24184 0.93969 -0.24184
vn 0.20821 0.93969 -0.27134
vn 0.17101 0.93969 -0.29620
vn 0.13089 0.93969 -0.31599
vn 0.08852 0.93969 -0.33037
vn 0.04464 0.93969 -0.33909
vn -0.00000 0.90631 -0.42262
vn -0.05516 0.90631 -0.41900
vn -0.10938 0.90631 -0.40822
vn -0.16173 0.90631 -0.39045
vn -0.21131 0.90631 -0.36600
vn -0.25727 0.90631 -0.33529
vn -0.29884 0.90631 -0.29884
vn -0.33529 0.90631 -0.25727
vn -0.36600 0.90631 -0.21131
vn -0.39045 0.90631 -0.16173
vn -0.40822 0.90631 -0.10938
vn -0.41900 0.90631 -0.05516
vn -0.42262 0.90631 0.00000
vn -0.41900 0.90631 0.05516
vn -0.40822 0.90631 0.10938
vn -0.39045 0.90631 0.16173
vn -0.36600 0.90631 0.21131
vn -0.33529 0.90631 0.25727
vn -0.29884 0.90631 0.29884
vn -0.25727 0.90631 0.33529
vn -0.21131 0.90631 0.36600
vn -0.16173 0.90631 0.39045
vn -0.10938 0.90631 0.40822
vn -0.05516 0.90631 0.41900
vn 0.00000 0.90631 0.42262
vn 0.05516 0.90631 0.41900
vn 0.10938 0.90631 0.40822
vn 0.16173 0.90631 0.39045
vn 0.21131 0.90631 0.36600
vn 0.25727 0.90631 0.33529
vn 0.29884 0.90631 0.29884
vn 0.33529 0.90631 0.25727
vn 0.36600 0.90631 0.21131
vn 0.39045 0.90631 0.16173
vn 0.40822 0.90631 0.10938
vn 0.41900 0.90631 0.05516
vn 0.42262 0.90631 0.00000
vn 0.41900 0.90631 -0.05516
vn 0.40822 0.90631 -0.10938
vn 0.39045 0.90631 -0.16173
vn 0.36600 0.90631 -0.21131
vn 0.33529 0.90631 -0.25727
vn 0.29884 0.90631 -0.29884
vn 0.25727 0.90631 -0.33529
vn 0.21131 0.90631 -0.36600
vn 0.16173 0.90631 -0.39045
vn 0.10938 0.90631 -0.40822
vn 0.05516 0.90631 -0.41900
vn -0.00000 0.86603 -0.50000
vn -0.06526 0.86603 -0.49572
vn -0.12941 0.86603 -0.48296
vn -0.19134 0.86603 -0.46194
vn -0.25000 0.86603 -0.43301
vn -0.30438 0.86603 -0.39668
vn -0.35355 0.86603 -0.35355
vn -0.39668 0.86603 -0.30438
vn -0.43301 0.86603 -0.25000
vn -0.46194 0.86603 -0.19134
vn -0.48296 0.86603 -0.12941
vn -0.49572 0.86603 -0.06526
vn -0.50000 0.86603 0.00000
vn -0.49572 0.86603 0.06526
vn -0.48296 0.86603 0.12941
vn -0.46194 0.86603 0.19134
vn -0.43301 0.86603 0.25000
vn -0.39668 0.86603 0.30438
vn -0.35355 0.86603 0.35355
vn -0.30438 0.86603 0.39668
vn -0.25000 0.86603 0.43301
vn -0.19134 0.86603 0.46194
vn -0.12941 0.86603 0.48296
vn -0.06526 0.86603 0.49572
vn 0.00000 0.86603 0.50000
vn 0.06526 0.86603 0.49572
vn 0.12941 0.86603 0.48296
vn 0.19134 0.86603 0.46194
vn 0.25000 0.86603 0.43301
vn 0.30438 0.86603 0.39668
vn 0.35355 0.86603 0.35355
vn 0.39668 0.86603 0.30438
vn 0.43301 0.86603 0.25000
vn 0.46194 0.86603 0.19134
vn 0.48296 0.86603 0.12941
vn 0.49572 0.86603 0.06526
vn 0.50000 0.86603 0.00000
vn 0.49572 0.86603 -0.06526
vn 0.48296 0.86603 -0.12941
vn 0.46194 0.86603 -0.19134
vn 0.43301 0.86603 -0.25000
vn 0.39668 0.86603 -0.30438
vn 0.35355 0.86603 -0.35355
vn 0.30438 0.86603 -0.39668
vn 0.25000 0.86603 -0.43301
vn 0.19134 0.86603 -0.46194
vn 0.12941 0.86603 -0.48296
vn 0.06526 0.86603 -0.49572
vn -0.00000 0.81915 -0.57358
vn -0.07487 0.81915 -0.56867
vn -0.14845 0.81915 -0.55403
vn -0.21950 0.81915 -0.52992
vn -0.28679 0.81915 -0.49673
vn -0.34917 0.81915 -0.45505
vn -0.40558 0.81915 -0.40558
vn -0.45505 0.81915 -0.34917
vn -0.49673 0.81915 -0.28679
vn -0.52992 0.81915 -0.21950
vn -0.55403 0.81915 -0.14845
vn -0.56867 0.81915 -0.07487
vn -0.57358 0.81915 0.00000
vn -0.56867 0.81915 0.07487
vn -0.55403 0.81915 0.14845
vn -0.52992 0.81915 0.21950
vn -0.49673 0.81915 0.28679
vn -0.45505 0.81915 0.34917
vn -0.40558 0.81915 0.40558
vn -0.34917 0.81915 0.45505
vn -0.28679 0.81915 0.49673
vn -0.21950 0.81915 0.52992
vn -0.14845 0.81915 0.55403
vn -0.07487 0.81915 0.56867
vn 0.00000 0.81915 0.57358
vn 0.07487 0.81915 0.56867
vn 0.14845 0.81915 0.55403
vn 0.21950 0.81915 0.52992
vn 0.28679 0.81915 0.49673
vn 0.34917 0.81915 0.45505
vn 0.40558 0.81915 0.40558
vn 0.45505 0.81915 0.34917
vn 0.49673 0.81915 0.28679
vn 0.52992 0.81915 0.21950
vn 0.55403 0.81915 0.14845
vn 0.56867 0.81915 0.07487
vn 0.57358 0.81915 0.00000
vn 0.56867 0.81915 -0.07487
vn 0.55403 0.81915 -0.14845
vn 0.52992 0.81915 -0.21950
vn 0.49673 0.81915 -0.28679
vn 0.45505 0.81915 -0.34917
vn 0.40558 0.81915 -0.40558
vn 0.34917 0.81915 -0.45505
vn 0.28679 0.81915 -0.49673
vn 0.21950 0.81915 -0.52992
vn 0.14845 0.81915 -0.55403
vn 0.07487 0.81915 -0.56867
vn -0.00000 0.76604 -0.64279
vn -0.08390 0.76604 -0.63729
vn -0.16637 0.76604 -0.62089
vn -0.24598 0.76604 -0.59386
vn -0.32139 0.76604 -0.55667
vn -0.39130 0.76604 -0.50996
vn -0.45452 0.76604 -0.45452
vn -0.50996 0.76604 -0.39130
vn -0.55667 0.76604 -0.32139
vn -0.59386 0.76604 -0.24598
vn -0.62089 0.76604 -0.16637
vn -0.63729 0.76604 -0.08390
vn -0.64279 0.76604 0.00000
vn -0.63729 0.76604 0.08390
vn -0.62089 0.76604 0.16637
vn -0.59386 0.76604 0.24598
vn -0.55667 0.76604 0.32139
vn -0.50996 0.76604 0.39130
vn -0.45452 0.76604 0.45452
vn -0.39130 0.76604 0.50996
vn -0.32139 0.76604 0.55667
vn -0.24598 0.76604 0.59386
vn -0.16637 0.76604 0.62089
vn -0.08390 0.76604 0.63729
vn 0.00000 0.76604 0.64279
vn 0.08390 0.76604 0.63729
vn 0.16637 0.76604 0.62089
vn 0.24598 0.76604 0.59386
vn 0.32139 0.76604 0.55667
vn 0.39130 0.76604 0.50996
vn 0.45452 0.76604 0.45452
vn 0.50996 0.76604 0.39130
vn 0.55667 0.76604 0.32139
vn 0.59386 0.76604 0.24598
vn 0.62089 0.76604 0.16637
vn 0.63729 0.76604 0.08390
vn 0.64279 0.76604 0.00000
vn 0.63729 0.76604 -0.08390
vn 0.62089 0.76604 -0.16637
vn 0.59386 0.76604 -0.24598
vn 0.55667 0.76604 -0.32139
vn 0.50996 0.76604 -0.39130
vn 0.45452 0.76604 -0.45452
vn 0.39130 0.76604 -0.50996
vn 0.32139 0.76604 -0.55667
vn 0.24598 0.76604 -0.59386
vn 0.16637 0.76604 -0.62089
vn 0.08390 0.76604 -0.63729
vn -0.00000 0.70711 -0.70711
vn -0.09230 0.70711 -0.70106
vn -0.18301 0.70711 -0.68301
vn -0.27060 0.70711 -0.65328
vn -0.35355 0.70711 -0.61237
vn -0.43046 0.70711 -0.56099
vn -0.50000 0.70711 -0.50000
vn -0.56099 0.70711 -0.43046
vn -0.61237 0.70711 -0.35355
vn -0.65328 0.70711 -0.27060
vn -0.68301 0.70711 -0.18301
vn -0.70106 0.70711 -0.09230
vn -0.70711 0.70711 0.00000
vn -0.70106 0.70711 0.09230
vn -0.68301 0.70711 0.18301
vn -0.65328 0.70711 0.27060
vn -0.61237 0.70711 0.35355
vn -0.56099 0.70711 0.43046
vn -0.50000 0.70711 0.50000
vn -0.43046 0.70711 0.56099
vn -0.35355 0.70711 0.61237
vn -0.27060 0.70711 0.65328
vn -0.18301 0.70711 0.68301
vn -0.09230 0.70711 0.70106
vn 0.00000 0.70711 0.70711
vn 0.09230 0.70711 0.70106
vn 0.18301 0.70711 0.68301
vn 0.27060 0.70711 0.65328
vn 0.35355 0.70711 0.61237
vn 0.43046 0.70711 0.56099
vn 0.50000 0.70711 0.50000
vn 0.56099 0.70711 0.43046
vn 0.61237 0.70711 0.35355
vn 0.65328 0.70711 0.27060
vn 0.68301 0.70711 0.18301
vn 0.70106 0.70711 0.09230
vn 0.70711 0.70711 0.00000
vn 0.70106 0.70711 -0.09230
vn 0.68301 0.70711 -0.18301
vn 0.65328 0.70711 -0.27060
vn 0.61237 0.70711 -0.35355
vn 0.56099 0.70711 -0.43046
vn 0.50000 0.70711 -0.50000
vn 0.43046 0.70711 -0.56099
vn 0.35355 0.70711 -0.61237
vn 0.27060 0.70711 -0.65328
vn 0.18301 0.70711 -0.68301
vn 0.09230 0.70711 -0.70106
vn -0.00000 0.64279 -0.76604
vn -0.09999 0.64279 -0.75949
vn -0.19827 0.64279 -0.73994
vn -0.29315 0.64279 -0.70773
vn -0.38302 0.64279 -0.66341
vn -0.46634 0.64279 -0.60774
vn -0.54168 0.64279 -0.54168
vn -0.60774 0.64279 -0.46634
vn -0.66341 0.64279 -0.38302
vn -0.70773 0.64279 -0.29315
vn -0.73994 0.64279 -0.19827
vn -0.75949 0.64279 -0.09999
vn -0.76604 0.64279 0.00000
vn -0.75949 0.64279 0.09999
vn -0.73994 0.64279 0.19827
vn -0.70773 0.64279 0.29315
vn -0.66341 0.64279 0.38302
vn -0.60774 0.64279 0.46634
vn -0.54168 0.64279 0.54168
vn -0.46634 0.64279 0.60774
vn -0.38302 0.64279 0.66341
vn -0.29315 0.64279 0.70773
vn -0.19827 0.64279 0.73994
vn -0.09999 0.64279 0.75949
vn 0.00000 0.64279 0.76604
vn 0.09999 0.64279 0.75949
vn 0.19827 0.64279 0.73994
vn 0.29315 0.64279 0.70773
vn 0.38302 0.64279 0.66341
vn 0.46634 0.64279 0.60774
vn 0.54168 0.64279 0.54168
vn 0.60774 0.64279 0.46634
vn 0.66341 0.64279 0.38302
vn 0.70773 0.64279 0.29315
vn 0.73994 0.64279 0.19827
vn 0.75949 0.64279 0.09999
vn 0.76604 0.64279 0.00000
vn 0.75949 0.64279 -0.09999
vn 0.73994 0.64279 -0.19827
vn 0.70773 0.64279 -0.29315
vn 0.66341 0.64279 -0.38302
vn 0.60774 0.64279 -0.46634
vn 0.54168 0.64279 -0.54168
vn 0.46634 0.64279 -0.60774
vn 0.38302 0.64279 -0.66341
vn 0.29315 0.64279 -0.70773
vn 0.19827 0.64279 -0.73994
vn 0.09999 0.64279 -0.75949
vn -0.00000 0.57358 -0.81915
vn -0.10692 0.57358 -0.81214
vn -0.21201 0.57358 -0.79124
vn -0.31348 0.57358 -0.75680
vn -0.40958 0.57358 -0.70941
vn -0.49867 0.57358 -0.64988
vn -0.57923 0.57358 -0.57923
vn -0.64988 0.57358 -0.49867
vn -0.70941 0.57358 -0.40958
vn -0.75680 0.57358 -0.31348
vn -0.79124 0.57358 -0.21201
vn -0.81214 0.57358 -0.10692
vn -0.81915 0.57358 0.00000
vn -0.81214 0.57358 0.10692
vn -0.79124 0.57358 0.21201
vn -0.75680 0.57358 0.31348
vn -0.70941 0.57358 0.40958
vn -0.64988 0.57358 0.49867
vn -0.57923 0.57358 0.57923
vn -0.49867 0.57358 0.64988
vn -0.40958 0.57358 0.70941
vn -0.31348 0.57358 0.75680
vn -0.21201 0.57358 0.79124
vn -0.10692 0.57358 0.81214
vn 0.00000 0.57358 0.81915
vn 0.10692 0.57358 0.81214
vn 0.21201 0.57358 0.79124
vn 0.31348 0.57358 0.75680
vn 0.40958 0.57358 0.70941
vn 0.49867 0.57358 0.64988
vn 0.57923 0.57358 0.57923
vn 0.64988 0.57358 0.49867
vn 0.70941 0.57358 0.40958
vn 0.75680 0.57358 0.31348
vn 0.79124 0.57358 0.21201
vn 0.81214 0.57358 0.10692
vn 0.81915 0.57358 0.00000
vn 0.81214 0.57358 -0.10692
vn 0.79124 0.57358 -0.21201
vn 0.75680 0.57358 -0.31348
vn 0.70941 0.57358 -0.40958
vn 0.64988 0.57358 -0.49867
vn 0.57923 0.57358 -0.57923
vn 0.49867 0.57358 -0.64988
vn 0.40958 0.57358 -0.70941
vn 0.31348 0.57358 -0.75680
vn 0.21201 0.57358 -0.79124
vn 0.10692 0.57358 -0.81214
vn -0.00000 0.50000 -0.86603
vn -0.11304 0.50000 -0.85862
vn -0.22414 0.50000 -0.83652
vn -0.33141 0.50000 -0.80010
vn -0.43301 0.50000 -0.75000
vn -0.52720 0.50000 -0.68706
vn -0.61237 0.50000 -0.61237
vn -0.68706 0.50000 -0.52720
vn -0.75000 0.50000 -0.43301
vn -0.80010 0.50000 -0.33141
vn -0.83652 0.50000 -0.22414
vn -0.85862 0.50000 -0.11304
vn -0.86603 0.50000 0.00000
vn -0.85862 0.50000 0.11304
vn -0.83652 0.50000 0.22414
vn -0.80010 0.50000 0.33141
vn -0.75000 0.50000 0.43301
vn -0.68706 0.50000 0.52720
vn -0.61237 0.50000 0.61237
vn -0.52720 0.50000 0.68706
vn -0.43301 0.50000 0.75000
vn -0.33141 0.50000 0.80010
vn -0.22414 0.50000 0.83652
vn -0.11304 0.50000 0.85862
vn 0.00000 0.50000 0.86603
vn 0.11304 0.50000 0.85862
vn 0.22414 0.50000 0.83652
vn 0.33141 0.50000 0.80010
vn 0.43301 0.50000 0.75000
vn 0.52720 0.50000 0.68706
vn 0.61237 0.50000 0.61237
vn 0.68706 0.50000 0.52720
vn 0.75000 0.50000 0.43301
vn 0.80010 0.50000 0.33141
vn 0.83652 0.50000 0.22414
vn 0.85862 0.50000 0.11304
vn 0.86603 0.50000 0.00000
vn 0.85862 0.50000 -0.11304
vn 0.83652 0.50000 -0.22414
vn 0.80010 0.50000 -0.33141
vn 0.75000 0.50000 -0.43301
vn 0.68706 0.50000 -0.52720
vn 0.61237 0.50000 -0.61237
vn 0.52720 0.50000 -0.68706
vn 0.43301 0.50000 -0.75000
vn 0.33141 0.50000 -0.80010
vn 0.22414 0.50000 -0.83652
vn 0.11304 0.50000 -0.85862
vn -0.00000 0.42262 -0.90631
vn -0.11830 0.42262 -0.89855
vn -0.23457 0.42262 -0.87543
vn -0.34683 0.42262 -0.83732
vn -0.45315 0.42262 -0.78489
vn -0.55173 0.42262 -0.71902
vn -0.64086 0.42262 -0.64086
vn -0.71902 0.42262 -0.55173
vn -0.78489 0.42262 -0.45315
vn -0.83732 0.42262 -0.34683
vn -0.87543 0.42262 -0.23457
vn -0.89855 0.42262 -0.11830
vn -0.90631 0.42262 0.00000
vn -0.89855 0.42262 0.11830
vn -0.87543 0.42262 0.23457
vn -0.83732 0.42262 0.34683
vn -0.78489 0.42262 0.45315
vn -0.71902 0.42262 0.55173
vn -0.64086 0.42262 0.64086
vn -0.55173 0.42262 0.71902
vn -0.45315 0.42262 0.78489
vn -0.34683 0.42262 0.83732
vn -0.23457 0.42262 0.87543
vn -0.11830 0.42262 0.89855
vn 0.00000 0.42262 0.90631
vn 0.11830 0.42262 0.89855
vn 0.23457 0.42262 0.87543
vn 0.34683 0.42262 0.83732
vn 0.45315 0.42262 0.78489
vn 0.55173 0.42262 0.71902
vn 0.64086 0.42262 0.64086
vn 0.71902 0.42262 0.55173
vn 0.78489 0.42262 0.45315
vn 0.83732 0.42262 0.34683
vn 0.87543 0.42262 0.23457
vn 0.89855 0.42262 0.11830
vn 0.90631 0.42262 0.00000
vn 0.89855 0.42262 -0.11830
vn 0.87543 0.42262 -0.23457
vn 0.83732 0.42262 -0.34683
vn 0.78489 0.42262 -0.45315
vn 0.71902 0.42262 -0.55173
vn 0.64086 0.42262 -0.64086
vn 0.55173 0.42262 -0.71902
vn 0.45315 0.42262 -0.78489
vn 0.34683 0.42262 -0.83732
vn 0.23457 0.42262 -0.87543
vn 0.11830 0.42262 -0.89855
vn -0.00000 0.34202 -0.93969
vn -0.12265 0.34202 -0.93165
vn -0.24321 0.34202 -0.90767
vn -0.35960 0.34202 -0.86816
vn -0.46985 0.34202 -0.81380
vn -0.57205 0.34202 -0.74551
vn -0.66446 0.34202 -0.66446
vn -0.74551 0.34202 -0.57205
vn -0.81380 0.34202 -0.46985
vn -0.86816 0.34202 -0.35960
vn -0.90767 0.34202 -0.24321
vn -0.93165 0.34202 -0.12265
vn -0.93969 0.34202 0.00000
vn -0.93165 0.34202 0.12265
vn -0.90767 0.34202 0.24321
vn -0.86816 0.34202 0.35960
vn -0.81380 0.34202 0.46985
vn -0.74551 0.34202 0.57205
vn -0.66446 0.34202 0.66446
vn -0.57205 0.34202 0.74551
vn -0.46985 0.34202 0.81380
vn -0.35960 0.34202 0.86816
vn -0.24321 0.34202 0.90767
vn -0.12265 0.34202 0.93165
vn 0.00000 0.34202 0.93969
vn 0.12265 0.34202 0.93165
vn 0.24321 0.34202 0.90767
vn 0.35960 0.34202 0.86816
vn 0.46985 0.34202 0.81380
vn 0.57205 0.34202 0.74551
vn 0.66446 0.34202 0.66446
vn 0.74551 0.34202 0.57205
vn 0.81380 0.34202 0.46985
vn 0.86816 0.34202 0.35960
vn 0.90767 0.34202 0.24321
vn 0.93165 0.34202 0.12265
vn 0.93969 0.34202 0.00000
vn 0.93165 0.34202 -0.12265
vn 0.90767 0.34202 -0.24321
vn 0.86816 0.34202 -0.35960
vn 0.81380 0.34202 -0.46985
vn 0.74551 0.34202 -0.57205
vn 0.66446 0.34202 -0.66446
vn 0.57205 0.34202 -0.74551
vn 0.46985 0.34202 -0.81380
vn 0.35960 0.34202 -0.86816
vn 0.24321 0.34202 -0.90767
vn 0.12265 0.34202 -0.93165
vn -0.00000 0.25882 -0.96593
vn -0.12608 0.25882 -0.95766
vn -0.25000 0.25882 -0.93301
vn -0.36964 0.25882 -0.89240
vn -0.48296 0.25882 -0.83652
vn -0.58802 0.25882 -0.76632
vn -0.68301 0.25882 -0.68301
vn -0.76632 0.25882 -0.58802
vn -0.83652 0.25882 -0.48296
vn -0.89240 0.25882 -0.36964
vn -0.93301 0.25882 -0.25000
vn -0.95766 0.25882 -0.12608
vn -0.96593 0.25882 0.00000
vn -0.95766 0.25882 0.12608
vn -0.93301 0.25882 0.25000
vn -0.89240 0.25882 0.36964
vn -0.83652 0.25882 0.48296
vn -0.76632 0.25882 0.58802
vn -0.68301 0.25882 0.68301
vn -0.58802 0.25882 0.76632
vn -0.48296 0.25882 0.83652
vn -0.36964 0.25882 0.89240
vn -0.25000 0.25882 0.93301
vn -0.12608 0.25882 0.95766
vn 0.00000 0.25882 0.96593
vn 0.12608 0.25882 0.95766
vn 0.25000 0.25882 0.93301
vn 0.36964 0.25882 0.89240
vn 0.48296 0.25882 0.83652
vn 0.58802 0.25882 0.76632
vn 0.68301 0.25882 0.68301
vn 0.76632 0.25882 0.58802
vn 0.83652 0.25882 0.48296
vn 0.89240 0.25882 0.36964
vn 0.93301 0.25882 0.25000
vn 0.95766 0.25882 0.12608
vn 0.96593 0.25882 0.00000
vn 0.95766 0.25882 -0.12608
vn 0.93301 0.25882 -0.25000
vn 0.89240 0.25882 -0.36964
vn 0.83652 0.25882 -0.48296
vn 0.76632 0.25882 -0.58802
vn 0.68301 0.25882 -0.68301
vn 0.58802 0.25882 -0.76632
vn 0.48296 0.25882 -0.83652
vn 0.36964 0.25882 -0.89240
vn 0.25000 0.25882 -0.93301
vn 0.12608 0.25882 -0.95766
vn -0.00000 0.17365 -0.98481
vn -0.12854 0.17365 -0.97638
vn -0.25489 0.17365 -0.95125
vn -0.37687 0.17365 -0.90984
vn -0.49240 0.17365 -0.85287
vn -0.59951 0.17365 -0.78130
vn -0.69636 0.17365 -0.69636
vn -0.78130 0.17365 -0.59951
vn -0.85287 0.17365 -0.49240
vn -0.90984 0.17365 -0.37687
vn -0.95125 0.17365 -0.25489
vn -0.97638 0.17365 -0.12854
vn -0.98481 0.17365 0.00000
vn -0.97638 0.17365 0.12854
vn -0.95125 0.17365 0.25489
vn -0.90984 0.17365 0.37687
vn -0.85287 0.17365 0.49240
vn -0.78130 0.17365 0.59951
vn -0.69636 0.17365 0.69636
vn -0.59951 0.17365 0.78130
vn -0.49240 0.17365 0.85287
vn -0.37687 0.17365 0.90984
vn -0.25489 0.17365 0.95125
vn -0.12854 0.17365 0.97638
vn 0.00000 0.17365 0.98481
vn 0.12854 0.17365 0.97638
vn 0.25489 0.17365 0.95125
vn 0.37687 0.17365 0.90984
vn 0.49240 0.17365 0.85287
vn 0.59951 0.17365 0.78130
vn 0.69636 0.17365 0.69636
vn 0.78130 0.17365 0.59951
vn 0.85287 0.17365 0.49240
vn 0.90984 0.17365 0.37687
vn 0.95125 0.17365 0.25489
vn 0.97638 0.17365 0.12854
vn 0.98481 0.17365 0.00000
vn 0.97638 0.17365 -0.12854
vn 0.95125 0.17365 -0.25489
vn 0.90984 0.17365 -0.37687
vn 0.85287 0.17365 -0.49240
vn 0.78130 0.17365 -0.59951
vn 0.69636 0.17365 -0.69636
vn 0.59951 0.17365 -0.78130
vn 0.49240 0.17365 -0.85287
vn 0.37687 0.17365 -0.90984
vn 0.25489 0.17365 -0.95125
vn 0.12854 0.17365 -0.97638
vn -0.00000 0.08716 -0.99619
vn -0.13003 0.08716 -0.98767
vn -0.25783 0.08716 -0.96225
vn -0.38123 0.08716 -0.92036
vn -0.49810 0.08716 -0.86273
vn -0.60644 0.08716 -0.79033
vn -0.70442 0.08716 -0.70442
vn -0.79033 0.08716 -0.60644
vn -0.86273 0.08716 -0.49810
vn -0.92036 0.08716 -0.38123
vn -0.96225 0.08716 -0.25783
vn -0.98767 0.08716 -0.13003
vn -0.99619 0.08716 0.00000
vn -0.98767 0.08716 0.13003
vn -0.96225 0.08716 0.25783
vn -0.92036 0.08716 0.38123
vn -0.86273 0.08716 0.49810
vn -0.79033 0.08716 0.60644
vn -0.70442 0.08716 0.70442
vn -0.60644 0.08716 0.79033
vn -0.49810 0.08716 0.86273
vn -0.38123 0.08716 0.92036
vn -0.25783 0.08716 0.96225
vn -0.13003 0.08716 0.98767
vn 0.00000 0.08716 0.99619
vn 0.13003 0.08716 0.98767
vn 0.25783 0.08716 0.96225
vn 0.38123 0.08716 0.92036
vn 0.49810 0.08716 0.86273
vn 0.60644 0.08716 0.79033
vn 0.70442 0.08716 0.70442
vn 0.79033 0.08716 0.60644
vn 0.86273 0.08716 0.49810
vn 0.92036 0.08716 0.38123
vn 0.96225 0.08716 0.25783
vn 0.98767 0.08716 0.13003
vn 0.99619 0.08716 0.00000
vn 0.98767 0.08716 -0.13003
vn 0.96225 0.08716 -0.25783
vn 0.92036 0.08716 -0.38123
vn 0.86273 0.08716 -0.49810
vn 0.79033 0.08716 -0.60644
vn 0.70442 0.08716 -0.70442
vn 0.60644 0.08716 -0.79033
vn 0.49810 0.08716 -0.86273
vn 0.38123 0.08716 -0.92036
vn 0.25783 0.08716 -0.96225
vn 0.13003 0.08716 -0.98767
vn -0.00000 0.00000 -1.00000
vn -0.13053 0.00000 -0.99144
vn -0.25882 0.00000 -0.96593
vn -0.38268 0.00000 -0.92388
vn -0.50000 0.00000 -0.86603
vn -0.60876 0.00000 -0.79335
vn -0.70711 0.00000 -0.70711
vn -0.79335 0.00000 -0.60876
vn -0.86603 0.00000 -0.50000
vn -0.92388 0.00000 -0.38268
vn -0.96593 0.00000 -0.25882
vn -0.99144 0.00000 -0.13053
vn -1.00000 0.00000 0.00000
vn -0.99144 0.00000 0.13053
vn -0.96593 0.00000 0.25882
vn -0.92388 0.00000 0.38268
vn -0.86603 0.00000 0.50000
vn -0.79335 0.00000 0.60876
vn -0.70711 0.00000 0.70711
vn -0.60876 0.00000 0.79335
vn -0.50000 0.00000 0.86603
vn -0.38268 0.00000 0.92388
vn -0.25882 0.00000 0.96593
vn -0.13053 0.00000 0.99144
vn 0.00000 0.00000 1.00000
vn 0.13053 0.00000 0.99144
vn 0.25882 0.00000 0.96593
vn 0.38268 0.00000 0.92388
vn 0.50000 0.00000 0.86603
vn 0.60876 0.00000 0.79335
vn 0.70711 0.00000 0.70711
vn 0.79335 0.00000 0.60876
vn 0.86603 0.00000 0.50000
vn 0.92388 0.00000 0.38268
vn 0.96593 0.00000 0.25882
vn 0.99144 0.00000 0.13053
vn 1.00000 0.00000 0.00000
vn 0.99144 0.00000 -0.13053
vn 0.96593 0.00000 -0.25882
vn 0.92388 0.00000 -0.38268
vn 0.86603 0.00000 -0.50000
vn 0.79335 0.00000 -0.60876
vn 0.70711 0.00000 -0.70711
vn 0.60876 0.00000 -0.79335
vn 0.50000 0.00000 -0.86603
vn 0.38268 0.00000 -0.92388
vn 0.25882 0.00000 -0.96593
vn 0.13053 0.00000 -0.99144
vn -0.00000 -0.08716 -0.99619
vn -0.13003 -0.08716 -0.98767
vn -0.25783 -0.08716 -0.96225
vn -0.38123 -0.08716 -0.92036
vn -0.49810 -0.08716 -0.86273
vn -0.60644 -0.08716 -0.79033
vn -0.70442 -0.08716 -0.70442
vn -0.79033 -0.08716 -0.60644
vn -0.86273 -0.08716 -0.49810
vn -0.92036 -0.08716 -0.38123
vn -0.96225 -0.08716 -0.25783
vn -0.98767 -0.08716 -0.13003
vn -0.99619 -0.08716 0.00000
vn -0.98767 -0.08716 0.13003
vn -0.96225 -0.08716 0.25783
vn -0.92036 -0.08716 0.38123
vn -0.86273 -0.08716 0.49810
vn -0.79033 -0.08716 0.60644
vn -0.70442 -0.08716 0.70442
vn -0.60644 -0.08716 0.79033
vn -0.49810 -0.08716 0.86273
vn -0.38123 -0.08716 0.92036
vn -0.25783 -0.08716 0.96225
vn -0.13003 -0.08716 0.98767
vn 0.00000 -0.08716 0.99619
vn 0.13003 -0.08716 0.98767
vn 0.25783 -0.08716 0.96225
vn 0.38123 -0.08716 0.92036
vn 0.49810 -0.08716 0.86273
vn 0.60644 -0.08716 0.79033
vn 0.70442 -0.08716 0.70442
vn 0.79033 -0.08716 0.60644
vn 0.86273 -0.08716 0.49810
vn 0.92036 -0.08716 0.38123
vn 0.96225 -0.08716 0.25783
vn 0.98767 -0.08716 0.13003
vn 0.99619 -0.08716 0.00000
vn 0.98767 -0.08716 -0.13003
vn 0.96225 -0.08716 -0.25783
vn 0.92036 -0.08716 -0.38123
vn 0.86273 -0.08716 -0.49810
vn 0.79033 -0.08716 -0.60644
vn 0.70442 -0.08716 -0.70442
vn 0.60644 -0.08716 -0.79033
vn 0.49810 -0.08716 -0.86273
vn 0.38123 -0.08716 -0.92036
vn 0.25783 -0.08716 -0.96225
vn 0.13003 -0.08716 -0.98767
vn -0.00000 -0.17365 -0.98481
vn -0.12854 -0.17365 -0.97638
vn -0.25489 -0.17365 -0.95125
vn -0.37687 -0.17365 -0.90984
vn -0.49240 -0.17365 -0.85287
vn -0.59951 -0.17365 -0.78130
vn -0.69636 -0.17365 -0.69636
vn -0.78130 -0.17365 -0.59951
vn -0.85287 -0.17365 -0.49240
vn -0.90984 -0.17365 -0.37687
vn -0.95125 -0.17365 -0.25489
vn -0.97638 -0.17365 -0.12854
vn -0.98481 -0.17365 0.00000
vn -0.97638 -0.17365 0.12854
vn -0.95125 -0.17365 0.25489
vn -0.90984 -0.17365 0.37687
vn -0.85287 -0.17365 0.49240
vn -0.78130 -0.17365 0.59951
vn -0.69636 -0.17365 0.69636
vn -0.59951 -0.17365 0.78130
vn -0.49240 -0.17365 0.85287
vn -0.37687 -0.17365 0.90984
vn -0.25489 -0.17365 0.95125
vn -0.12854 -0.17365 0.97638
vn 0.00000 -0.17365 0.98481
vn 0.12854 -0.17365 0.97638
vn 0.25489 -0.17365 0.95125
vn 0.37687 -0.17365 0.90984
vn 0.49240 -0.17365 0.85287
vn 0.59951 -0.17365 0.78130
vn 0.69636 -0.17365 0.69636
vn 0.78130 -0.17365 0.59951
vn 0.85287 -0.17365 0.49240
vn 0.90984 -0.17365 0.37687
vn 0.95125 -0.17365 0.25489
vn 0.97638 -0.17365 0.12854
vn 0.98481 -0.17365 0.00000
vn 0.97638 -0.17365 -0.12854
vn 0.95125 -0.17365 -0.25489
vn 0.90984 -0.17365 -0.37687
vn 0.85287 -0.17365 -0.49240
vn 0.78130 -0.17365 -0.59951
vn 0.69636 -0.17365 -0.69636
vn 0.59951 -0.17365 -0.78130
vn 0.49240 -0.17365 -0.85287
vn 0.37687 -0.17365 -0.90984
vn 0.25489 -0.17365 -0.95125
vn 0.12854 -0.17365 -0.97638
vn -0.00000 -0.25882 -0.96593
vn -0.12608 -0.25882 -0.95766
vn -0.25000 -0.25882 -0.93301
vn -0.36964 -0.25882 -0.89240
vn -0.48296 -0.25882 -0.83652
vn -0.58802 -0.25882 -0.76632
vn -0.68301 -0.25882 -0.68301
vn -0.76632 -0.25882 -0.58802
vn -0.83652 -0.25882 -0.48296
vn -0.89240 -0.25882 -0.36964
vn -0.93301 -0.25882 -0.25000
vn -0.95766 -0.25882 -0.12608
vn -0.96593 -0.25882 0.00000
vn -0.95766 -0.25882 0.12608
vn -0.93301 -0.25882 0.25000
vn -0.89240 -0.25882 0.36964
vn -0.83652 -0.25882 0.48296
vn -0.76632 -0.25882 0.58802
vn -0.68301 -0.25882 0.68301
vn -0.58802 -0.25882 0.76632
vn -0.48296 -0.25882 0.83652
vn -0.36964 -0.25882 0.89240
vn -0.25000 -0.25882 0.93301
vn -0.12608 -0.25882 0.95766
vn 0.00000 -0.25882 0.96593
vn 0.12608 -0.25882 0.95766
vn 0.25000 -0.25882 0.93301
vn 0.36964 -0.25882 0.89240
vn 0.48296 -0.25882 0.83652
vn 0.58802 -0.25882 0.76632
vn 0.68301 -0.25882 0.68301
vn 0.76632 -0.25882 0.58802
vn 0.83652 -0.25882 0.48296
vn 0.89240 -0.25882 0.36964
vn 0.93301 -0.25882 0.25000
vn 0.95766 -0.25882 0.12608
vn 0.96593 -0.25882 0.00000
vn 0.95766 -0.25882 -0.12608
vn 0.93301 -0.25882 -0.25000
vn 0.89240 -0.25882 -0.36964
vn 0.83652 -0.25882 -0.48296
vn 0.76632 -0.25882 -0.58802
vn 0.68301 -0.25882 -0.68301
vn 0.58802 -0.25882 -0.76632
vn 0.48296 -0.25882 -0.83652
vn 0.36964 -0.25882 -0.89240
vn 0.25000 -0.25882 -0.93301
vn 0.12608 -0.25882 -0.95766
vn -0.00000 -0.34202 -0.93969
vn -0.12265 -0.34202 -0.93165
vn -0.24321 -0.34202 -0.90767
vn -0.35960 -0.34202 -0.86816
vn -0.46985 -0.34202 -0.81380
vn -0.57205 -0.34202 -0.74551
vn -0.66446 -0.34202 -0.66446
vn -0.74551 -0.34202 -0.57205
vn -0.81380 -0.34202 -0.46985
vn -0.86816 -0.34202 -0.35960
vn -0.90767 -0.34202 -0.24321
vn -0.93165 -0.34202 -0.12265
vn -0.93969 -0.34202 0.00000
vn -0.93165 -0.34202 0.12265
vn -0.90767 -0.34202 0.24321
vn -0.86816 -0.34202 0.35960
vn -0.81380 -0.34202 0.46985
vn -0.74551 -0.34202 0.57205
vn -0.66446 -0.34202 0.66446
vn -0.57205 -0.34202 0.74551
vn -0.46985 -0.34202 0.81380
vn -0.35960 -0.34202 0.86816
vn -0.24321 -0.34202 0.90767
vn -0.12265 -0.34202 0.93165
vn 0.00000 -0.34202 0.93969
vn 0.12265 -0.34202 0.93165
vn 0.24321 -0.34202 0.90767
vn 0.35960 -0.34202 0.86816
vn 0.46985 -0.34202 0.81380
vn 0.57205 -0.34202 0.74551
vn 0.66446 -0.34202 0.66446
vn 0.74551 -0.34202 0.57205
vn 0.81380 -0.34202 0.46985
vn 0.86816 -0.34202 0.35960
vn 0.90767 -0.34202 0.24321
vn 0.93165 -0.34202 0.12265
vn 0.93969 -0.34202 0.00000
vn 0.93165 -0.34202 -0.12265
vn 0.90767 -0.34202 -0.24321
vn 0.86816 -0.34202 -0.35960
vn 0.81380 -0.34202 -0.46985
vn 0.74551 -0.34202 -0.57205
vn 0.66446 -0.34202 -0.66446
vn 0.57205 -0.34202 -0.74551
vn 0.46985 -0.34202 -0.81380
vn 0.35960 -0.34202 -0.86816
vn 0.24321 -0.34202 -0.90767
vn 0.12265 -0.34202 -0.93165
vn -0.00000 -0.42262 -0.90631
vn -0.11830 -0.42262 -0.89855
vn -0.23457 -0.42262 -0.87543
vn -0.34683 -0.42262 -0.83732
vn -0.45315 -0.42262 -0.78489
vn -0.55173 -0.42262 -0.71902
vn -0.64086 -0.42262 -0.64086
vn -0.71902 -0.42262 -0.55173
vn -0.78489 -0.42262 -0.45315
vn -0.83732 -0.42262 -0.34683
vn -0.87543 -0.42262 -0.23457
vn -0.89855 -0.42262 -0.11830
vn -0.90631 -0.42262 0.00000
vn -0.89855 -0.42262 0.11830
vn -0.87543 -0.42262 0.23457
vn -0.83732 -0.42262 0.34683
vn -0.78489 -0.42262 0.45315
vn -0.71902 -0.42262 0.55173
vn -0.64086 -0.42262 0.64086
vn -0.55173 -0.42262 0.71902
vn -0.45315 -0.42262 0.78489
vn -0.34683 -0.42262 0.83732
vn -0.23457 -0.42262 0.87543
vn -0.11830 -0.42262 0.89855
vn 0.00000 -0.42262 0.90631
vn 0.11830 -0.42262 0.89855
vn 0.23457 -0.42262 0.87543
vn 0.34683 -0.42262 0.83732
vn 0.45315 -0.42262 0.78489
vn 0.55173 -0.42262 0.71902
vn 0.64086 -0.42262 0.64086
vn 0.71902 -0.42262 0.55173
vn 0.78489 -0.42262 0.45315
vn 0.83732 -0.42262 0.34683
vn 0.87543 -0.42262 0.23457
vn 0.89855 -0.42262 0.11830
vn 0.90631 -0.42262 0.00000
vn 0.89855 -0.42262 -0.11830
vn 0.87543 -0.42262 -0.23457
vn 0.83732 -0.42262 -0.34683
vn 0.78489 -0.42262 -0.45315
vn 0.71902 -0.42262 -0.55173
vn 0.64086 -0.42262 -0.64086
vn 0.55173 -0.42262 -0.71902
vn 0.45315 -0.42262 -0.78489
vn 0.34683 -0.42262 -0.83732
vn 0.23457 -0.42262 -0.87543
vn 0.11830 -0.42262 -0.89855
vn -0.00000 -0.50000 -0.86603
vn -0.11304 -0.50000 -0.85862
vn -0.22414 -0.50000 -0.83652
vn -0.33141 -0.50000 -0.80010
vn -0.43301 -0.50000 -0.75000
vn -0.52720 -0.50000 -0.68706
vn -0.61237 -0.50000 -0.61237
vn -0.68706 -0.50000 -0.52720
vn -0.75000 -0.50000 -0.43301
vn -0.80010 -0.50000 -0.33141
vn -0.83652 -0.50000 -0.22414
vn -0.85862 -0.50000 -0.11304
vn -0.86603 -0.50000 0.00000
vn -0.85862 -0.50000 0.11304
vn -0.83652 -0.50000 0.22414
vn -0.80010 -0.50000 0.33141
vn -0.75000 -0.50000 0.43301
vn -0.68706 -0.50000 0.52720
vn -0.61237 -0.50000 0.61237
vn -0.52720 -0.50000 0.68706
vn -0.43301 -0.50000 0.75000
vn -0.33141 -0.50000 0.80010
vn -0.22414 -0.50000 0.83652
vn -0.11304 -0.50000 0.85862
vn 0.00000 -0.50000 0.86603
vn 0.11304 -0.50000 0.85862
vn 0.22414 -0.50000 0.83652
vn 0.33141 -0.50000 0.80010
vn 0.43301 -0.50000 0.75000
vn 0.52720 -0.50000 0.68706
vn 0.61237 -0.50000 0.61237
vn 0.68706 -0.50000 0.52720
vn 0.75000 -0.50000 0.43301
vn 0.80010 -0.50000 0.33141
vn 0.83652 -0.50000 0.22414
vn 0.85862 -0.50000 0.11304
vn 0.86603 -0.50000 0.00000
vn 0.85862 -0.50000 -0.11304
vn 0.83652 -0.50000 -0.22414
vn 0.80010 -0.50000 -0.33141
vn 0.75000 -0.50000 -0.43301
vn 0.68706 -0.50000 -0.52720
vn 0.61237 -0.50000 -0.61237
vn 0.52720 -0.50000 -0.68706
vn 0.43301 -0.50000 -0.75000
vn 0.33141 -0.50000 -0.80010
vn 0.22414 -0.50000 -0.83652
vn 0.11304 -0.50000 -0.85862
vn -0.00000 -0.57358 -0.81915
vn -0.10692 -0.57358 -0.81214
vn -0.21201 -0.57358 -0.79124
vn -0.31348 -0.57358 -0.75680
vn -0.40958 -0.57358 -0.70941
vn -0.49867 -0.57358 -0.64988
vn -0.57923 -0.57358 -0.57923
vn -0.64988 -0.57358 -0.49867
vn -0.70941 -0.57358 -0.40958
vn -0.75680 -0.57358 -0.31348
vn -0.79124 -0.57358 -0.21201
vn -0.81214 -0.57358 -0.10692
vn -0.81915 -0.57358 0.00000
vn -0.81214 -0.57358 0.10692
vn -0.79124 -0.57358 0.21201
vn -0.75680 -0.57358 0.31348
vn -0.70941 -0.57358 0.40958
vn -0.64988 -0.57358 0.49867
vn -0.57923 -0.57358 0.57923
vn -0.49867 -0.57358 0.64988
vn -0.40958 -0.57358 0.70941
vn -0.31348 -0.57358 0.75680
vn -0.21201 -0.57358 0.79124
vn -0.10692 -0.57358 0.81214
vn 0.00000 -0.57358 0.81915
vn 0.10692 -0.57358 0.81214
vn 0.21201 -0.57358 0.79124
vn 0.31348 -0.57358 0.75680
vn 0.40958 -0.57358 0.70941
vn 0.49867 -0.57358 0.64988
vn 0.57923 -0.57358 0.57923
vn 0.64988 -0.57358 0.49867
vn 0.70941 -0.57358 0.40958
vn 0.75680 -0.57358 0.31348
vn 0.79124 -0.57358 0.21201
vn 0.81214 -0.57358 0.10692
vn 0.81915 -0.57358 0.00000
vn 0.81214 -0.57358 -0.10692
vn 0.79124 -0.57358 -0.21201
vn 0.75680 -0.57358 -0.31348
vn 0.70941 -0.57358 -0.40958
vn 0.64988 -0.57358 -0.49867
vn 0.57923 -0.57358 -0.57923
vn 0.49867 -0.57358 -0.64988
vn 0.40958 -0.57358 -0.70941
vn 0.31348 -0.57358 -0.75680
vn 0.21201 -0.57358 -0.79124
vn 0.10692 -0.57358 -0.81214
vn -0.00000 -0.64279 -0.76604
vn -0.09999 -0.64279 -0.75949
vn -0.19827 -0.64279 -0.73994
vn -0.29315 -0.64279 -0.70773
vn -0.38302 -0.64279 -0.66341
vn -0.46634 -0.64279 -0.60774
vn -0.54168 -0.64279 -0.54168
vn -0.60774 -0.64279 -0.46634
vn -0.66341 -0.64279 -0.38302
vn -0.70773 -0.64279 -0.29315
vn -0.73994 -0.64279 -0.19827
vn -0.75949 -0.64279 -0.09999
vn -0.76604 -0.64279 0.00000
vn -0.75949 -0.64279 0.09999
vn -0.73994 -0.64279 0.19827
vn -0.70773 -0.64279 0.29315
vn -0.66341 -0.64279 0.38302
vn -0.60774 -0.64279 0.46634
vn -0.54168 -0.64279 0.54168
vn -0.46634 -0.64279 0.60774
vn -0.38302 -0.64279 0.66341
vn -0.29315 -0.64279 0.70773
vn -0.19827 -0.64279 0.73994
vn -0.09999 -0.64279 0.75949
vn 0.00000 -0.64279 0.76604
vn 0.09999 -0.64279 0.75949
vn 0.19827 -0.64279 0.73994
vn 0.29315 -0.64279 0.70773
vn 0.38302 -0.64279 0.66341
vn 0.46634 -0.64279 0.60774
vn 0.54168 -0.64279 0.54168
vn 0.60774 -0.64279 0.46634
vn 0.66341 -0.64279 0.38302
vn 0.70773 -0.64279 0.29315
vn 0.73994 -0.64279 0.19827
vn 0.75949 -0.64279 0.09999
vn 0.76604 -0.64279 0.00000
vn 0.75949 -0.64279 -0.09999
vn 0.73994 -0.64279 -0.19827
vn 0.70773 -0.64279 -0.29315
vn 0.66341 -0.64279 -0.38302
vn 0.60774 -0.64279 -0.46634
vn 0.54168 -0.64279 -0.54168
vn 0.46634 -0.64279 -0.60774
vn 0.38302 -0.64279 -0.66341
vn 0.29315 -0.64279 -0.70773
vn 0.19827 -0.64279 -0.73994
vn 0.09999 -0.64279 -0.75949
vn -0.00000 -0.70711 -0.70711
vn -0.09230 -0.70711 -0.70106
vn -0.18301 -0.70711 -0.68301
vn -0.27060 -0.70711 -0.65328
vn -0.35355 -0.70711 -0.61237
vn -0.43046 -0.70711 -0.56099
vn -0.50000 -0.70711 -0.50000
vn -0.56099 -0.70711 -0.43046
vn -0.61237 -0.70711 -0.35355
vn -0.65328 -0.70711 -0.27060
vn -0.68301 -0.70711 -0.18301
vn -0.70106 -0.70711 -0.09230
vn -0.70711 -0.70711 0.00000
vn -0.70106 -0.70711 0.09230
vn -0.68301 -0.70711 0.18301
vn -0.65328 -0.70711 0.27060
vn -0.61237 -0.70711 0.35355
vn -0.56099 -0.70711 0.43046
vn -0.50000 -0.70711 0.50000
vn -0.43046 -0.70711 0.56099
vn -0.35355 -0.70711 0.61237
vn -0.27060 -0.70711 0.65328
vn -0.18301 -0.70711 0.68301
vn -0.09230 -0.70711 0.70106
vn 0.00000 -0.70711 0.70711
vn 0.09230 -0.70711 0.70106
vn 0.18301 -0.70711 0.68301
vn 0.27060 -0.70711 0.65328
vn 0.35355 -0.70711 0.61237
vn 0.43046 -0.70711 0.56099
vn 0.50000 -0.70711 0.50000
vn 0.56099 -0.70711 0.43046
vn 0.61237 -0.70711 0.35355
vn 0.65328 -0.70711 0.27060
vn 0.68301 -0.70711 0.18301
vn 0.70106 -0.70711 0.09230
vn 0.70711 -0.70711 0.00000
vn 0.70106 -0.70711 -0.09230
vn 0.68301 -0.70711 -0.18301
vn 0.65328 -0.70711 -0.27060
vn 0.61237 -0.70711 -0.35355
vn 0.56099 -0.70711 -0.43046
vn 0.50000 -0.70711 -0.50000
vn 0.43046 -0.70711 -0.56099
vn 0.35355 -0.70711 -0.61237
vn 0.27060 -0.70711 -0.65328
vn 0.18301 -0.70711 -0.68301
vn 0.09230 -0.70711 -0.70106
vn -0.00000 -0.76604 -0.64279
vn -0.08390 -0.76604 -0.63729
vn -0.16637 -0.76604 -0.62089
vn -0.24598 -0.76604 -0.59386
vn -0.32139 -0.76604 -0.55667
vn -0.39130 -0.76604 -0.50996
vn -0.45452 -0.76604 -0.45452
vn -0.50996 -0.76604 -0.39130
vn -0.55667 -0.76604 -0.32139
vn -0.59386 -0.76604 -0.24598
vn -0.62089 -0.76604 -0.16637
vn -0.63729 -0.76604 -0.08390
vn -0.64279 -0.76604 0.00000
vn -0.63729 -0.76604 0.08390
vn -0.62089 -0.76604 0.16637
vn -0.59386 -0.76604 0.24598
vn -0.55667 -0.76604 0.32139
vn -0.50996 -0.76604 0.39130
vn -0.45452 -0.76604 0.45452
vn -0.39130 -0.76604 0.50996
vn -0.32139 -0.76604 0.55667
vn -0.24598 -0.76604 0.59386
vn -0.16637 -0.76604 0.62089
vn -0.08390 -0.76604 0.63729
vn 0.00000 -0.76604 0.64279
vn 0.08390 -0.76604 0.63729
vn 0.16637 -0.76604 0.62089
vn 0.24598 -0.76604 0.59386
vn 0.32139 -0.76604 0.55667
vn 0.39130 -0.76604 0.50996
vn 0.45452 -0.76604 0.45452
vn 0.50996 -0.76604 0.39130
vn 0.55667 -0.76604 0.32139
vn 0.59386 -0.76604 0.24598
vn 0.62089 -0.76604 0.16637
vn 0.63729 -0.76604 0.08390
vn 0.64279 -0.76604 0.00000
vn 0.63729 -0.76604 -0.08390
vn 0.62089 -0.76604 -0.16637
vn 0.59386 -0.76604 -0.24598
vn 0.55667 -0.76604 -0.32139
vn 0.50996 -0.76604 -0.39130
vn 0.45452 -0.76604 -0.45452
vn 0.39130 -0.76604 -0.50996
vn 0.32139 -0.76604 -0.55667
vn 0.24598 -0.76604 -0.59386
vn 0.16637 -0.76604 -0.62089
vn 0.08390 -0.76604 -0.63729
vn -0.00000 -0.81915 -0.57358
vn -0.07487 -0.81915 -0.56867
vn -0.14845 -0.81915 -0.55403
vn -0.21950 -0.81915 -0.52992
vn -0.28679 -0.81915 -0.49673
vn -0.34917 -0.81915 -0.45505
vn -0.40558 -0.81915 -0.40558
vn -0.45505 -0.81915 -0.34917
vn -0.49673 -0.81915 -0.28679
vn -0.52992 -0.81915 -0.21950
vn -0.55403 -0.81915 -0.14845
vn -0.56867 -0.81915 -0.07487
vn -0.57358 -0.81915 0.00000
vn -0.56867 -0.81915 0.07487
vn -0.55403 -0.81915 0.14845
vn -0.52992 -0.81915 0.21950
vn -0.49673 -0.81915 0.28679
vn -0.45505 -0.81915 0.34917
vn -0.40558 -0.81915 0.40558
vn -0.34917 -0.81915 0.45505
vn -0.28679 -0.81915 0.49673
vn -0.21950 -0.81915 0.52992
vn -0.14845 -0.81915 0.55403
vn -0.07487 -0.81915 0.56867
vn 0.00000 -0.81915 0.57358
vn 0.07487 -0.81915 0.56867
vn 0.14845 -0.81915 0.55403
vn 0.21950 -0.81915 0.52992
vn 0.28679 -0.81915 0.49673
vn 0.34917 -0.81915 0.45505
vn 0.40558 -0.81915 0.40558
vn 0.45505 -0.81915 0.34917
vn 0.49673 -0.81915 0.28679
vn 0.52992 -0.81915 0.21950
vn 0.55403 -0.81915 0.14845
vn 0.56867 -0.81915 0.07487
vn 0.57358 -0.81915 0.00000
vn 0.56867 -0.81915 -0.07487
vn 0.55403 -0.81915 -0.14845
vn 0.52992 -0.81915 -0.21950
vn 0.49673 -0.81915 -0.28679
vn 0.45505 -0.81915 -0.34917
vn 0.40558 -0.81915 -0.40558
vn 0.34917 -0.81915 -0.45505
vn 0.28679 -0.81915 -0.49673
vn 0.21950 -0.81915 -0.52992
vn 0.14845 -0.81915 -0.55403
vn 0.07487 -0.81915 -0.56867
vn -0.00000 -0.86603 -0.50000
vn -0.06526 -0.86603 -0.49572
vn -0.12941 -0.86603 -0.48296
vn -0.19134 -0.86603 -0.46194
vn -0.25000 -0.86603 -0.43301
vn -0.30438 -0.86603 -0.39668
vn -0.35355 -0.86603 -0.35355
vn -0.39668 -0.86603 -0.30438
vn -0.43301 -0.86603 -0.25000
vn -0.46194 -0.86603 -0.19134
vn -0.48296 -0.86603 -0.12941
vn -0.49572 -0.86603 -0.06526
vn -0.50000 -0.86603 0.00000
vn -0.49572 -0.86603 0.06526
vn -0.48296 -0.86603 0.12941
vn -0.46194 -0.86603 0.19134
vn -0.43301 -0.86603 0.25000
vn -0.39668 -0.86603 0.30438
vn -0.35355 -0.86603 0.35355
vn -0.30438 -0.86603 0.39668
vn -0.25000 -0.86603 0.43301
vn -0.19134 -0.86603 0.46194
vn -0.12941 -0.86603 0.48296
vn -0.06526 -0.86603 0.49572
vn 0.00000 -0.86603 0.50000
vn 0.06526 -0.86603 0.49572
vn 0.12941 -0.86603 0.48296
vn 0.19134 -0.86603 0.46194
vn 0.25000 -0.86603 0.43301
vn 0.30438 -0.86603 0.39668
vn 0.35355 -0.86603 0.35355
vn 0.39668 -0.86603 0.30438
vn 0.43301 -0.86603 0.25000
vn 0.46194 -0.86603 0.19134
vn 0.48296 -0.86603 0.12941
vn 0.49572 -0.86603 0.06526
vn 0.50000 -0.86603 0.00000
vn 0.49572 -0.86603 -0.06526
vn 0.48296 -0.86603 -0.12941
vn 0.46194 -0.86603 -0.19134
vn 0.43301 -0.86603 -0.25000
vn 0.39668 -0.86603 -0.30438
vn 0.35355 -0.86603 -0.35355
vn 0.30438 -0.86603 -0.39668
vn 0.25000 -0.86603 -0.43301
vn 0.19134 -0.86603 -0.46194
vn 0.12941 -0.86603 -0.48296
vn 0.06526 -0.86603 -0.49572
vn -0.00000 -0.90631 -0.42262
vn -0.05516 -0.90631 -0.41900
vn -0.10938 -0.90631 -0.40822
vn -0.16173 -0.90631 -0.39045
vn -0.21131 -0.90631 -0.36600
vn -0.25727 -0.90631 -0.33529
vn -0.29884 -0.90631 -0.29884
vn -0.33529 -0.90631 -0.25727
vn -0.36600 -0.90631 -0.21131
vn -0.39045 -0.90631 -0.16173
vn -0.40822 -0.90631 -0.10938
vn -0.41900 -0.90631 -0.05516
vn -0.42262 -0.90631 0.00000
vn -0.41900 -0.90631 0.05516
vn -0.40822 -0.90631 0.10938
vn -0.39045 -0.90631 0.16173
vn -0.36600 -0.90631 0.21131
vn -0.33529 -0.90631 0.25727
vn -0.29884 -0.90631 0.29884
vn -0.25727 -0.90631 0.33529
vn -0.21131 -0.90631 0.36600
vn -0.16173 -0.90631 0.39045
vn -0.10938 -0.90631 0.40822
vn -0.05516 -0.90631 0.41900
vn 0.00000 -0.90631 0.42262
vn 0.05516 -0.90631 0.41900
vn 0.10938 -0.90631 0.40822
vn 0.16173 -0.90631 0.39045
vn 0.21131 -0.90631 0.36600
vn 0.25727 -0.90631 0.33529
vn 0.29884 -0.90631 0.29884
vn 0.33529 -0.90631 0.25727
vn 0.36600 -0.90631 0.21131
vn 0.39045 -0.90631 0.16173
vn 0.40822 -0.90631 0.10938
vn 0.41900 -0.90631 0.05516
vn 0.42262 -0.90631 0.00000
vn 0.41900 -0.90631 -0.05516
vn 0.40822 -0.90631 -0.10938
vn 0.39045 -0.90631 -0.16173
vn 0.36600 -0.90631 -0.21131
vn 0.33529 -0.90631 -0.25727
vn 0.29884 -0.90631 -0.29884
vn 0.25727 -0.90631 -0.33529
vn 0.21131 -0.90631 -0.36600
vn 0.16173 -0.90631 -0.39045
vn 0.10938 -0.90631 -0.40822
vn 0.05516 -0.90631 -0.41900
vn -0.00000 -0.93969 -0.34202
vn -0.04464 -0.93969 -0.33909
vn -0.08852 -0.93969 -0.33037
vn -0.13089 -0.93969 -0.31599
vn -0.17101 -0.93969 -0.29620
vn -0.20821 -0.93969 -0.27134
vn -0.24184 -0.93969 -0.24184
vn -0.27134 -0.93969 -0.20821
vn -0.29620 -0.93969 -0.17101
vn -0.31599 -0.93969 -0.13089
vn -0.33037 -0.93969 -0.08852
vn -0.33909 -0.93969 -0.04464
vn -0.34202 -0.93969 0.00000
vn -0.33909 -0.93969 0.04464
vn -0.33037 -0.93969 0.08852
vn -0.31599 -0.93969 0.13089
vn -0.29620 -0.93969 0.17101
vn -0.27134 -0.93969 0.20821
vn -0.24184 -0.93969 0.24184
vn -0.20821 -0.93969 0.27134
vn -0.17101 -0.93969 0.29620
vn -0.13089 -0.93969 0.31599
vn -0.08852 -0.93969 0.33037
vn -0.04464 -0.93969 0.33909
vn 0.00000 -0.93969 0.34202
vn 0.04464 -0.93969 0.33909
vn 0.08852 -0.93969 0.33037
vn 0.13089 -0.93969 0.31599
vn 0.17101 -0.93969 0.29620
vn 0.20821 -0.93969 0.27134
vn 0.24184 -0.93969 0.24184
vn 0.27134 -0.93969 0.20821
vn 0.29620 -0.93969 0.17101
vn 0.31599 -0.93969 0.13089
vn 0.33037 -0.93969 0.08852
vn 0.33909 -0.93969 0.04464
vn 0.34202 -0.93969 0.00000
vn 0.33909 -0.93969 -0.04464
vn 0.33037 -0.93969 -0.08852
vn 0.31599 -0.93969 -0.13089
vn 0.29620 -0.93969 -0.17101
vn 0.27134 -0.93969 -0.20821
vn 0.24184 -0.93969 -0.24184
vn 0.20821 -0.93969 -0.27134
vn 0.17101 -0.93969 -0.29620
vn 0.13089 -0.93969 -0.31599
vn 0.08852 -0.93969 -0.33037
vn 0.04464 -0.93969 -0.33909
vn -0.00000 -0.96593 -0.25882
vn -0.03378 -0.96593 -0.25660
vn -0.06699 -0.96593 -0.25000
vn -0.09905 -0.96593 -0.23912
vn -0.12941 -0.96593 -0.22414
vn -0.15756 -0.96593 -0.20533
vn -0.18301 -0.96593 -0.18301
vn -0.20533 -0.96593 -0.15756
vn -0.22414 -0.96593 -0.12941
vn -0.23912 -0.96593 -0.09905
vn -0.25000 -0.96593 -0.06699
vn -0.25660 -0.96593 -0.03378
vn -0.25882 -0.96593 0.00000
vn -0.25660 -0.96593 0.03378
vn -0.25000 -0.96593 0.06699
vn -0.23912 -0.96593 0.09905
vn -0.22414 -0.96593 0.12941
vn -0.20533 -0.96593 0.15756
vn -0.18301 -0.96593 0.18301
vn -0.15756 -0.96593 0.20533
vn -0.12941 -0.96593 0.22414
vn -0.09905 -0.96593 0.23912
vn -0.06699 -0.96593 0.25000
vn -0.03378 -0.96593 0.25660
vn 0.00000 -0.96593 0.25882
vn 0.03378 -0.96593 0.25660
vn 0.06699 -0.96593 0.25000
vn 0.09905 -0.96593 0.23912
vn 0.12941 -0.96593 0.22414
vn 0.15756 -0.96593 0.20533
vn 0.18301 -0.96593 0.18301
vn 0.20533 -0.96593 0.15756
vn 0.22414 -0.96593 0.12941
vn 0.23912 -0.96593 0.09905
vn 0.25000 -0.96593 0.06699
vn 0.25660 -0.96593 0.03378
vn 0.25882 -0.96593 0.00000
vn 0.25660 -0.96593 -0.03378
vn 0.25000 -0.96593 -0.06699
vn 0.23912 -0.96593 -0.09905
vn 0.22414 -0.96593 -0.12941
vn 0.20533 -0.96593 -0.15756
vn 0.18301 -0.96593 -0.18301
vn 0.15756 -0.96593 -0.20533
vn 0.12941 -0.96593 -0.22414
vn 0.09905 -0.96593 -0.23912
vn 0.06699 -0.96593 -0.25000
vn 0.03378 -0.96593 -0.25660
vn -0.00000 -0.98481 -0.17365
vn -0.02267 -0.98481 -0.17216
vn -0.04494 -0.98481 -0.16773
vn -0.06645 -0.98481 -0.16043
vn -0.08682 -0.98481 -0.15038
vn -0.10571 -0.98481 -0.13776
vn -0.12279 -0.98481 -0.12279
vn -0.13776 -0.98481 -0.10571
vn -0.15038 -0.98481 -0.08682
vn -0.16043 -0.98481 -0.06645
vn -0.16773 -0.98481 -0.04494
vn -0.17216 -0.98481 -0.02267
vn -0.17365 -0.98481 0.00000
vn -0.17216 -0.98481 0.02267
vn -0.16773 -0.98481 0.04494
vn -0.16043 -0.98481 0.06645
vn -0.15038 -0.98481 0.08682
vn -0.13776 -0.98481 0.10571
vn -0.12279 -0.98481 0.12279
vn -0.10571 -0.98481 0.13776
vn -0.08682 -0.98481 0.15038
vn -0.06645 -0.98481 0.16043
vn -0.04494 -0.98481 0.16773
vn -0.02267 -0.98481 0.17216
vn 0.00000 -0.98481 0.17365
vn 0.02267 -0.98481 0.17216
vn 0.04494 -0.98481 0.16773
vn 0.06645 -0.98481 0.16043
vn 0.08682 -0.98481 0.15038
vn 0.10571 -0.98481 0.13776
vn 0.12279 -0.98481 0.12279
vn 0.13776 -0.98481 0.10571
vn 0.15038 -0.98481 0.08682
vn 0.16043 -0.98481 0.06645
vn 0.16773 -0.98481 0.04494
vn 0.17216 -0.98481 0.02267
vn 0.17365 -0.98481 0.00000
vn 0.17216 -0.98481 -0.02267
vn 0.16773 -0.98481 -0.04494
vn 0.16043 -0.98481 -0.06645
vn 0.15038 -0.98481 -0.08682
vn 0.13776 -0.98481 -0.10571
vn 0.12279 -0.98481 -0.12279
vn 0.10571 -0.98481 -0.13776
vn 0.08682 -0.98481 -0.15038
vn 0.06645 -0.98481 -0.16043
vn 0.04494 -0.98481 -0.16773
vn 0.02267 -0.98481 -0.17216
vn -0.00000 -0.99619 -0.08716
vn -0.01138 -0.99619 -0.08641
vn -0.02256 -0.99619 -0.08419
vn -0.03335 -0.99619 -0.08052
vn -0.04358 -0.99619 -0.07548
vn -0.05306 -0.99619 -0.06915
vn -0.06163 -0.99619 -0.06163
vn -0.06915 -0.99619 -0.05306
vn -0.07548 -0.99619 -0.04358
vn -0.08052 -0.99619 -0.03335
vn -0.08419 -0.99619 -0.02256
vn -0.08641 -0.99619 -0.01138
vn -0.08716 -0.99619 0.00000
vn -0.08641 -0.99619 0.01138
vn -0.08419 -0.99619 0.02256
vn -0.08052 -0.99619 0.03335
vn -0.07548 -0.99619 0.04358
vn -0.06915 -0.99619 0.05306
vn -0.06163 -0.99619 0.06163
vn -0.05306 -0.99619 0.06915
vn -0.04358 -0.99619 0.07548
vn -0.03335 -0.99619 0.08052
vn -0.02256 -0.99619 0.08419
vn -0.01138 -0.99619 0.08641
vn 0.00000 -0.99619 0.08716
vn 0.01138 -0.99619 0.08641
vn 0.02256 -0.99619 0.08419
vn 0.03335 -0.99619 0.08052
vn 0.04358 -0.99619 0.07548
vn 0.05306 -0.99619 0.06915
vn 0.06163 -0.99619 0.06163
vn 0.06915 -0.99619 0.05306
vn 0.07548 -0.99619 0.04358
vn 0.08052 -0.99619 0.03335
vn 0.08419 -0.99619 0.02256
vn 0.08641 -0.99619 0.01138
vn 0.08716 -0.99619 0.00000
vn 0.08641 -0.99619 -0.01138
vn 0.08419 -0.99619 -0.02256
vn 0.08052 -0.99619 -0.03335
vn 0.07548 -0.99619 -0.04358
vn 0.06915 -0.99619 -0.05306
vn 0.06163 -0.99619 -0.06163
vn 0.05306 -0.99619 -0.06915
vn 0.04358 -0.99619 -0.07548
vn 0.03335 -0.99619 -0.08052
vn 0.02256 -0.99619 -0.08419
vn 0.01138 -0.99619 -0.08641
vn -0.00000 -1.00000 -0.00000
vn -0.00000 -1.00000 -0.00000
vn -0.00000 -1.00000 -0.00000
vn -0.00000 -1.00000 -0.00000
vn -0.00000 -1.00000 -0.00000
vn -0.00000 -1.00000 -0.00000
vn -0.00000 -1.00000 -0.00000
vn -0.00000 -1.00000 -0.00000
vn -0.00000 -1.00000 -0.00000
vn -0.00000 -1.00000 -0.00000
vn -0.00000 -1.00000 -0.00000
vn -0.00000 -1.00000 -0.00000
vn -0.00000 -1.00000 0.00000
vn -0.00000 -1.00000 0.00000
vn -0.00000 -1.00000 0.00000
vn -0.00000 -1.00000 0.00000
vn -0.00000 -1.00000 0.00000
vn -0.00000 -1.00000 0.00000
vn -0.00000 -1.00000 0.00000
vn -0.00000 -1.00000 0.00000
vn -0.00000 -1.00000 0.00000
vn -0.00000 -1.00000 0.00000
vn -0.00000 -1.00000 0.00000
vn -0.00000 -1.00000 0.00000
vn 0.00000 -1.00000 0.00000
vn 0.00000 -1.00000 0.00000
vn 0.00000 -1.00000 0.00000
vn 0.00000 -1.00000 0.00000
vn 0.00000 -1.00000 0.00000
vn 0.00000 -1.00000 0.00000
vn 0.00000 -1.00000 0.00000
vn 0.00000 -1.00000 0.00000
vn 0.00000 -1.00000 0.00000
vn 0.00000 -1.00000 0.00000
vn 0.00000 -1.00000 0.00000
vn 0.00000 -1.00000 0.00000
vn 0.00000 -1.00000 0.00000
vn 0.00000 -1.00000 -0.00000
vn 0.00000 -1.00000 -0.00000
vn 0.00000 -1.00000 -0.00000
vn 0.00000 -1.00000 -0.00000
vn 0.00000 -1.00000 -0.00000
vn 0.00000 -1.00000 -0.00000
vn 0.00000 -1.00000 -0.00000
vn 0.00000 -1.00000 -0.00000
vn 0.00000 -1.00000 -0.00000
vn 0.00000 -1.00000 -0.00000
vn 0.00000 -1.00000 -0.00000
vn 0.00000 1.00000 0.00000
vn 0.00000 1.00000 0.00000
vn 0.00000 1.00000 0.00000
vn 0.00000 1.00000 0.00000
vn 0.00000 1.00000 0.00000
vn -0.00000 1.00000 0.00000
vn -0.00000 1.00000 0.00000
vn -0.00000 1.00000 0.00000
vn -0.00000 1.00000 0.00000
vn -0.00000 1.00000 -0.00000
vn -0.00000 1.00000 -0.00000
vn -0.00000 1.00000 -0.00000
vn -0.00000 1.00000 -0.00000
vn 0.00000 1.00000 -0.00000
vn 0.00000 1.00000 -0.00000
vn 0.00000 1.00000 -0.00000
vn 0.25882 0.96593 0.00000
vn 0.23912 0.96593 0.09905
vn 0.18301 0.96593 0.18301
vn 0.09905 0.96593 0.23912
vn 0.00000 0.96593 0.25882
vn -0.09905 0.96593 0.23912
vn -0.18301 0.96593 0.18301
vn -0.23912 0.96593 0.09905
vn -0.25882 0.96593 0.00000
vn -0.23912 0.96593 -0.09905
vn -0.18301 0.96593 -0.18301
vn -0.09905 0.96593 -0.23912
vn -0.00000 0.96593 -0.25882
vn 0.09905 0.96593 -0.23912
vn 0.18301 0.96593 -0.18301
vn 0.23912 0.96593 -0.09905
vn 0.50000 0.86603 0.00000
vn 0.46194 0.86603 0.19134
vn 0.35355 0.86603 0.35355
vn 0.19134 0.86603 0.46194
vn 0.00000 0.86603 0.50000
vn -0.19134 0.86603 0.46194
vn -0.35355 0.86603 0.35355
vn -0.46194 0.86603 0.19134
vn -0.50000 0.86603 0.00000
vn -0.46194 0.86603 -0.19134
vn -0.35355 0.86603 -0.35355
vn -0.19134 0.86603 -0.46194
vn -0.00000 0.86603 -0.50000
vn 0.19134 0.86603 -0.46194
vn 0.35355 0.86603 -0.35355
vn 0.46194 0.86603 -0.19134
vn 0.70711 0.70711 0.00000
vn 0.65328 0.70711 0.27060
vn 0.50000 0.70711 0.50000
vn 0.27060 0.70711 0.65328
vn 0.00000 0.70711 0.70711
vn -0.27060 0.70711 0.65328
vn -0.50000 0.70711 0.50000
vn -0.65328 0.70711 0.27060
vn -0.70711 0.70711 0.00000
vn -0.65328 0.70711 -0.27060
vn -0.50000 0.70711 -0.50000
vn -0.27060 0.70711 -0.65328
vn -0.00000 0.70711 -0.70711
vn 0.27060 0.70711 -0.65328
vn 0.50000 0.70711 -0.50000
vn 0.65328 0.70711 -0.27060
vn 0.86603 0.50000 0.00000
vn 0.80010 0.50000 0.33141
vn 0.61237 0.50000 0.61237
vn 0.33141 0.50000 0.80010
vn 0.00000 0.50000 0.86603
vn -0.33141 0.50000 0.80010
vn -0.61237 0.50000 0.61237
vn -0.80010 0.50000 0.33141
vn -0.86603 0.50000 0.00000
vn -0.80010 0.50000 -0.33141
vn -0.61237 0.50000 -0.61237
vn -0.33141 0.50000 -0.80010
vn -0.00000 0.50000 -0.86603
vn 0.33141 0.50000 -0.80010
vn 0.61237 0.50000 -0.61237
vn 0.80010 0.50000 -0.33141
vn 0.96593 0.25882 0.00000
vn 0.89240 0.25882 0.36964
vn 0.68301 0.25882 0.68301
vn 0.36964 0.25882 0.89240
vn 0.00000 0.25882 0.96593
vn -0.36964 0.25882 0.89240
vn -0.68301 0.25882 0.68301
vn -0.89240 0.25882 0.36964
vn -0.96593 0.25882 0.00000
vn -0.89240 0.25882 -0.36964
vn -0.68301 0.25882 -0.68301
vn -0.36964 0.25882 -0.89240
vn -0.00000 0.25882 -0.96593
vn 0.36964 0.25882 -0.89240
vn 0.68301 0.25882 -0.68301
vn 0.89240 0.25882 -0.36964
vn 1.00000 0.00000 0.00000
vn 0.92388 0.00000 0.38268
vn 0.70711 0.00000 0.70711
vn 0.38268 0.00000 0.92388
vn 0.00000 0.00000 1.00000
vn -0.38268 0.00000 0.92388
vn -0.70711 0.00000 0.70711
vn -0.92388 0.00000 0.38268
vn -1.00000 0.00000 0.00000
vn -0.92388 0.00000 -0.38268
vn -0.70711 0.00000 -0.70711
vn -0.38268 0.00000 -0.92388
vn -0.00000 0.00000 -1.00000
vn 0.38268 0.00000 -0.92388
vn 0.70711 0.00000 -0.70711
vn 0.92388 0.00000 -0.38268
vn 0.96593 -0.25882 0.00000
vn 0.89240 -0.25882 0.36964
vn 0.68301 -0.25882 0.68301
vn 0.36964 -0.25882 0.89240
vn 0.00000 -0.25882 0.96593
vn -0.36964 -0.25882 0.89240
vn -0.68301 -0.25882 0.68301
vn -0.89240 -0.25882 0.36964
vn -0.96593 -0.25882 0.00000
vn -0.89240 -0.25882 -0.36964
vn -0.68301 -0.25882 -0.68301
vn -0.36964 -0.25882 -0.89240
vn -0.00000 -0.25882 -0.96593
vn 0.36964 -0.25882 -0.89240
vn 0.68301 -0.25882 -0.68301
vn 0.89240 -0.25882 -0.36964
vn 0.86603 -0.50000 0.00000
vn 0.80010 -0.50000 0.33141
vn 0.61237 -0.50000 0.61237
vn 0.33141 -0.50000 0.80010
vn 0.00000 -0.50000 0.86603
vn -0.33141 -0.50000 0.80010
vn -0.61237 -0.50000 0.61237
vn -0.80010 -0.50000 0.33141
vn -0.86603 -0.50000 0.00000
vn -0.80010 -0.50000 -0.33141
vn -0.61237 -0.50000 -0.61237
vn -0.33141 -0.50000 -0.80010
vn -0.00000 -0.50000 -0.86603
vn 0.33141 -0.50000 -0.80010
vn 0.61237 -0.50000 -0.61237
vn 0.80010 -0.50000 -0.33141
vn 0.70711 -0.70711 0.00000
vn 0.65328 -0.70711 0.27060
vn 0.50000 -0.70711 0.50000
vn 0.27060 -0.70711 0.65328
vn 0.00000 -0.70711 0.70711
vn -0.27060 -0.70711 0.65328
vn -0.50000 -0.70711 0.50000
vn -0.65328 -0.70711 0.27060
vn -0.70711 -0.70711 0.00000
vn -0.65328 -0.70711 -0.27060
vn -0.50000 -0.70711 -0.50000
vn -0.27060 -0.70711 -0.65328
vn -0.00000 -0.70711 -0.70711
vn 0.27060 -0.70711 -0.65328
vn 0.50000 -0.70711 -0.50000
vn 0.65328 -0.70711 -0.27060
vn 0.50000 -0.86603 0.00000
vn 0.46194 -0.86603 0.19134
vn 0.35355 -0.86603 0.35355
vn 0.19134 -0.86603 0.46194
vn 0.00000 -0.86603 0.50000
vn -0.19134 -0.86603 0.46194
vn -0.35355 -0.86603 0.35355
vn -0.46194 -0.86603 0.19134
vn -0.50000 -0.86603 0.00000
vn -0.46194 -0.86603 -0.19134
vn -0.35355 -0.86603 -0.35355
vn -0.19134 -0.86603 -0.46194
vn -0.00000 -0.86603 -0.50000
vn 0.19134 -0.86603 -0.46194
vn 0.35355 -0.86603 -0.35355
vn 0.46194 -0.86603 -0.19134
vn 0.25882 -0.96593 0.00000
vn 0.23912 -0.96593 0.09905
vn 0.18301 -0.96593 0.18301
vn 0.09905 -0.96593 0.23912
vn 0.00000 -0.96593 0.25882
vn -0.09905 -0.96593 0.23912
vn -0.18301 -0.96593 0.18301
vn -0.23912 -0.96593 0.09905
vn -0.25882 -0.96593 0.00000
vn -0.23912 -0.96593 -0.09905
vn -0.18301 -0.96593 -0.18301
vn -0.09905 -0.96593 -0.23912
vn -0.00000 -0.96593 -0.25882
vn 0.09905 -0.96593 -0.23912
vn 0.18301 -0.96593 -0.18301
vn 0.23912 -0.96593 -0.09905
vn 0.00000 -1.00000 0.00000
vn 0.00000 -1.00000 0.00000
vn 0.00000 -1.00000 0.00000
vn 0.00000 -1.00000 0.00000
vn 0.00000 -1.00000 0.00000
vn -0.00000 -1.00000 0.00000
vn -0.00000 -1.00000 0.00000
vn -0.00000 -1.00000 0.00000
vn -0.00000 -1.00000 0.00000
vn -0.00000 -1.00000 -0.00000
vn -0.00000 -1.00000 -0.00000
vn -0.00000 -1.00000 -0.00000
vn -0.00000 -1.00000 -0.00000
vn 0.00000 -1.00000 -0.00000
vn 0.00000 -1.00000 -0.00000
vn 0.00000 -1.00000 -0.00000
vn 0.00000 1.00000 0.00000
vn 0.00000 1.00000 0.00000
vn 0.00000 1.00000 0.00000
vn 0.00000 1.00000 0.00000
vn 0.00000 1.00000 0.00000
vn -0.00000 1.00000 0.00000
vn -0.00000 1.00000 0.00000
vn -0.00000 1.00000 0.00000
vn -0.00000 1.00000 0.00000
vn -0.00000 1.00000 -0.00000
vn -0.00000 1.00000 -0.00000
vn -0.00000 1.00000 -0.00000
vn -0.00000 1.00000 -0.00000
vn 0.00000 1.00000 -0.00000
vn 0.00000 1.00000 -0.00000
vn 0.00000 1.00000 -0.00000
vn 0.25882 0.96593 0.00000
vn 0.23912 0.96593 0.09905
vn 0.18301 0.96593 0.18301
vn 0.09905 0.96593 0.23912
vn 0.00000 0.96593 0.25882
vn -0.09905 0.96593 0.23912
vn -0.18301 0.96593 0.18301
vn -0.23912 0.96593 0.09905
vn -0.25882 0.96593 0.00000
vn -0.23912 0.96593 -0.09905
vn -0.18301 0.96593 -0.18301
vn -0.09905 0.96593 -0.23912
vn -0.00000 0.96593 -0.25882
vn 0.09905 0.96593 -0.23912
vn 0.18301 0.96593 -0.18301
vn 0.23912 0.96593 -0.09905
vn 0.50000 0.86603 0.00000
vn 0.46194 0.86603 0.19134
vn 0.35355 0.86603 0.35355
vn 0.19134 0.86603 0.46194
vn 0.00000 0.86603 0.50000
vn -0.19134 0.86603 0.46194
vn -0.35355 0.86603 0.35355
vn -0.46194 0.86603 0.19134
vn -0.50000 0.86603 0.00000
vn -0.46194 0.86603 -0.19134
vn -0.35355 0.86603 -0.35355
vn -0.19134 0.86603 -0.46194
vn -0.00000 0.86603 -0.50000
vn 0.19134 0.86603 -0.46194
vn 0.35355 0.86603 -0.35355
vn 0.46194 0.86603 -0.19134
vn 0.70711 0.70711 0.00000
vn 0.65328 0.70711 0.27060
vn 0.50000 0.70711 0.50000
vn 0.27060 0.70711 0.65328
vn 0.00000 0.70711 0.70711
vn -0.27060 0.70711 0.65328
vn -0.50000 0.70711 0.50000
vn -0.65328 0.70711 0.27060
vn -0.70711 0.70711 0.00000
vn -0.65328 0.70711 -0.27060
vn -0.50000 0.70711 -0.50000
vn -0.27060 0.70711 -0.65328
vn -0.00000 0.70711 -0.70711
vn 0.27060 0.70711 -0.65328
vn 0.50000 0.70711 -0.50000
vn 0.65328 0.70711 -0.27060
vn 0.86603 0.50000 0.00000
vn 0.80010 0.50000 0.33141
vn 0.61237 0.50000 0.61237
vn 0.33141 0.50000 0.80010
vn 0.00000 0.50000 0.86603
vn -0.33141 0.50000 0.80010
vn -0.61237 0.50000 0.61237
vn -0.80010 0.50000 0.33141
vn -0.86603 0.50000 0.00000
vn -0.80010 0.50000 -0.33141
vn -0.61237 0.50000 -0.61237
vn -0.33141 0.50000 -0.80010
vn -0.00000 0.50000 -0.86603
vn 0.33141 0.50000 -0.80010
vn 0.61237 0.50000 -0.61237
vn 0.80010 0.50000 -0.33141
vn 0.96593 0.25882 0.00000
vn 0.89240 0.25882 0.36964
vn 0.68301 0.25882 0.68301
vn 0.36964 0.25882 0.89240
vn 0.00000 0.25882 0.96593
vn -0.36964 0.25882 0.89240
vn -0.68301 0.25882 0.68301
vn -0.89240 0.25882 0.36964
vn -0.96593 0.25882 0.00000
vn -0.89240 0.25882 -0.36964
vn -0.68301 0.25882 -0.68301
vn -0.36964 0.25882 -0.89240
vn -0.00000 0.25882 -0.96593
vn 0.36964 0.25882 -0.89240
vn 0.68301 0.25882 -0.68301
vn 0.89240 0.25882 -0.36964
vn 1.00000 0.00000 0.00000
vn 0.92388 0.00000 0.38268
vn 0.70711 0.00000 0.70711
vn 0.38268 0.00000 0.92388
vn 0.00000 0.00000 1.00000
vn -0.38268 0.00000 0.92388
vn -0.70711 0.00000 0.70711
vn -0.92388 0.00000 0.38268
vn -1.00000 0.00000 0.00000
vn -0.92388 0.00000 -0.38268
vn -0.70711 0.00000 -0.70711
vn -0.38268 0.00000 -0.92388
vn -0.00000 0.00000 -1.00000
vn 0.38268 0.00000 -0.92388
vn 0.70711 0.00000 -0.70711
vn 0.92388 0.00000 -0.38268
vn 0.96593 -0.25882 0.00000
vn 0.89240 -0.25882 0.36964
vn 0.68301 -0.25882 0.68301
vn 0.36964 -0.25882 0.89240
vn 0.00000 -0.25882 0.96593
vn -0.36964 -0.25882 0.89240
vn -0.68301 -0.25882 0.68301
vn -0.89240 -0.25882 0.36964
vn -0.96593 -0.25882 0.00000
vn -0.89240 -0.25882 -0.36964
vn -0.68301 -0.25882 -0.68301
vn -0.36964 -0.25882 -0.89240
vn -0.00000 -0.25882 -0.96593
vn 0.36964 -0.25882 -0.89240
vn 0.68301 -0.25882 -0.68301
vn 0.89240 -0.25882 -0.36964
vn 0.86603 -0.50000 0.00000
vn 0.80010 -0.50000 0.33141
vn 0.61237 -0.50000 0.61237
vn 0.33141 -0.50000 0.80010
vn 0.00000 -0.50000 0.86603
vn -0.33141 -0.50000 0.80010
vn -0.61237 -0.50000 0.61237
vn -0.80010 -0.50000 0.33141
vn -0.86603 -0.50000 0.00000
vn -0.80010 -0.50000 -0.33141
vn -0.61237 -0.50000 -0.61237
vn -0.33141 -0.50000 -0.80010
vn -0.00000 -0.50000 -0.86603
vn 0.33141 -0.50000 -0.80010
vn 0.61237 -0.50000 -0.61237
vn 0.80010 -0.50000 -0.33141
vn 0.70711 -0.70711 0.00000
vn 0.65328 -0.70711 0.27060
vn 0.50000 -0.70711 0.50000
vn 0.27060 -0.70711 0.65328
vn 0.00000 -0.70711 0.70711
vn -0.27060 -0.70711 0.65328
vn -0.50000 -0.70711 0.50000
vn -0.65328 -0.70711 0.27060
vn -0.70711 -0.70711 0.00000
vn -0.65328 -0.70711 -0.27060
vn -0.50000 -0.70711 -0.50000
vn -0.27060 -0.70711 -0.65328
vn -0.00000 -0.70711 -0.70711
vn 0.27060 -0.70711 -0.65328
vn 0.50000 -0.70711 -0.50000
vn 0.65328 -0.70711 -0.27060
vn 0.50000 -0.86603 0.00000
vn 0.46194 -0.86603 0.19134
vn 0.35355 -0.86603 0.35355
vn 0.19134 -0.86603 0.46194
vn 0.00000 -0.86603 0.50000
vn -0.19134 -0.86603 0.46194
vn -0.35355 -0.86603 0.35355
vn -0.46194 -0.86603 0.19134
vn -0.50000 -0.86603 0.00000
vn -0.46194 -0.86603 -0.19134
vn -0.35355 -0.86603 -0.35355
vn -0.19134 -0.86603 -0.46194
vn -0.00000 -0.86603 -0.50000
vn 0.19134 -0.86603 -0.46194
vn 0.35355 -0.86603 -0.35355
vn 0.46194 -0.86603 -0.19134
vn 0.25882 -0.96593 0.00000
vn 0.23912 -0.96593 0.09905
vn 0.18301 -0.96593 0.18301
vn 0.09905 -0.96593 0.23912
vn 0.00000 -0.96593 0.25882
vn -0.09905 -0.96593 0.23912
vn -0.18301 -0.96593 0.18301
vn -0.23912 -0.96593 0.09905
vn -0.25882 -0.96593 0.00000
vn -0.23912 -0.96593 -0.09905
vn -0.18301 -0.96593 -0.18301
vn -0.09905 -0.96593 -0.23912
vn -0.00000 -0.96593 -0.25882
vn 0.09905 -0.96593 -0.23912
vn 0.18301 -0.96593 -0.18301
vn 0.23912 -0.96593 -0.09905
vn 0.00000 -1.00000 0.00000
vn 0.00000 -1.00000 0.00000
vn 0.00000 -1.00000 0.00000
vn 0.00000 -1.00000 0.00000
vn 0.00000 -1.00000 0.00000
vn -0.00000 -1.00000 0.00000
vn -0.00000 -1.00000 0.00000
vn -0.00000 -1.00000 0.00000
vn -0.00000 -1.00000 0.00000
vn -0.00000 -1.00000 -0.00000
vn -0.00000 -1.00000 -0.00000
vn -0.00000 -1.00000 -0.00000
vn -0.00000 -1.00000 -0.00000
vn 0.00000 -1.00000 -0.00000
vn 0.00000 -1.00000 -0.00000
vn 0.00000 -1.00000 -0.00000
usemtl SkinFace
f 1/1/1 49/49/49 50/50/50
f 1/1/1 50/50/50 2/2/2
f 2/2/2 50/50/50 51/51/51
f 2/2/2 51/51/51 3/3/3
f 3/3/3 51/51/51 52/52/52
f 3/3/3 52/52/52 4/4/4
f 4/4/4 52/52/52 53/53/53
f 4/4/4 53/53/53 5/5/5
f 5/5/5 53/53/53 54/54/54
f 5/5/5 54/54/54 6/6/6
f 6/6/6 54/54/54 55/55/55
f 6/6/6 55/55/55 7/7/7
f 7/7/7 55/55/55 56/56/56
f 7/7/7 56/56/56 8/8/8
f 8/8/8 56/56/56 57/57/57
f 8/8/8 57/57/57 9/9/9
f 9/9/9 57/57/57 58/58/58
f 9/9/9 58/58/58 10/10/10
f 10/10/10 58/58/58 59/59/59
f 10/10/10 59/59/59 11/11/11
f 11/11/11 59/59/59 60/60/60
f 11/11/11 60/60/60 12/12/12
f 12/12/12 60/60/60 61/61/61
f 12/12/12 61/61/61 13/13/13
f 13/13/13 61/61/61 62/62/62
f 13/13/13 62/62/62 14/14/14
f 14/14/14 62/62/62 63/63/63
f 14/14/14 63/63/63 15/15/15
f 15/15/15 63/63/63 64/64/64
f 15/15/15 64/64/64 16/16/16
f 16/16/16 64/64/64 65/65/65
f 16/16/16 65/65/65 17/17/17
f 17/17/17 65/65/65 66/66/66
f 17/17/17 66/66/66 18/18/18
f 18/18/18 66/66/66 67/67/67
f 18/18/18 67/67/67 19/19/19
f 19/19/19 67/67/67 68/68/68
f 19/19/19 68/68/68 20/20/20
f 20/20/20 68/68/68 69/69/69
f 20/20/20 69/69/69 21/21/21
f 21/21/21 69/69/69 70/70/70
f 21/21/21 70/70/70 22/22/22
f 22/22/22 70/70/70 71/71/71
f 22/22/22 71/71/71 23/23/23
f 23/23/23 71/71/71 72/72/72
f 23/23/23 72/72/72 24/24/24
f 24/24/24 72/72/72 73/73/73
f 24/24/24 73/73/73 25/25/25
f 25/25/25 73/73/73 74/74/74
f 25/25/25 74/74/74 26/26/26
f 26/26/26 74/74/74 75/75/75
f 26/26/26 75/75/75 27/27/27
f 27/27/27 75/75/75 76/76/76
f 27/27/27 76/76/76 28/28/28
f 28/28/28 76/76/76 77/77/77
f 28/28/28 77/77/77 29/29/29
f 29/29/29 77/77/77 78/78/78
f 29/29/29 78/78/78 30/30/30
f 30/30/30 78/78/78 79/79/79
f 30/30/30 79/79/79 31/31/31
f 31/31/31 79/79/79 80/80/80
f 31/31/31 80/80/80 32/32/32
f 32/32/32 80/80/80 81/81/81
f 32/32/32 81/81/81 33/33/33
f 33/33/33 81/81/81 82/82/82
f 33/33/33 82/82/82 34/34/34
f 34/34/34 82/82/82 83/83/83
f 34/34/34 83/83/83 35/35/35
f 35/35/35 83/83/83 84/84/84
f 35/35/35 84/84/84 36/36/36
f 36/36/36 84/84/84 85/85/85
f 36/36/36 85/85/85 37/37/37
f 37/37/37 85/85/85 86/86/86
f 37/37/37 86/86/86 38/38/38
f 38/38/38 86/86/86 87/87/87
f 38/38/38 87/87/87 39/39/39
f 39/39/39 87/87/87 88/88/88
f 39/39/39 88/88/88 40/40/40
f 40/40/40 88/88/88 89/89/89
f 40/40/40 89/89/89 41/41/41
f 41/41/41 89/89/89 90/90/90
f 41/41/41 90/90/90 42/42/42
f 42/42/42 90/90/90 91/91/91
f 42/42/42 91/91/91 43/43/43
f 43/43/43 91/91/91 92/92/92
f 43/43/43 92/92/92 44/44/44
f 44/44/44 92/92/92 93/93/93
f 44/44/44 93/93/93 45/45/45
f 45/45/45 93/93/93 94/94/94
f 45/45/45 94/94/94 46/46/46
f 46/46/46 94/94/94 95/95/95
f 46/46/46 95/95/95 47/47/47
f 47/47/47 95/95/95 96/96/96
f 47/47/47 96/96/96 48/48/48
f 48/48/48 96/96/96 49/49/49
f 48/48/48 49/49/49 1/1/1
f 49/49/49 97/97/97 98/98/98
f 49/49/49 98/98/98 50/50/50
f 50/50/50 98/98/98 99/99/99
f 50/50/50 99/99/99 51/51/51
f 51/51/51 99/99/99 100/100/100
f 51/51/51 100/100/100 52/52/52
f 52/52/52 100/100/100 101/101/101
f 52/52/52 101/101/101 53/53/53
f 53/53/53 101/101/101 102/102/102
f 53/53/53 102/102/102 54/54/54
f 54/54/54 102/102/102 103/103/103
f 54/54/54 103/103/103 55/55/55
f 55/55/55 103/103/103 104/104/104
f 55/55/55 104/104/104 56/56/56
f 56/56/56 104/104/104 105/105/105
f 56/56/56 105/105/105 57/57/57
f 57/57/57 105/105/105 106/106/106
f 57/57/57 106/106/106 58/58/58
f 58/58/58 106/106/106 107/107/107
f 58/58/58 107/107/107 59/59/59
f 59/59/59 107/107/107 108/108/108
f 59/59/59 108/108/108 60/60/60
f 60/60/60 108/108/108 109/109/109
f 60/60/60 109/109/109 61/61/61
f 61/61/61 109/109/109 110/110/110
f 61/61/61 110/110/110 62/62/62
f 62/62/62 110/110/110 111/111/111
f 62/62/62 111/111/111 63/63/63
f 63/63/63 111/111/111 112/112/112
f 63/63/63 112/112/112 64/64/64
f 64/64/64 112/112/112 113/113/113
f 64/64/64 113/113/113 65/65/65
f 65/65/65 113/113/113 114/114/114
f 65/65/65 114/114/114 66/66/66
f 66/66/66 114/114/114 115/115/115
f 66/66/66 115/115/115 67/67/67
f 67/67/67 115/115/115 116/116/116
f 67/67/67 116/116/116 68/68/68
f 68/68/68 116/116/116 117/117/117
f 68/68/68 117/117/117 69/69/69
f 69/69/69 117/117/117 118/118/118
f 69/69/69 118/118/118 70/70/70
f 70/70/70 118/118/118 119/119/119
f 70/70/70 119/119/119 71/71/71
f 71/71/71 119/119/119 120/120/120
f 71/71/71 120/120/120 72/72/72
f 72/72/72 120/120/120 121/121/121
f 72/72/72 121/121/121 73/73/73
f 73/73/73 121/121/121 122/122/122
f 73/73/73 122/122/122 74/74/74
f 74/74/74 122/122/122 123/123/123
f 74/74/74 123/123/123 75/75/75
f 75/75/75 123/123/123 124/124/124
f 75/75/75 124/124/124 76/76/76
f 76/76/76 124/124/124 125/125/125
f 76/76/76 125/125/125 77/77/77
f 77/77/77 125/125/125 126/126/126
f 77/77/77 126/126/126 78/78/78
f 78/78/78 126/126/126 127/127/127
f 78/78/78 127/127/127 79/79/79
f 79/79/79 127/127/127 128/128/128
f 79/79/79 128/128/128 80/80/80
f 80/80/80 128/128/128 129/129/129
f 80/80/80 129/129/129 81/81/81
f 81/81/81 129/129/129 130/130/130
f 81/81/81 130/130/130 82/82/82
f 82/82/82 130/130/130 131/131/131
f 82/82/82 131/131/131 83/83/83
f 83/83/83 131/131/131 132/132/132
f 83/83/83 132/132/132 84/84/84
f 84/84/84 132/132/132 133/133/133
f 84/84/84 133/133/133 85/85/85
f 85/85/85 133/133/133 134/134/134
f 85/85/85 134/134/134 86/86/86
f 86/86/86 134/134/134 135/135/135
f 86/86/86 135/135/135 87/87/87
f 87/87/87 135/135/135 136/136/136
f 87/87/87 136/136/136 88/88/88
f 88/88/88 136/136/136 137/137/137
f 88/88/88 137/137/137 89/89/89
f 89/89/89 137/137/137 138/138/138
f 89/89/89 138/138/138 90/90/90
f 90/90/90 138/138/138 139/139/139
f 90/90/90 139/139/139 91/91/91
f 91/91/91 139/139/139 140/140/140
f 91/91/91 140/140/140 92/92/92
f 92/92/92 140/140/140 141/141/141
f 92/92/92 141/141/141 93/93/93
f 93/93/93 141/141/141 142/142/142
f 93/93/93 142/142/142 94/94/94
f 94/94/94 142/142/142 143/143/143
f 94/94/94 143/143/143 95/95/95
f 95/95/95 143/143/143 144/144/144
f 95/95/95 144/144/144 96/96/96
f 96/96/96 144/144/144 97/97/97
f 96/96/96 97/97/97 49/49/49
f 97/97/97 145/145/145 146/146/146
f 97/97/97 146/146/146 98/98/98
f 98/98/98 146/146/146 147/147/147
f 98/98/98 147/147/147 99/99/99
f 99/99/99 147/147/147 148/148/148
f 99/99/99 148/148/148 100/100/100
f 100/100/100 148/148/148 149/149/149
f 100/100/100 149/149/149 101/101/101
f 101/101/101 149/149/149 150/150/150
f 101/101/101 150/150/150 102/102/102
f 102/102/102 150/150/150 151/151/151
f 102/102/102 151/151/151 103/103/103
f 103/103/103 151/151/151 152/152/152
f 103/103/103 152/152/152 104/104/104
f 104/104/104 152/152/152 153/153/153
f 104/104/104 153/153/153 105/105/105
f 105/105/105 153/153/153 154/154/154
f 105/105/105 154/154/154 106/106/106
f 106/106/106 154/154/154 155/155/155
f 106/106/106 155/155/155 107/107/107
f 107/107/107 155/155/155 156/156/156
f 107/107/107 156/156/156 108/108/108
f 108/108/108 156/156/156 157/157/157
f 108/108/108 157/157/157 109/109/109
f 109/109/109 157/157/157 158/158/158
f 109/109/109 158/158/158 110/110/110
f 110/110/110 158/158/158 159/159/159
f 110/110/110 159/159/159 111/111/111
f 111/111/111 159/159/159 160/160/160
f 111/111/111 160/160/160 112/112/112
f 112/112/112 160/160/160 161/161/161
f 112/112/112 161/161/161 113/113/113
f 113/113/113 161/161/161 162/162/162
f 113/113/113 162/162/162 114/114/114
f 114/114/114 162/162/162 163/163/163
f 114/114/114 163/163/163 115/115/115
f 115/115/115 163/163/163 164/164/164
f 115/115/115 164/164/164 116/116/116
f 116/116/116 164/164/164 165/165/165
f 116/116/116 165/165/165 117/117/117
f 117/117/117 165/165/165 166/166/166
f 117/117/117 166/166/166 118/118/118
f 118/118/118 166/166/166 167/167/167
f 118/118/118 167/167/167 119/119/119
f 119/119/119 167/167/167 168/168/168
f 119/119/119 168/168/168 120/120/120
f 120/120/120 168/168/168 169/169/169
f 120/120/120 169/169/169 121/121/121
f 121/121/121 169/169/169 170/170/170
f 121/121/121 170/170/170 122/122/122
f 122/122/122 170/170/170 171/171/171
f 122/122/122 171/171/171 123/123/123
f 123/123/123 171/171/171 172/172/172
f 123/123/123 172/172/172 124/124/124
f 124/124/124 172/172/172 173/173/173
f 124/124/124 173/173/173 125/125/125
f 125/125/125 173/173/173 174/174/174
f 125/125/125 174/174/174 126/126/126
f 126/126/126 174/174/174 175/175/175
f 126/126/126 175/175/175 127/127/127
f 127/127/127 175/175/175 176/176/176
f 127/127/127 176/176/176 128/128/128
f 128/128/128 176/176/176 177/177/177
f 128/128/128 177/177/177 129/129/129
f 129/129/129 177/177/177 178/178/178
f 129/129/129 178/178/178 130/130/130
f 130/130/130 178/178/178 179/179/179
f 130/130/130 179/179/179 131/131/131
f 131/131/131 179/179/179 180/180/180
f 131/131/131 180/180/180 132/132/132
f 132/132/132 180/180/180 181/181/181
f 132/132/132 181/181/181 133/133/133
f 133/133/133 181/181/181 182/182/182
f 133/133/133 182/182/182 134/134/134
f 134/134/134 182/182/182 183/183/183
f 134/134/134 183/183/183 135/135/135
f 135/135/135 183/183/183 184/184/184
f 135/135/135 184/184/184 136/136/136
f 136/136/136 184/184/184 185/185/185
f 136/136/136 185/185/185 137/137/137
f 137/137/137 185/185/185 186/186/186
f 137/137/137 186/186/186 138/138/138
f 138/138/138 186/186/186 187/187/187
f 138/138/138 187/187/187 139/139/139
f 139/139/139 187/187/187 188/188/188
f 139/139/139 188/188/188 140/140/140
f 140/140/140 188/188/188 189/189/189
f 140/140/140 189/189/189 141/141/141
f 141/141/141 189/189/189 190/190/190
f 141/141/141 190/190/190 142/142/142
f 142/142/142 190/190/190 191/191/191
f 142/142/142 191/191/191 143/143/143
f 143/143/143 191/191/191 192/192/192
f 143/143/143 192/192/192 144/144/144
f 144/144/144 192/192/192 145/145/145
f 144/144/144 145/145/145 97/97/97
f 145/145/145 193/193/193 194/194/194
f 145/145/145 194/194/194 146/146/146
f 146/146/146 194/194/194 195/195/195
f 146/146/146 195/195/195 147/147/147
f 147/147/147 195/195/195 196/196/196
f 147/147/147 196/196/196 148/148/148
f 148/148/148 196/196/196 197/197/197
f 148/148/148 197/197/197 149/149/149
f 149/149/149 197/197/197 198/198/198
f 149/149/149 198/198/198 150/150/150
f 150/150/150 198/198/198 199/199/199
f 150/150/150 199/199/199 151/151/151
f 151/151/151 199/199/199 200/200/200
f 151/151/151 200/200/200 152/152/152
f 152/152/152 200/200/200 201/201/201
f 152/152/152 201/201/201 153/153/153
f 153/153/153 201/201/201 202/202/202
f 153/153/153 202/202/202 154/154/154
f 154/154/154 202/202/202 203/203/203
f 154/154/154 203/203/203 155/155/155
f 155/155/155 203/203/203 204/204/204
f 155/155/155 204/204/204 156/156/156
f 156/156/156 204/204/204 205/205/205
f 156/156/156 205/205/205 157/157/157
f 157/157/157 205/205/205 206/206/206
f 157/157/157 206/206/206 158/158/158
f 158/158/158 206/206/206 207/207/207
f 158/158/158 207/207/207 159/159/159
f 159/159/159 207/207/207 208/208/208
f 159/159/159 208/208/208 160/160/160
f 160/160/160 208/208/208 209/209/209
f 160/160/160 209/209/209 161/161/161
f 161/161/161 209/209/209 210/210/210
f 161/161/161 210/210/210 162/162/162
f 162/162/162 210/210/210 211/211/211
f 162/162/162 211/211/211 163/163/163
f 163/163/163 211/211/211 212/212/212
f 163/163/163 212/212/212 164/164/164
f 164/164/164 212/212/212 213/213/213
f 164/164/164 213/213/213 165/165/165
f 165/165/165 213/213/213 214/214/214
f 165/165/165 214/214/214 166/166/166
f 166/166/166 214/214/214 215/215/215
f 166/166/166 215/215/215 167/167/167
f 167/167/167 215/215/215 216/216/216
f 167/167/167 216/216/216 168/168/168
f 168/168/168 216/216/216 217/217/217
f 168/168/168 217/217/217 169/169/169
f 169/169/169 217/217/217 218/218/218
f 169/169/169 218/218/218 170/170/170
f 170/170/170 218/218/218 219/219/219
f 170/170/170 219/219/219 171/171/171
f 171/171/171 219/219/219 220/220/220
f 171/171/171 220/220/220 172/172/172
f 172/172/172 220/220/220 221/221/221
f 172/172/172 221/221/221 173/173/173
f 173/173/173 221/221/221 222/222/222
f 173/173/173 222/222/222 174/174/174
f 174/174/174 222/222/222 223/223/223
f 174/174/174 223/223/223 175/175/175
f 175/175/175 223/223/223 224/224/224
f 175/175/175 224/224/224 176/176/176
f 176/176/176 224/224/224 225/225/225
f 176/176/176 225/225/225 177/177/177
f 177/177/177 225/225/225 226/226/226
f 177/177/177 226/226/226 178/178/178
f 178/178/178 226/226/226 227/227/227
f 178/178/178 227/227/227 179/179/179
f 179/179/179 227/227/227 228/228/228
f 179/179/179 228/228/228 180/180/180
f 180/180/180 228/228/228 229/229/229
f 180/180/180 229/229/229 181/181/181
f 181/181/181 229/229/229 230/230/230
f 181/181/181 230/230/230 182/182/182
f 182/182/182 230/230/230 231/231/231
f 182/182/182 231/231/231 183/183/183
f 183/183/183 231/231/231 232/232/232
f 183/183/183 232/232/232 184/184/184
f 184/184/184 232/232/232 233/233/233
f 184/184/184 233/233/233 185/185/185
f 185/185/185 233/233/233 234/234/234
f 185/185/185 234/234/234 186/186/186
f 186/186/186 234/234/234 235/235/235
f 186/186/186 235/235/235 187/187/187
f 187/187/187 235/235/235 236/236/236
f 187/187/187 236/236/236 188/188/188
f 188/188/188 236/236/236 237/237/237
f 188/188/188 237/237/237 189/189/189
f 189/189/189 237/237/237 238/238/238
f 189/189/189 238/238/238 190/190/190
f 190/190/190 238/238/238 239/239/239
f 190/190/190 239/239/239 191/191/191
f 191/191/191 239/239/239 240/240/240
f 191/191/191 240/240/240 192/192/192
f 192/192/192 240/240/240 193/193/193
f 192/192/192 193/193/193 145/145/145
f 193/193/193 241/241/241 242/242/242
f 193/193/193 242/242/242 194/194/194
f 194/194/194 242/242/242 243/243/243
f 194/194/194 243/243/243 195/195/195
f 195/195/195 243/243/243 244/244/244
f 195/195/195 244/244/244 196/196/196
f 196/196/196 244/244/244 245/245/245
f 196/196/196 245/245/245 197/197/197
f 197/197/197 245/245/245 246/246/246
f 197/197/197 246/246/246 198/198/198
f 198/198/198 246/246/246 247/247/247
f 198/198/198 247/247/247 199/199/199
f 199/199/199 247/247/247 248/248/248
f 199/199/199 248/248/248 200/200/200
f 200/200/200 248/248/248 249/249/249
f 200/200/200 249/249/249 201/201/201
f 201/201/201 249/249/249 250/250/250
f 201/201/201 250/250/250 202/202/202
f 202/202/202 250/250/250 251/251/251
f 202/202/202 251/251/251 203/203/203
f 203/203/203 251/251/251 252/252/252
f 203/203/203 252/252/252 204/204/204
f 204/204/204 252/252/252 253/253/253
f 204/204/204 253/253/253 205/205/205
f 205/205/205 253/253/253 254/254/254
f 205/205/205 254/254/254 206/206/206
f 206/206/206 254/254/254 255/255/255
f 206/206/206 255/255/255 207/207/207
f 207/207/207 255/255/255 256/256/256
f 207/207/207 256/256/256 208/208/208
f 208/208/208 256/256/256 257/257/257
f 208/208/208 257/257/257 209/209/209
f 209/209/209 257/257/257 258/258/258
f 209/209/209 258/258/258 210/210/210
f 210/210/210 258/258/258 259/259/259
f 210/210/210 259/259/259 211/211/211
f 211/211/211 259/259/259 260/260/260
f 211/211/211 260/260/260 212/212/212
f 212/212/212 260/260/260 261/261/261
f 212/212/212 261/261/261 213/213/213
f 213/213/213 261/261/261 262/262/262
f 213/213/213 262/262/262 214/214/214
f 214/214/214 262/262/262 263/263/263
f 214/214/214 263/263/263 215/215/215
f 215/215/215 263/263/263 264/264/264
f 215/215/215 264/264/264 216/216/216
f 216/216/216 264/264/264 265/265/265
f 216/216/216 265/265/265 217/217/217
f 217/217/217 265/265/265 266/266/266
f 217/217/217 266/266/266 218/218/218
f 218/218/218 266/266/266 267/267/267
f 218/218/218 267/267/267 219/219/219
f 219/219/219 267/267/267 268/268/268
f 219/219/219 268/268/268 220/220/220
f 220/220/220 268/268/268 269/269/269
f 220/220/220 269/269/269 221/221/221
f 221/221/221 269/269/269 270/270/270
f 221/221/221 270/270/270 222/222/222
f 222/222/222 270/270/270 271/271/271
f 222/222/222 271/271/271 223/223/223
f 223/223/223 271/271/271 272/272/272
f 223/223/223 272/272/272 224/224/224
f 224/224/224 272/272/272 273/273/273
f 224/224/224 273/273/273 225/225/225
f 225/225/225 273/273/273 274/274/274
f 225/225/225 274/274/274 226/226/226
f 226/226/226 274/274/274 275/275/275
f 226/226/226 275/275/275 227/227/227
f 227/227/227 275/275/275 276/276/276
f 227/227/227 276/276/276 228/228/228
f 228/228/228 276/276/276 277/277/277
f 228/228/228 277/277/277 229/229/229
f 229/229/229 277/277/277 278/278/278
f 229/229/229 278/278/278 230/230/230
f 230/230/230 278/278/278 279/279/279
f 230/230/230 279/279/279 231/231/231
f 231/231/231 279/279/279 280/280/280
f 231/231/231 280/280/280 232/232/232
f 232/232/232 280/280/280 281/281/281
f 232/232/232 281/281/281 233/233/233
f 233/233/233 281/281/281 282/282/282
f 233/233/233 282/282/282 234/234/234
f 234/234/234 282/282/282 283/283/283
f 234/234/234 283/283/283 235/235/235
f 235/235/235 283/283/283 284/284/284
f 235/235/235 284/284/284 236/236/236
f 236/236/236 284/284/284 285/285/285
f 236/236/236 285/285/285 237/237/237
f 237/237/237 285/285/285 286/286/286
f 237/237/237 286/286/286 238/238/238
f 238/238/238 286/286/286 287/287/287
f 238/238/238 287/287/287 239/239/239
f 239/239/239 287/287/287 288/288/288
f 239/239/239 288/288/288 240/240/240
f 240/240/240 288/288/288 241/241/241
f 240/240/240 241/241/241 193/193/193
f 241/241/241 289/289/289 290/290/290
f 241/241/241 290/290/290 242/242/242
f 242/242/242 290/290/290 291/291/291
f 242/242/242 291/291/291 243/243/243
f 243/243/243 291/291/291 292/292/292
f 243/243/243 292/292/292 244/244/244
f 244/244/244 292/292/292 293/293/293
f 244/244/244 293/293/293 245/245/245
f 245/245/245 293/293/293 294/294/294
f 245/245/245 294/294/294 246/246/246
f 246/246/246 294/294/294 295/295/295
f 246/246/246 295/295/295 247/247/247
f 247/247/247 295/295/295 296/296/296
f 247/247/247 296/296/296 248/248/248
f 248/248/248 296/296/296 297/297/297
f 248/248/248 297/297/297 249/249/249
f 249/249/249 297/297/297 298/298/298
f 249/249/249 298/298/298 250/250/250
f 250/250/250 298/298/298 299/299/299
f 250/250/250 299/299/299 251/251/251
f 251/251/251 299/299/299 300/300/300
f 251/251/251 300/300/300 252/252/252
f 252/252/252 300/300/300 301/301/301
f 252/252/252 301/301/301 253/253/253
f 253/253/253 301/301/301 302/302/302
f 253/253/253 302/302/302 254/254/254
f 254/254/254 302/302/302 303/303/303
f 254/254/254 303/303/303 255/255/255
f 255/255/255 303/303/303 304/304/304
f 255/255/255 304/304/304 256/256/256
f 256/256/256 304/304/304 305/305/305
f 256/256/256 305/305/305 257/257/257
f 257/257/257 305/305/305 306/306/306
f 257/257/257 306/306/306 258/258/258
f 258/258/258 306/306/306 307/307/307
f 258/258/258 307/307/307 259/259/259
f 259/259/259 307/307/307 308/308/308
f 259/259/259 308/308/308 260/260/260
f 260/260/260 308/308/308 309/309/309
f 260/260/260 309/309/309 261/261/261
f 261/261/261 309/309/309 310/310/310
f 261/261/261 310/310/310 262/262/262
f 262/262/262 310/310/310 311/311/311
f 262/262/262 311/311/311 263/263/263
f 263/263/263 311/311/311 312/312/312
f 263/263/263 312/312/312 264/264/264
f 264/264/264 312/312/312 313/313/313
f 264/264/264 313/313/313 265/265/265
f 265/265/265 313/313/313 314/314/314
f 265/265/265 314/314/314 266/266/266
f 266/266/266 314/314/314 315/315/315
f 266/266/266 315/315/315 267/267/267
f 267/267/267 315/315/315 316/316/316
f 267/267/267 316/316/316 268/268/268
f 268/268/268 316/316/316 317/317/317
f 268/268/268 317/317/317 269/269/269
f 269/269/269 317/317/317 318/318/318
f 269/269/269 318/318/318 270/270/270
f 270/270/270 318/318/318 319/319/319
f 270/270/270 319/319/319 271/271/271
f 271/271/271 319/319/319 320/320/320
f 271/271/271 320/320/320 272/272/272
f 272/272/272 320/320/320 321/321/321
f 272/272/272 321/321/321 273/273/273
f 273/273/273 321/321/321 322/322/322
f 273/273/273 322/322/322 274/274/274
f 274/274/274 322/322/322 323/323/323
f 274/274/274 323/323/323 275/275/275
f 275/275/275 323/323/323 324/324/324
f 275/275/275 324/324/324 276/276/276
f 276/276/276 324/324/324 325/325/325
f 276/276/276 325/325/325 277/277/277
f 277/277/277 325/325/325 326/326/326
f 277/277/277 326/326/326 278/278/278
f 278/278/278 326/326/326 327/327/327
f 278/278/278 327/327/327 279/279/279
f 279/279/279 327/327/327 328/328/328
f 279/279/279 328/328/328 280/280/280
f 280/280/280 328/328/328 329/329/329
f 280/280/280 329/329/329 281/281/281
f 281/281/281 329/329/329 330/330/330
f 281/281/281 330/330/330 282/282/282
f 282/282/282 330/330/330 331/331/331
f 282/282/282 331/331/331 283/283/283
f 283/283/283 331/331/331 332/332/332
f 283/283/283 332/332/332 284/284/284
f 284/284/284 332/332/332 333/333/333
f 284/284/284 333/333/333 285/285/285
f 285/285/285 333/333/333 334/334/334
f 285/285/285 334/334/334 286/286/286
f 286/286/286 334/334/334 335/335/335
f 286/286/286 335/335/335 287/287/287
f 287/287/287 335/335/335 336/336/336
f 287/287/287 336/336/336 288/288/288
f 288/288/288 336/336/336 289/289/289
f 288/288/288 289/289/289 241/241/241
f 289/289/289 337/337/337 338/338/338
f 289/289/289 338/338/338 290/290/290
f 290/290/290 338/338/338 339/339/339
f 290/290/290 339/339/339 291/291/291
f 291/291/291 339/339/339 340/340/340
f 291/291/291 340/340/340 292/292/292
f 292/292/292 340/340/340 341/341/341
f 292/292/292 341/341/341 293/293/293
f 293/293/293 341/341/341 342/342/342
f 293/293/293 342/342/342 294/294/294
f 294/294/294 342/342/342 343/343/343
f 294/294/294 343/343/343 295/295/295
f 295/295/295 343/343/343 344/344/344
f 295/295/295 344/344/344 296/296/296
f 296/296/296 344/344/344 345/345/345
f 296/296/296 345/345/345 297/297/297
f 297/297/297 345/345/345 346/346/346
f 297/297/297 346/346/346 298/298/298
f 298/298/298 346/346/346 347/347/347
f 298/298/298 347/347/347 299/299/299
f 299/299/299 347/347/347 348/348/348
f 299/299/299 348/348/348 300/300/300
f 300/300/300 348/348/348 349/349/349
f 300/300/300 349/349/349 301/301/301
f 301/301/301 349/349/349 350/350/350
f 301/301/301 350/350/350 302/302/302
f 302/302/302 350/350/350 351/351/351
f 302/302/302 351/351/351 303/303/303
f 303/303/303 351/351/351 352/352/352
f 303/303/303 352/352/352 304/304/304
f 304/304/304 352/352/352 353/353/353
f 304/304/304 353/353/353 305/305/305
f 305/305/305 353/353/353 354/354/354
f 305/305/305 354/354/354 306/306/306
f 306/306/306 354/354/354 355/355/355
f 306/306/306 355/355/355 307/307/307
f 307/307/307 355/355/355 356/356/356
f 307/307/307 356/356/356 308/308/308
f 308/308/308 356/356/356 357/357/357
f 308/308/308 357/357/357 309/309/309
f 309/309/309 357/357/357 358/358/358
f 309/309/309 358/358/358 310/310/310
f 310/310/310 358/358/358 359/359/359
f 310/310/310 359/359/359 311/311/311
f 311/311/311 359/359/359 360/360/360
f 311/311/311 360/360/360 312/312/312
f 312/312/312 360/360/360 361/361/361
f 312/312/312 361/361/361 313/313/313
f 313/313/313 361/361/361 362/362/362
f 313/313/313 362/362/362 314/314/314
f 314/314/314 362/362/362 363/363/363
f 314/314/314 363/363/363 315/315/315
f 315/315/315 363/363/363 364/364/364
f 315/315/315 364/364/364 316/316/316
f 316/316/316 364/364/364 365/365/365
f 316/316/316 365/365/365 317/317/317
f 317/317/317 365/365/365 366/366/366
f 317/317/317 366/366/366 318/318/318
f 318/318/318 366/366/366 367/367/367
f 318/318/318 367/367/367 319/319/319
f 319/319/319 367/367/367 368/368/368
f 319/319/319 368/368/368 320/320/320
f 320/320/320 368/368/368 369/369/369
f 320/320/320 369/369/369 321/321/321
f 321/321/321 369/369/369 370/370/370
f 321/321/321 370/370/370 322/322/322
f 322/322/322 370/370/370 371/371/371
f 322/322/322 371/371/371 323/323/323
f 323/323/323 371/371/371 372/372/372
f 323/323/323 372/372/372 324/324/324
f 324/324/324 372/372/372 373/373/373
f 324/324/324 373/373/373 325/325/325
f 325/325/325 373/373/373 374/374/374
f 325/325/325 374/374/374 326/326/326
f 326/326/326 374/374/374 375/375/375
f 326/326/326 375/375/375 327/327/327
f 327/327/327 375/375/375 376/376/376
f 327/327/327 376/376/376 328/328/328
f 328/328/328 376/376/376 377/377/377
f 328/328/328 377/377/377 329/329/329
f 329/329/329 377/377/377 378/378/378
f 329/329/329 378/378/378 330/330/330
f 330/330/330 378/378/378 379/379/379
f 330/330/330 379/379/379 331/331/331
f 331/331/331 379/379/379 380/380/380
f 331/331/331 380/380/380 332/332/332
f 332/332/332 380/380/380 381/381/381
f 332/332/332 381/381/381 333/333/333
f 333/333/333 381/381/381 382/382/382
f 333/333/333 382/382/382 334/334/334
f 334/334/334 382/382/382 383/383/383
f 334/334/334 383/383/383 335/335/335
f 335/335/335 383/383/383 384/384/384
f 335/335/335 384/384/384 336/336/336
f 336/336/336 384/384/384 337/337/337
f 336/336/336 337/337/337 289/289/289
f 337/337/337 385/385/385 386/386/386
f 337/337/337 386/386/386 338/338/338
f 338/338/338 386/386/386 387/387/387
f 338/338/338 387/387/387 339/339/339
f 339/339/339 387/387/387 388/388/388
f 339/339/339 388/388/388 340/340/340
f 340/340/340 388/388/388 389/389/389
f 340/340/340 389/389/389 341/341/341
f 341/341/341 389/389/389 390/390/390
f 341/341/341 390/390/390 342/342/342
f 342/342/342 390/390/390 391/391/391
f 342/342/342 391/391/391 343/343/343
f 343/343/343 391/391/391 392/392/392
f 343/343/343 392/392/392 344/344/344
f 344/344/344 392/392/392 393/393/393
f 344/344/344 393/393/393 345/345/345
f 345/345/345 393/393/393 394/394/394
f 345/345/345 394/394/394 346/346/346
f 346/346/346 394/394/394 395/395/395
f 346/346/346 395/395/395 347/347/347
f 347/347/347 395/395/395 396/396/396
f 347/347/347 396/396/396 348/348/348
f 348/348/348 396/396/396 397/397/397
f 348/348/348 397/397/397 349/349/349
f 349/349/349 397/397/397 398/398/398
f 349/349/349 398/398/398 350/350/350
f 350/350/350 398/398/398 399/399/399
f 350/350/350 399/399/399 351/351/351
f 351/351/351 399/399/399 400/400/400
f 351/351/351 400/400/400 352/352/352
f 352/352/352 400/400/400 401/401/401
f 352/352/352 401/401/401 353/353/353
f 353/353/353 401/401/401 402/402/402
f 353/353/353 402/402/402 354/354/354
f 354/354/354 402/402/402 403/403/403
f 354/354/354 403/403/403 355/355/355
f 355/355/355 403/403/403 404/404/404
f 355/355/355 404/404/404 356/356/356
f 356/356/356 404/404/404 405/405/405
f 356/356/356 405/405/405 357/357/357
f 357/357/357 405/405/405 406/406/406
f 357/357/357 406/406/406 358/358/358
f 358/358/358 406/406/406 407/407/407
f 358/358/358 407/407/407 359/359/359
f 359/359/359 407/407/407 408/408/408
f 359/359/359 408/408/408 360/360/360
f 360/360/360 408/408/408 409/409/409
f 360/360/360 409/409/409 361/361/361
f 361/361/361 409/409/409 410/410/410
f 361/361/361 410/410/410 362/362/362
f 362/362/362 410/410/410 411/411/411
f 362/362/362 411/411/411 363/363/363
f 363/363/363 411/411/411 412/412/412
f 363/363/363 412/412/412 364/364/364
f 364/364/364 412/412/412 413/413/413
f 364/364/364 413/413/413 365/365/365
f 365/365/365 413/413/413 414/414/414
f 365/365/365 414/414/414 366/366/366
f 366/366/366 414/414/414 415/415/415
f 366/366/366 415/415/415 367/367/367
f 367/367/367 415/415/415 416/416/416
f 367/367/367 416/416/416 368/368/368
f 368/368/368 416/416/416 417/417/417
f 368/368/368 417/417/417 369/369/369
f 369/369/369 417/417/417 418/418/418
f 369/369/369 418/418/418 370/370/370
f 370/370/370 418/418/418 419/419/419
f 370/370/370 419/419/419 371/371/371
f 371/371/371 419/419/419 420/420/420
f 371/371/371 420/420/420 372/372/372
f 372/372/372 420/420/420 421/421/421
f 372/372/372 421/421/421 373/373/373
f 373/373/373 421/421/421 422/422/422
f 373/373/373 422/422/422 374/374/374
f 374/374/374 422/422/422 423/423/423
f 374/374/374 423/423/423 375/375/375
f 375/375/375 423/423/423 424/424/424
f 375/375/375 424/424/424 376/376/376
f 376/376/376 424/424/424 425/425/425
f 376/376/376 425/425/425 377/377/377
f 377/377/377 425/425/425 426/426/426
f 377/377/377 426/426/426 378/378/378
f 378/378/378 426/426/426 427/427/427
f 378/378/378 427/427/427 379/379/379
f 379/379/379 427/427/427 428/428/428
f 379/379/379 428/428/428 380/380/380
f 380/380/380 428/428/428 429/429/429
f 380/380/380 429/429/429 381/381/381
f 381/381/381 429/429/429 430/430/430
f 381/381/381 430/430/430 382/382/382
f 382/382/382 430/430/430 431/431/431
f 382/382/382 431/431/431 383/383/383
f 383/383/383 431/431/431 432/432/432
f 383/383/383 432/432/432 384/384/384
f 384/384/384 432/432/432 385/385/385
f 384/384/384 385/385/385 337/337/337
f 385/385/385 433/433/433 434/434/434
f 385/385/385 434/434/434 386/386/386
f 386/386/386 434/434/434 435/435/435
f 386/386/386 435/435/435 387/387/387
f 387/387/387 435/435/435 436/436/436
f 387/387/387 436/436/436 388/388/388
f 388/388/388 436/436/436 437/437/437
f 388/388/388 437/437/437 389/389/389
f 389/389/389 437/437/437 438/438/438
f 389/389/389 438/438/438 390/390/390
f 390/390/390 438/438/438 439/439/439
f 390/390/390 439/439/439 391/391/391
f 391/391/391 439/439/439 440/440/440
f 391/391/391 440/440/440 392/392/392
f 392/392/392 440/440/440 441/441/441
f 392/392/392 441/441/441 393/393/393
f 393/393/393 441/441/441 442/442/442
f 393/393/393 442/442/442 394/394/394
f 394/394/394 442/442/442 443/443/443
f 394/394/394 443/443/443 395/395/395
f 395/395/395 443/443/443 444/444/444
f 395/395/395 444/444/444 396/396/396
f 396/396/396 444/444/444 445/445/445
f 396/396/396 445/445/445 397/397/397
f 397/397/397 445/445/445 446/446/446
f 397/397/397 446/446/446 398/398/398
f 398/398/398 446/446/446 447/447/447
f 398/398/398 447/447/447 399/399/399
f 399/399/399 447/447/447 448/448/448
f 399/399/399 448/448/448 400/400/400
f 400/400/400 448/448/448 449/449/449
f 400/400/400 449/449/449 401/401/401
f 401/401/401 449/449/449 450/450/450
f 401/401/401 450/450/450 402/402/402
f 402/402/402 450/450/450 451/451/451
f 402/402/402 451/451/451 403/403/403
f 403/403/403 451/451/451 452/452/452
f 403/403/403 452/452/452 404/404/404
f 404/404/404 452/452/452 453/453/453
f 404/404/404 453/453/453 405/405/405
f 405/405/405 453/453/453 454/454/454
f 405/405/405 454/454/454 406/406/406
f 406/406/406 454/454/454 455/455/455
f 406/406/406 455/455/455 407/407/407
f 407/407/407 455/455/455 456/456/456
f 407/407/407 456/456/456 408/408/408
f 408/408/408 456/456/456 457/457/457
f 408/408/408 457/457/457 409/409/409
f 409/409/409 457/457/457 458/458/458
f 409/409/409 458/458/458 410/410/410
f 410/410/410 458/458/458 459/459/459
f 410/410/410 459/459/459 411/411/411
f 411/411/411 459/459/459 460/460/460
f 411/411/411 460/460/460 412/412/412
f 412/412/412 460/460/460 461/461/461
f 412/412/412 461/461/461 413/413/413
f 413/413/413 461/461/461 462/462/462
f 413/413/413 462/462/462 414/414/414
f 414/414/414 462/462/462 463/463/463
f 414/414/414 463/463/463 415/415/415
f 415/415/415 463/463/463 464/464/464
f 415/415/415 464/464/464 416/416/416
f 416/416/416 464/464/464 465/465/465
f 416/416/416 465/465/465 417/417/417
f 417/417/417 465/465/465 466/466/466
f 417/417/417 466/466/466 418/418/418
f 418/418/418 466/466/466 467/467/467
f 418/418/418 467/467/467 419/419/419
f 419/419/419 467/467/467 468/468/468
f 419/419/419 468/468/468 420/420/420
f 420/420/420 468/468/468 469/469/469
f 420/420/420 469/469/469 421/421/421
f 421/421/421 469/469/469 470/470/470
f 421/421/421 470/470/470 422/422/422
f 422/422/422 470/470/470 471/471/471
f 422/422/422 471/471/471 423/423/423
f 423/423/423 471/471/471 472/472/472
f 423/423/423 472/472/472 424/424/424
f 424/424/424 472/472/472 473/473/473
f 424/424/424 473/473/473 425/425/425
f 425/425/425 473/473/473 474/474/474
f 425/425/425 474/474/474 426/426/426
f 426/426/426 474/474/474 475/475/475
f 426/426/426 475/475/475 427/427/427
f 427/427/427 475/475/475 476/476/476
f 427/427/427 476/476/476 428/428/428
f 428/428/428 476/476/476 477/477/477
f 428/428/428 477/477/477 429/429/429
f 429/429/429 477/477/477 478/478/478
f 429/429/429 478/478/478 430/430/430
f 430/430/430 478/478/478 479/479/479
f 430/430/430 479/479/479 431/431/431
f 431/431/431 479/479/479 480/480/480
f 431/431/431 480/480/480 432/432/432
f 432/432/432 480/480/480 433/433/433
f 432/432/432 433/433/433 385/385/385
f 433/433/433 481/481/481 482/482/482
f 433/433/433 482/482/482 434/434/434
f 434/434/434 482/482/482 483/483/483
f 434/434/434 483/483/483 435/435/435
f 435/435/435 483/483/483 484/484/484
f 435/435/435 484/484/484 436/436/436
f 436/436/436 484/484/484 485/485/485
f 436/436/436 485/485/485 437/437/437
f 437/437/437 485/485/485 486/486/486
f 437/437/437 486/486/486 438/438/438
f 438/438/438 486/486/486 487/487/487
f 438/438/438 487/487/487 439/439/439
f 439/439/439 487/487/487 488/488/488
f 439/439/439 488/488/488 440/440/440
f 440/440/440 488/488/488 489/489/489
f 440/440/440 489/489/489 441/441/441
f 441/441/441 489/489/489 490/490/490
f 441/441/441 490/490/490 442/442/442
f 442/442/442 490/490/490 491/491/491
f 442/442/442 491/491/491 443/443/443
f 443/443/443 491/491/491 492/492/492
f 443/443/443 492/492/492 444/444/444
f 444/444/444 492/492/492 493/493/493
f 444/444/444 493/493/493 445/445/445
f 445/445/445 493/493/493 494/494/494
f 445/445/445 494/494/494 446/446/446
f 446/446/446 494/494/494 495/495/495
f 446/446/446 495/495/495 447/447/447
f 447/447/447 495/495/495 496/496/496
f 447/447/447 496/496/496 448/448/448
f 448/448/448 496/496/496 497/497/497
f 448/448/448 497/497/497 449/449/449
f 449/449/449 497/497/497 498/498/498
f 449/449/449 498/498/498 450/450/450
f 450/450/450 498/498/498 499/499/499
f 450/450/450 499/499/499 451/451/451
f 451/451/451 499/499/499 500/500/500
f 451/451/451 500/500/500 452/452/452
f 452/452/452 500/500/500 501/501/501
f 452/452/452 501/501/501 453/453/453
f 453/453/453 501/501/501 502/502/502
f 453/453/453 502/502/502 454/454/454
f 454/454/454 502/502/502 503/503/503
f 454/454/454 503/503/503 455/455/455
f 455/455/455 503/503/503 504/504/504
f 455/455/455 504/504/504 456/456/456
f 456/456/456 504/504/504 505/505/505
f 456/456/456 505/505/505 457/457/457
f 457/457/457 505/505/505 506/506/506
f 457/457/457 506/506/506 458/458/458
f 458/458/458 506/506/506 507/507/507
f 458/458/458 507/507/507 459/459/459
f 459/459/459 507/507/507 508/508/508
f 459/459/459 508/508/508 460/460/460
f 460/460/460 508/508/508 509/509/509
f 460/460/460 509/509/509 461/461/461
f 461/461/461 509/509/509 510/510/510
f 461/461/461 510/510/510 462/462/462
f 462/462/462 510/510/510 511/511/511
f 462/462/462 511/511/511 463/463/463
f 463/463/463 511/511/511 512/512/512
f 463/463/463 512/512/512 464/464/464
f 464/464/464 512/512/512 513/513/513
f 464/464/464 513/513/513 465/465/465
f 465/465/465 513/513/513 514/514/514
f 465/465/465 514/514/514 466/466/466
f 466/466/466 514/514/514 515/515/515
f 466/466/466 515/515/515 467/467/467
f 467/467/467 515/515/515 516/516/516
f 467/467/467 516/516/516 468/468/468
f 468/468/468 516/516/516 517/517/517
f 468/468/468 517/517/517 469/469/469
f 469/469/469 517/517/517 518/518/518
f 469/469/469 518/518/518 470/470/470
f 470/470/470 518/518/518 519/519/519
f 470/470/470 519/519/519 471/471/471
f 471/471/471 519/519/519 520/520/520
f 471/471/471 520/520/520 472/472/472
f 472/472/472 520/520/520 521/521/521
f 472/472/472 521/521/521 473/473/473
f 473/473/473 521/521/521 522/522/522
f 473/473/473 522/522/522 474/474/474
f 474/474/474 522/522/522 523/523/523
f 474/474/474 523/523/523 475/475/475
f 475/475/475 523/523/523 524/524/524
f 475/475/475 524/524/524 476/476/476
f 476/476/476 524/524/524 525/525/525
f 476/476/476 525/525/525 477/477/477
f 477/477/477 525/525/525 526/526/526
f 477/477/477 526/526/526 478/478/478
f 478/478/478 526/526/526 527/527/527
f 478/478/478 527/527/527 479/479/479
f 479/479/479 527/527/527 528/528/528
f 479/479/479 528/528/528 480/480/480
f 480/480/480 528/528/528 481/481/481
f 480/480/480 481/481/481 433/433/433
f 481/481/481 529/529/529 530/530/530
f 481/481/481 530/530/530 482/482/482
f 482/482/482 530/530/530 531/531/531
f 482/482/482 531/531/531 483/483/483
f 483/483/483 531/531/531 532/532/532
f 483/483/483 532/532/532 484/484/484
f 484/484/484 532/532/532 533/533/533
f 484/484/484 533/533/533 485/485/485
f 485/485/485 533/533/533 534/534/534
f 485/485/485 534/534/534 486/486/486
f 486/486/486 534/534/534 535/535/535
f 486/486/486 535/535/535 487/487/487
f 487/487/487 535/535/535 536/536/536
f 487/487/487 536/536/536 488/488/488
f 488/488/488 536/536/536 537/537/537
f 488/488/488 537/537/537 489/489/489
f 489/489/489 537/537/537 538/538/538
f 489/489/489 538/538/538 490/490/490
f 490/490/490 538/538/538 539/539/539
f 490/490/490 539/539/539 491/491/491
f 491/491/491 539/539/539 540/540/540
f 491/491/491 540/540/540 492/492/492
f 492/492/492 540/540/540 541/541/541
f 492/492/492 541/541/541 493/493/493
f 493/493/493 541/541/541 542/542/542
f 493/493/493 542/542/542 494/494/494
f 494/494/494 542/542/542 543/543/543
f 494/494/494 543/543/543 495/495/495
f 495/495/495 543/543/543 544/544/544
f 495/495/495 544/544/544 496/496/496
f 496/496/496 544/544/544 545/545/545
f 496/496/496 545/545/545 497/497/497
f 497/497/497 545/545/545 546/546/546
f 497/497/497 546/546/546 498/498/498
f 498/498/498 546/546/546 547/547/547
f 498/498/498 547/547/547 499/499/499
f 499/499/499 547/547/547 548/548/548
f 499/499/499 548/548/548 500/500/500
f 500/500/500 548/548/548 549/549/549
f 500/500/500 549/549/549 501/501/501
f 501/501/501 549/549/549 550/550/550
f 501/501/501 550/550/550 502/502/502
f 502/502/502 550/550/550 551/551/551
f 502/502/502 551/551/551 503/503/503
f 503/503/503 551/551/551 552/552/552
f 503/503/503 552/552/552 504/504/504
f 504/504/504 552/552/552 553/553/553
f 504/504/504 553/553/553 505/505/505
f 505/505/505 553/553/553 554/554/554
f 505/505/505 554/554/554 506/506/506
f 506/506/506 554/554/554 555/555/555
f 506/506/506 555/555/555 507/507/507
f 507/507/507 555/555/555 556/556/556
f 507/507/507 556/556/556 508/508/508
f 508/508/508 556/556/556 557/557/557
f 508/508/508 557/557/557 509/509/509
f 509/509/509 557/557/557 558/558/558
f 509/509/509 558/558/558 510/510/510
f 510/510/510 558/558/558 559/559/559
f 510/510/510 559/559/559 511/511/511
f 511/511/511 559/559/559 560/560/560
f 511/511/511 560/560/560 512/512/512
f 512/512/512 560/560/560 561/561/561
f 512/512/512 561/561/561 513/513/513
f 513/513/513 561/561/561 562/562/562
f 513/513/513 562/562/562 514/514/514
f 514/514/514 562/562/562 563/563/563
f 514/514/514 563/563/563 515/515/515
f 515/515/515 563/563/563 564/564/564
f 515/515/515 564/564/564 516/516/516
f 516/516/516 564/564/564 565/565/565
f 516/516/516 565/565/565 517/517/517
f 517/517/517 565/565/565 566/566/566
f 517/517/517 566/566/566 518/518/518
f 518/518/518 566/566/566 567/567/567
f 518/518/518 567/567/567 519/519/519
f 519/519/519 567/567/567 568/568/568
f 519/519/519 568/568/568 520/520/520
f 520/520/520 568/568/568 569/569/569
f 520/520/520 569/569/569 521/521/521
f 521/521/521 569/569/569 570/570/570
f 521/521/521 570/570/570 522/522/522
f 522/522/522 570/570/570 571/571/571
f 522/522/522 571/571/571 523/523/523
f 523/523/523 571/571/571 572/572/572
f 523/523/523 572/572/572 524/524/524
f 524/524/524 572/572/572 573/573/573
f 524/524/524 573/573/573 525/525/525
f 525/525/525 573/573/573 574/574/574
f 525/525/525 574/574/574 526/526/526
f 526/526/526 574/574/574 575/575/575
f 526/526/526 575/575/575 527/527/527
f 527/527/527 575/575/575 576/576/576
f 527/527/527 576/576/576 528/528/528
f 528/528/528 576/576/576 529/529/529
f 528/528/528 529/529/529 481/481/481
f 529/529/529 577/577/577 578/578/578
f 529/529/529 578/578/578 530/530/530
f 530/530/530 578/578/578 579/579/579
f 530/530/530 579/579/579 531/531/531
f 531/531/531 579/579/579 580/580/580
f 531/531/531 580/580/580 532/532/532
f 532/532/532 580/580/580 581/581/581
f 532/532/532 581/581/581 533/533/533
f 533/533/533 581/581/581 582/582/582
f 533/533/533 582/582/582 534/534/534
f 534/534/534 582/582/582 583/583/583
f 534/534/534 583/583/583 535/535/535
f 535/535/535 583/583/583 584/584/584
f 535/535/535 584/584/584 536/536/536
f 536/536/536 584/584/584 585/585/585
f 536/536/536 585/585/585 537/537/537
f 537/537/537 585/585/585 586/586/586
f 537/537/537 586/586/586 538/538/538
f 538/538/538 586/586/586 587/587/587
f 538/538/538 587/587/587 539/539/539
f 539/539/539 587/587/587 588/588/588
f 539/539/539 588/588/588 540/540/540
f 540/540/540 588/588/588 589/589/589
f 540/540/540 589/589/589 541/541/541
f 541/541/541 589/589/589 590/590/590
f 541/541/541 590/590/590 542/542/542
f 542/542/542 590/590/590 591/591/591
f 542/542/542 591/591/591 543/543/543
f 543/543/543 591/591/591 592/592/592
f 543/543/543 592/592/592 544/544/544
f 544/544/544 592/592/592 593/593/593
f 544/544/544 593/593/593 545/545/545
f 545/545/545 593/593/593 594/594/594
f 545/545/545 594/594/594 546/546/546
f 546/546/546 594/594/594 595/595/595
f 546/546/546 595/595/595 547/547/547
f 547/547/547 595/595/595 596/596/596
f 547/547/547 596/596/596 548/548/548
f 548/548/548 596/596/596 597/597/597
f 548/548/548 597/597/597 549/549/549
f 549/549/549 597/597/597 598/598/598
f 549/549/549 598/598/598 550/550/550
f 550/550/550 598/598/598 599/599/599
f 550/550/550 599/599/599 551/551/551
f 551/551/551 599/599/599 600/600/600
f 551/551/551 600/600/600 552/552/552
f 552/552/552 600/600/600 601/601/601
f 552/552/552 601/601/601 553/553/553
f 553/553/553 601/601/601 602/602/602
f 553/553/553 602/602/602 554/554/554
f 554/554/554 602/602/602 603/603/603
f 554/554/554 603/603/603 555/555/555
f 555/555/555 603/603/603 604/604/604
f 555/555/555 604/604/604 556/556/556
f 556/556/556 604/604/604 605/605/605
f 556/556/556 605/605/605 557/557/557
f 557/557/557 605/605/605 606/606/606
f 557/557/557 606/606/606 558/558/558
f 558/558/558 606/606/606 607/607/607
f 558/558/558 607/607/607 559/559/559
f 559/559/559 607/607/607 608/608/608
f 559/559/559 608/608/608 560/560/560
f 560/560/560 608/608/608 609/609/609
f 560/560/560 609/609/609 561/561/561
f 561/561/561 609/609/609 610/610/610
f 561/561/561 610/610/610 562/562/562
f 562/562/562 610/610/610 611/611/611
f 562/562/562 611/611/611 563/563/563
f 563/563/563 611/611/611 612/612/612
f 563/563/563 612/612/612 564/564/564
f 564/564/564 612/612/612 613/613/613
f 564/564/564 613/613/613 565/565/565
f 565/565/565 613/613/613 614/614/614
f 565/565/565 614/614/614 566/566/566
f 566/566/566 614/614/614 615/615/615
f 566/566/566 615/615/615 567/567/567
f 567/567/567 615/615/615 616/616/616
f 567/567/567 616/616/616 568/568/568
f 568/568/568 616/616/616 617/617/617
f 568/568/568 617/617/617 569/569/569
f 569/569/569 617/617/617 618/618/618
f 569/569/569 618/618/618 570/570/570
f 570/570/570 618/618/618 619/619/619
f 570/570/570 619/619/619 571/571/571
f 571/571/571 619/619/619 620/620/620
f 571/571/571 620/620/620 572/572/572
f 572/572/572 620/620/620 621/621/621
f 572/572/572 621/621/621 573/573/573
f 573/573/573 621/621/621 622/622/622
f 573/573/573 622/622/622 574/574/574
f 574/574/574 622/622/622 623/623/623
f 574/574/574 623/623/623 575/575/575
f 575/575/575 623/623/623 624/624/624
f 575/575/575 624/624/624 576/576/576
f 576/576/576 624/624/624 577/577/577
f 576/576/576 577/577/577 529/529/529
f 577/577/577 625/625/625 626/626/626
f 577/577/577 626/626/626 578/578/578
f 578/578/578 626/626/626 627/627/627
f 578/578/578 627/627/627 579/579/579
f 579/579/579 627/627/627 628/628/628
f 579/579/579 628/628/628 580/580/580
f 580/580/580 628/628/628 629/629/629
f 580/580/580 629/629/629 581/581/581
f 581/581/581 629/629/629 630/630/630
f 581/581/581 630/630/630 582/582/582
f 582/582/582 630/630/630 631/631/631
f 582/582/582 631/631/631 583/583/583
f 583/583/583 631/631/631 632/632/632
f 583/583/583 632/632/632 584/584/584
f 584/584/584 632/632/632 633/633/633
f 584/584/584 633/633/633 585/585/585
f 585/585/585 633/633/633 634/634/634
f 585/585/585 634/634/634 586/586/586
f 586/586/586 634/634/634 635/635/635
f 586/586/586 635/635/635 587/587/587
f 587/587/587 635/635/635 636/636/636
f 587/587/587 636/636/636 588/588/588
f 588/588/588 636/636/636 637/637/637
f 588/588/588 637/637/637 589/589/589
f 589/589/589 637/637/637 638/638/638
f 589/589/589 638/638/638 590/590/590
f 590/590/590 638/638/638 639/639/639
f 590/590/590 639/639/639 591/591/591
f 591/591/591 639/639/639 640/640/640
f 591/591/591 640/640/640 592/592/592
f 592/592/592 640/640/640 641/641/641
f 592/592/592 641/641/641 593/593/593
f 593/593/593 641/641/641 642/642/642
f 593/593/593 642/642/642 594/594/594
f 594/594/594 642/642/642 643/643/643
f 594/594/594 643/643/643 595/595/595
f 595/595/595 643/643/643 644/644/644
f 595/595/595 644/644/644 596/596/596
f 596/596/596 644/644/644 645/645/645
f 596/596/596 645/645/645 597/597/597
f 597/597/597 645/645/645 646/646/646
f 597/597/597 646/646/646 598/598/598
f 598/598/598 646/646/646 647/647/647
f 598/598/598 647/647/647 599/599/599
f 599/599/599 647/647/647 648/648/648
f 599/599/599 648/648/648 600/600/600
f 600/600/600 648/648/648 649/649/649
f 600/600/600 649/649/649 601/601/601
f 601/601/601 649/649/649 650/650/650
f 601/601/601 650/650/650 602/602/602
f 602/602/602 650/650/650 651/651/651
f 602/602/602 651/651/651 603/603/603
f 603/603/603 651/651/651 652/652/652
f 603/603/603 652/652/652 604/604/604
f 604/604/604 652/652/652 653/653/653
f 604/604/604 653/653/653 605/605/605
f 605/605/605 653/653/653 654/654/654
f 605/605/605 654/654/654 606/606/606
f 606/606/606 654/654/654 655/655/655
f 606/606/606 655/655/655 607/607/607
f 607/607/607 655/655/655 656/656/656
f 607/607/607 656/656/656 608/608/608
f 608/608/608 656/656/656 657/657/657
f 608/608/608 657/657/657 609/609/609
f 609/609/609 657/657/657 658/658/658
f 609/609/609 658/658/658 610/610/610
f 610/610/610 658/658/658 659/659/659
f 610/610/610 659/659/659 611/611/611
f 611/611/611 659/659/659 660/660/660
f 611/611/611 660/660/660 612/612/612
f 612/612/612 660/660/660 661/661/661
f 612/612/612 661/661/661 613/613/613
f 613/613/613 661/661/661 662/662/662
f 613/613/613 662/662/662 614/614/614
f 614/614/614 662/662/662 663/663/663
f 614/614/614 663/663/663 615/615/615
f 615/615/615 663/663/663 664/664/664
f 615/615/615 664/664/664 616/616/616
f 616/616/616 664/664/664 665/665/665
f 616/616/616 665/665/665 617/617/617
f 617/617/617 665/665/665 666/666/666
f 617/617/617 666/666/666 618/618/618
f 618/618/618 666/666/666 667/667/667
f 618/618/618 667/667/667 619/619/619
f 619/619/619 667/667/667 668/668/668
f 619/619/619 668/668/668 620/620/620
f 620/620/620 668/668/668 669/669/669
f 620/620/620 669/669/669 621/621/621
f 621/621/621 669/669/669 670/670/670
f 621/621/621 670/670/670 622/622/622
f 622/622/622 670/670/670 671/671/671
f 622/622/622 671/671/671 623/623/623
f 623/623/623 671/671/671 672/672/672
f 623/623/623 672/672/672 624/624/624
f 624/624/624 672/672/672 625/625/625
f 624/624/624 625/625/625 577/577/577
f 625/625/625 673/673/673 674/674/674
f 625/625/625 674/674/674 626/626/626
f 626/626/626 674/674/674 675/675/675
f 626/626/626 675/675/675 627/627/627
f 627/627/627 675/675/675 676/676/676
f 627/627/627 676/676/676 628/628/628
f 628/628/628 676/676/676 677/677/677
f 628/628/628 677/677/677 629/629/629
f 629/629/629 677/677/677 678/678/678
f 629/629/629 678/678/678 630/630/630
f 630/630/630 678/678/678 679/679/679
f 630/630/630 679/679/679 631/631/631
f 631/631/631 679/679/679 680/680/680
f 631/631/631 680/680/680 632/632/632
f 632/632/632 680/680/680 681/681/681
f 632/632/632 681/681/681 633/633/633
f 633/633/633 681/681/681 682/682/682
f 633/633/633 682/682/682 634/634/634
f 634/634/634 682/682/682 683/683/683
f 634/634/634 683/683/683 635/635/635
f 635/635/635 683/683/683 684/684/684
f 635/635/635 684/684/684 636/636/636
f 636/636/636 684/684/684 685/685/685
f 636/636/636 685/685/685 637/637/637
f 637/637/637 685/685/685 686/686/686
f 637/637/637 686/686/686 638/638/638
f 638/638/638 686/686/686 687/687/687
f 638/638/638 687/687/687 639/639/639
f 639/639/639 687/687/687 688/688/688
f 639/639/639 688/688/688 640/640/640
f 640/640/640 688/688/688 689/689/689
f 640/640/640 689/689/689 641/641/641
f 641/641/641 689/689/689 690/690/690
f 641/641/641 690/690/690 642/642/642
f 642/642/642 690/690/690 691/691/691
f 642/642/642 691/691/691 643/643/643
f 643/643/643 691/691/691 692/692/692
f 643/643/643 692/692/692 644/644/644
f 644/644/644 692/692/692 693/693/693
f 644/644/644 693/693/693 645/645/645
f 645/645/645 693/693/693 694/694/694
f 645/645/645 694/694/694 646/646/646
f 646/646/646 694/694/694 695/695/695
f 646/646/646 695/695/695 647/647/647
f 647/647/647 695/695/695 696/696/696
f 647/647/647 696/696/696 648/648/648
f 648/648/648 696/696/696 697/697/697
f 648/648/648 697/697/697 649/649/649
f 649/649/649 697/697/697 698/698/698
f 649/649/649 698/698/698 650/650/650
f 650/650/650 698/698/698 699/699/699
f 650/650/650 699/699/699 651/651/651
f 651/651/651 699/699/699 700/700/700
f 651/651/651 700/700/700 652/652/652
f 652/652/652 700/700/700 701/701/701
f 652/652/652 701/701/701 653/653/653
f 653/653/653 701/701/701 702/702/702
f 653/653/653 702/702/702 654/654/654
f 654/654/654 702/702/702 703/703/703
f 654/654/654 703/703/703 655/655/655
f 655/655/655 703/703/703 704/704/704
f 655/655/655 704/704/704 656/656/656
f 656/656/656 704/704/704 705/705/705
f 656/656/656 705/705/705 657/657/657
f 657/657/657 705/705/705 706/706/706
f 657/657/657 706/706/706 658/658/658
f 658/658/658 706/706/706 707/707/707
f 658/658/658 707/707/707 659/659/659
f 659/659/659 707/707/707 708/708/708
f 659/659/659 708/708/708 660/660/660
f 660/660/660 708/708/708 709/709/709
f 660/660/660 709/709/709 661/661/661
f 661/661/661 709/709/709 710/710/710
f 661/661/661 710/710/710 662/662/662
f 662/662/662 710/710/710 711/711/711
f 662/662/662 711/711/711 663/663/663
f 663/663/663 711/711/711 712/712/712
f 663/663/663 712/712/712 664/664/664
f 664/664/664 712/712/712 713/713/713
f 664/664/664 713/713/713 665/665/665
f 665/665/665 713/713/713 714/714/714
f 665/665/665 714/714/714 666/666/666
f 666/666/666 714/714/714 715/715/715
f 666/666/666 715/715/715 667/667/667
f 667/667/667 715/715/715 716/716/716
f 667/667/667 716/716/716 668/668/668
f 668/668/668 716/716/716 717/717/717
f 668/668/668 717/717/717 669/669/669
f 669/669/669 717/717/717 718/718/718
f 669/669/669 718/718/718 670/670/670
f 670/670/670 718/718/718 719/719/719
f 670/670/670 719/719/719 671/671/671
f 671/671/671 719/719/719 720/720/720
f 671/671/671 720/720/720 672/672/672
f 672/672/672 720/720/720 673/673/673
f 672/672/672 673/673/673 625/625/625
f 673/673/673 721/721/721 722/722/722
f 673/673/673 722/722/722 674/674/674
f 674/674/674 722/722/722 723/723/723
f 674/674/674 723/723/723 675/675/675
f 675/675/675 723/723/723 724/724/724
f 675/675/675 724/724/724 676/676/676
f 676/676/676 724/724/724 725/725/725
f 676/676/676 725/725/725 677/677/677
f 677/677/677 725/725/725 726/726/726
f 677/677/677 726/726/726 678/678/678
f 678/678/678 726/726/726 727/727/727
f 678/678/678 727/727/727 679/679/679
f 679/679/679 727/727/727 728/728/728
f 679/679/679 728/728/728 680/680/680
f 680/680/680 728/728/728 729/729/729
f 680/680/680 729/729/729 681/681/681
f 681/681/681 729/729/729 730/730/730
f 681/681/681 730/730/730 682/682/682
f 682/682/682 730/730/730 731/731/731
f 682/682/682 731/731/731 683/683/683
f 683/683/683 731/731/731 732/732/732
f 683/683/683 732/732/732 684/684/684
f 684/684/684 732/732/732 733/733/733
f 684/684/684 733/733/733 685/685/685
f 685/685/685 733/733/733 734/734/734
f 685/685/685 734/734/734 686/686/686
f 686/686/686 734/734/734 735/735/735
f 686/686/686 735/735/735 687/687/687
f 687/687/687 735/735/735 736/736/736
f 687/687/687 736/736/736 688/688/688
f 688/688/688 736/736/736 737/737/737
f 688/688/688 737/737/737 689/689/689
f 689/689/689 737/737/737 738/738/738
f 689/689/689 738/738/738 690/690/690
f 690/690/690 738/738/738 739/739/739
f 690/690/690 739/739/739 691/691/691
f 691/691/691 739/739/739 740/740/740
f 691/691/691 740/740/740 692/692/692
f 692/692/692 740/740/740 741/741/741
f 692/692/692 741/741/741 693/693/693
f 693/693/693 741/741/741 742/742/742
f 693/693/693 742/742/742 694/694/694
f 694/694/694 742/742/742 743/743/743
f 694/694/694 743/743/743 695/695/695
f 695/695/695 743/743/743 744/744/744
f 695/695/695 744/744/744 696/696/696
f 696/696/696 744/744/744 745/745/745
f 696/696/696 745/745/745 697/697/697
f 697/697/697 745/745/745 746/746/746
f 697/697/697 746/746/746 698/698/698
f 698/698/698 746/746/746 747/747/747
f 698/698/698 747/747/747 699/699/699
f 699/699/699 747/747/747 748/748/748
f 699/699/699 748/748/748 700/700/700
f 700/700/700 748/748/748 749/749/749
f 700/700/700 749/749/749 701/701/701
f 701/701/701 749/749/749 750/750/750
f 701/701/701 750/750/750 702/702/702
f 702/702/702 750/750/750 751/751/751
f 702/702/702 751/751/751 703/703/703
f 703/703/703 751/751/751 752/752/752
f 703/703/703 752/752/752 704/704/704
f 704/704/704 752/752/752 753/753/753
f 704/704/704 753/753/753 705/705/705
f 705/705/705 753/753/753 754/754/754
f 705/705/705 754/754/754 706/706/706
f 706/706/706 754/754/754 755/755/755
f 706/706/706 755/755/755 707/707/707
f 707/707/707 755/755/755 756/756/756
f 707/707/707 756/756/756 708/708/708
f 708/708/708 756/756/756 757/757/757
f 708/708/708 757/757/757 709/709/709
f 709/709/709 757/757/757 758/758/758
f 709/709/709 758/758/758 710/710/710
f 710/710/710 758/758/758 759/759/759
f 710/710/710 759/759/759 711/711/711
f 711/711/711 759/759/759 760/760/760
f 711/711/711 760/760/760 712/712/712
f 712/712/712 760/760/760 761/761/761
f 712/712/712 761/761/761 713/713/713
f 713/713/713 761/761/761 762/762/762
f 713/713/713 762/762/762 714/714/714
f 714/714/714 762/762/762 763/763/763
f 714/714/714 763/763/763 715/715/715
f 715/715/715 763/763/763 764/764/764
f 715/715/715 764/764/764 716/716/716
f 716/716/716 764/764/764 765/765/765
f 716/716/716 765/765/765 717/717/717
f 717/717/717 765/765/765 766/766/766
f 717/717/717 766/766/766 718/718/718
f 718/718/718 766/766/766 767/767/767
f 718/718/718 767/767/767 719/719/719
f 719/719/719 767/767/767 768/768/768
f 719/719/719 768/768/768 720/720/720
f 720/720/720 768/768/768 721/721/721
f 720/720/720 721/721/721 673/673/673
f 721/721/721 769/769/769 770/770/770
f 721/721/721 770/770/770 722/722/722
f 722/722/722 770/770/770 771/771/771
f 722/722/722 771/771/771 723/723/723
f 723/723/723 771/771/771 772/772/772
f 723/723/723 772/772/772 724/724/724
f 724/724/724 772/772/772 773/773/773
f 724/724/724 773/773/773 725/725/725
f 725/725/725 773/773/773 774/774/774
f 725/725/725 774/774/774 726/726/726
f 726/726/726 774/774/774 775/775/775
f 726/726/726 775/775/775 727/727/727
f 727/727/727 775/775/775 776/776/776
f 727/727/727 776/776/776 728/728/728
f 728/728/728 776/776/776 777/777/777
f 728/728/728 777/777/777 729/729/729
f 729/729/729 777/777/777 778/778/778
f 729/729/729 778/778/778 730/730/730
f 730/730/730 778/778/778 779/779/779
f 730/730/730 779/779/779 731/731/731
f 731/731/731 779/779/779 780/780/780
f 731/731/731 780/780/780 732/732/732
f 732/732/732 780/780/780 781/781/781
f 732/732/732 781/781/781 733/733/733
f 733/733/733 781/781/781 782/782/782
f 733/733/733 782/782/782 734/734/734
f 734/734/734 782/782/782 783/783/783
f 734/734/734 783/783/783 735/735/735
f 735/735/735 783/783/783 784/784/784
f 735/735/735 784/784/784 736/736/736
f 736/736/736 784/784/784 785/785/785
f 736/736/736 785/785/785 737/737/737
f 737/737/737 785/785/785 786/786/786
f 737/737/737 786/786/786 738/738/738
f 738/738/738 786/786/786 787/787/787
f 738/738/738 787/787/787 739/739/739
f 739/739/739 787/787/787 788/788/788
f 739/739/739 788/788/788 740/740/740
f 740/740/740 788/788/788 789/789/789
f 740/740/740 789/789/789 741/741/741
f 741/741/741 789/789/789 790/790/790
f 741/741/741 790/790/790 742/742/742
f 742/742/742 790/790/790 791/791/791
f 742/742/742 791/791/791 743/743/743
f 743/743/743 791/791/791 792/792/792
f 743/743/743 792/792/792 744/744/744
f 744/744/744 792/792/792 793/793/793
f 744/744/744 793/793/793 745/745/745
f 745/745/745 793/793/793 794/794/794
f 745/745/745 794/794/794 746/746/746
f 746/746/746 794/794/794 795/795/795
f 746/746/746 795/795/795 747/747/747
f 747/747/747 795/795/795 796/796/796
f 747/747/747 796/796/796 748/748/748
f 748/748/748 796/796/796 797/797/797
f 748/748/748 797/797/797 749/749/749
f 749/749/749 797/797/797 798/798/798
f 749/749/749 798/798/798 750/750/750
f 750/750/750 798/798/798 799/799/799
f 750/750/750 799/799/799 751/751/751
f 751/751/751 799/799/799 800/800/800
f 751/751/751 800/800/800 752/752/752
f 752/752/752 800/800/800 801/801/801
f 752/752/752 801/801/801 753/753/753
f 753/753/753 801/801/801 802/802/802
f 753/753/753 802/802/802 754/754/754
f 754/754/754 802/802/802 803/803/803
f 754/754/754 803/803/803 755/755/755
f 755/755/755 803/803/803 804/804/804
f 755/755/755 804/804/804 756/756/756
f 756/756/756 804/804/804 805/805/805
f 756/756/756 805/805/805 757/757/757
f 757/757/757 805/805/805 806/806/806
f 757/757/757 806/806/806 758/758/758
f 758/758/758 806/806/806 807/807/807
f 758/758/758 807/807/807 759/759/759
f 759/759/759 807/807/807 808/808/808
f 759/759/759 808/808/808 760/760/760
f 760/760/760 808/808/808 809/809/809
f 760/760/760 809/809/809 761/761/761
f 761/761/761 809/809/809 810/810/810
f 761/761/761 810/810/810 762/762/762
f 762/762/762 810/810/810 811/811/811
f 762/762/762 811/811/811 763/763/763
f 763/763/763 811/811/811 812/812/812
f 763/763/763 812/812/812 764/764/764
f 764/764/764 812/812/812 813/813/813
f 764/764/764 813/813/813 765/765/765
f 765/765/765 813/813/813 814/814/814
f 765/765/765 814/814/814 766/766/766
f 766/766/766 814/814/814 815/815/815
f 766/766/766 815/815/815 767/767/767
f 767/767/767 815/815/815 816/816/816
f 767/767/767 816/816/816 768/768/768
f 768/768/768 816/816/816 769/769/769
f 768/768/768 769/769/769 721/721/721
f 769/769/769 817/817/817 818/818/818
f 769/769/769 818/818/818 770/770/770
f 770/770/770 818/818/818 819/819/819
f 770/770/770 819/819/819 771/771/771
f 771/771/771 819/819/819 820/820/820
f 771/771/771 820/820/820 772/772/772
f 772/772/772 820/820/820 821/821/821
f 772/772/772 821/821/821 773/773/773
f 773/773/773 821/821/821 822/822/822
f 773/773/773 822/822/822 774/774/774
f 774/774/774 822/822/822 823/823/823
f 774/774/774 823/823/823 775/775/775
f 775/775/775 823/823/823 824/824/824
f 775/775/775 824/824/824 776/776/776
f 776/776/776 824/824/824 825/825/825
f 776/776/776 825/825/825 777/777/777
f 777/777/777 825/825/825 826/826/826
f 777/777/777 826/826/826 778/778/778
f 778/778/778 826/826/826 827/827/827
f 778/778/778 827/827/827 779/779/779
f 779/779/779 827/827/827 828/828/828
f 779/779/779 828/828/828 780/780/780
f 780/780/780 828/828/828 829/829/829
f 780/780/780 829/829/829 781/781/781
f 781/781/781 829/829/829 830/830/830
f 781/781/781 830/830/830 782/782/782
f 782/782/782 830/830/830 831/831/831
f 782/782/782 831/831/831 783/783/783
f 783/783/783 831/831/831 832/832/832
f 783/783/783 832/832/832 784/784/784
f 784/784/784 832/832/832 833/833/833
f 784/784/784 833/833/833 785/785/785
f 785/785/785 833/833/833 834/834/834
f 785/785/785 834/834/834 786/786/786
f 786/786/786 834/834/834 835/835/835
f 786/786/786 835/835/835 787/787/787
f 787/787/787 835/835/835 836/836/836
f 787/787/787 836/836/836 788/788/788
f 788/788/788 836/836/836 837/837/837
f 788/788/788 837/837/837 789/789/789
f 789/789/789 837/837/837 838/838/838
f 789/789/789 838/838/838 790/790/790
f 790/790/790 838/838/838 839/839/839
f 790/790/790 839/839/839 791/791/791
f 791/791/791 839/839/839 840/840/840
f 791/791/791 840/840/840 792/792/792
f 792/792/792 840/840/840 841/841/841
f 792/792/792 841/841/841 793/793/793
f 793/793/793 841/841/841 842/842/842
f 793/793/793 842/842/842 794/794/794
f 794/794/794 842/842/842 843/843/843
f 794/794/794 843/843/843 795/795/795
f 795/795/795 843/843/843 844/844/844
f 795/795/795 844/844/844 796/796/796
f 796/796/796 844/844/844 845/845/845
f 796/796/796 845/845/845 797/797/797
f 797/797/797 845/845/845 846/846/846
f 797/797/797 846/846/846 798/798/798
f 798/798/798 846/846/846 847/847/847
f 798/798/798 847/847/847 799/799/799
f 799/799/799 847/847/847 848/848/848
f 799/799/799 848/848/848 800/800/800
f 800/800/800 848/848/848 849/849/849
f 800/800/800 849/849/849 801/801/801
f 801/801/801 849/849/849 850/850/850
f 801/801/801 850/850/850 802/802/802
f 802/802/802 850/850/850 851/851/851
f 802/802/802 851/851/851 803/803/803
f 803/803/803 851/851/851 852/852/852
f 803/803/803 852/852/852 804/804/804
f 804/804/804 852/852/852 853/853/853
f 804/804/804 853/853/853 805/805/805
f 805/805/805 853/853/853 854/854/854
f 805/805/805 854/854/854 806/806/806
f 806/806/806 854/854/854 855/855/855
f 806/806/806 855/855/855 807/807/807
f 807/807/807 855/855/855 856/856/856
f 807/807/807 856/856/856 808/808/808
f 808/808/808 856/856/856 857/857/857
f 808/808/808 857/857/857 809/809/809
f 809/809/809 857/857/857 858/858/858
f 809/809/809 858/858/858 810/810/810
f 810/810/810 858/858/858 859/859/859
f 810/810/810 859/859/859 811/811/811
f 811/811/811 859/859/859 860/860/860
f 811/811/811 860/860/860 812/812/812
f 812/812/812 860/860/860 861/861/861
f 812/812/812 861/861/861 813/813/813
f 813/813/813 861/861/861 862/862/862
f 813/813/813 862/862/862 814/814/814
f 814/814/814 862/862/862 863/863/863
f 814/814/814 863/863/863 815/815/815
f 815/815/815 863/863/863 864/864/864
f 815/815/815 864/864/864 816/816/816
f 816/816/816 864/864/864 817/817/817
f 816/816/816 817/817/817 769/769/769
f 817/817/817 865/865/865 866/866/866
f 817/817/817 866/866/866 818/818/818
f 818/818/818 866/866/866 867/867/867
f 818/818/818 867/867/867 819/819/819
f 819/819/819 867/867/867 868/868/868
f 819/819/819 868/868/868 820/820/820
f 820/820/820 868/868/868 869/869/869
f 820/820/820 869/869/869 821/821/821
f 821/821/821 869/869/869 870/870/870
f 821/821/821 870/870/870 822/822/822
f 822/822/822 870/870/870 871/871/871
f 822/822/822 871/871/871 823/823/823
f 823/823/823 871/871/871 872/872/872
f 823/823/823 872/872/872 824/824/824
f 824/824/824 872/872/872 873/873/873
f 824/824/824 873/873/873 825/825/825
f 825/825/825 873/873/873 874/874/874
f 825/825/825 874/874/874 826/826/826
f 826/826/826 874/874/874 875/875/875
f 826/826/826 875/875/875 827/827/827
f 827/827/827 875/875/875 876/876/876
f 827/827/827 876/876/876 828/828/828
f 828/828/828 876/876/876 877/877/877
f 828/828/828 877/877/877 829/829/829
f 829/829/829 877/877/877 878/878/878
f 829/829/829 878/878/878 830/830/830
f 830/830/830 878/878/878 879/879/879
f 830/830/830 879/879/879 831/831/831
f 831/831/831 879/879/879 880/880/880
f 831/831/831 880/880/880 832/832/832
f 832/832/832 880/880/880 881/881/881
f 832/832/832 881/881/881 833/833/833
f 833/833/833 881/881/881 882/882/882
f 833/833/833 882/882/882 834/834/834
f 834/834/834 882/882/882 883/883/883
f 834/834/834 883/883/883 835/835/835
f 835/835/835 883/883/883 884/884/884
f 835/835/835 884/884/884 836/836/836
f 836/836/836 884/884/884 885/885/885
f 836/836/836 885/885/885 837/837/837
f 837/837/837 885/885/885 886/886/886
f 837/837/837 886/886/886 838/838/838
f 838/838/838 886/886/886 887/887/887
f 838/838/838 887/887/887 839/839/839
f 839/839/839 887/887/887 888/888/888
f 839/839/839 888/888/888 840/840/840
f 840/840/840 888/888/888 889/889/889
f 840/840/840 889/889/889 841/841/841
f 841/841/841 889/889/889 890/890/890
f 841/841/841 890/890/890 842/842/842
f 842/842/842 890/890/890 891/891/891
f 842/842/842 891/891/891 843/843/843
f 843/843/843 891/891/891 892/892/892
f 843/843/843 892/892/892 844/844/844
f 844/844/844 892/892/892 893/893/893
f 844/844/844 893/893/893 845/845/845
f 845/845/845 893/893/893 894/894/894
f 845/845/845 894/894/894 846/846/846
f 846/846/846 894/894/894 895/895/895
f 846/846/846 895/895/895 847/847/847
f 847/847/847 895/895/895 896/896/896
f 847/847/847 896/896/896 848/848/848
f 848/848/848 896/896/896 897/897/897
f 848/848/848 897/897/897 849/849/849
f 849/849/849 897/897/897 898/898/898
f 849/849/849 898/898/898 850/850/850
f 850/850/850 898/898/898 899/899/899
f 850/850/850 899/899/899 851/851/851
f 851/851/851 899/899/899 900/900/900
f 851/851/851 900/900/900 852/852/852
f 852/852/852 900/900/900 901/901/901
f 852/852/852 901/901/901 853/853/853
f 853/853/853 901/901/901 902/902/902
f 853/853/853 902/902/902 854/854/854
f 854/854/854 902/902/902 903/903/903
f 854/854/854 903/903/903 855/855/855
f 855/855/855 903/903/903 904/904/904
f 855/855/855 904/904/904 856/856/856
f 856/856/856 904/904/904 905/905/905
f 856/856/856 905/905/905 857/857/857
f 857/857/857 905/905/905 906/906/906
f 857/857/857 906/906/906 858/858/858
f 858/858/858 906/906/906 907/907/907
f 858/858/858 907/907/907 859/859/859
f 859/859/859 907/907/907 908/908/908
f 859/859/859 908/908/908 860/860/860
f 860/860/860 908/908/908 909/909/909
f 860/860/860 909/909/909 861/861/861
f 861/861/861 909/909/909 910/910/910
f 861/861/861 910/910/910 862/862/862
f 862/862/862 910/910/910 911/911/911
f 862/862/862 911/911/911 863/863/863
f 863/863/863 911/911/911 912/912/912
f 863/863/863 912/912/912 864/864/864
f 864/864/864 912/912/912 865/865/865
f 864/864/864 865/865/865 817/817/817
f 865/865/865 913/913/913 914/914/914
f 865/865/865 914/914/914 866/866/866
f 866/866/866 914/914/914 915/915/915
f 866/866/866 915/915/915 867/867/867
f 867/867/867 915/915/915 916/916/916
f 867/867/867 916/916/916 868/868/868
f 868/868/868 916/916/916 917/917/917
f 868/868/868 917/917/917 869/869/869
f 869/869/869 917/917/917 918/918/918
f 869/869/869 918/918/918 870/870/870
f 870/870/870 918/918/918 919/919/919
f 870/870/870 919/919/919 871/871/871
f 871/871/871 919/919/919 920/920/920
f 871/871/871 920/920/920 872/872/872
f 872/872/872 920/920/920 921/921/921
f 872/872/872 921/921/921 873/873/873
f 873/873/873 921/921/921 922/922/922
f 873/873/873 922/922/922 874/874/874
f 874/874/874 922/922/922 923/923/923
f 874/874/874 923/923/923 875/875/875
f 875/875/875 923/923/923 924/924/924
f 875/875/875 924/924/924 876/876/876
f 876/876/876 924/924/924 925/925/925
f 876/876/876 925/925/925 877/877/877
f 877/877/877 925/925/925 926/926/926
f 877/877/877 926/926/926 878/878/878
f 878/878/878 926/926/926 927/927/927
f 878/878/878 927/927/927 879/879/879
f 879/879/879 927/927/927 928/928/928
f 879/879/879 928/928/928 880/880/880
f 880/880/880 928/928/928 929/929/929
f 880/880/880 929/929/929 881/881/881
f 881/881/881 929/929/929 930/930/930
f 881/881/881 930/930/930 882/882/882
f 882/882/882 930/930/930 931/931/931
f 882/882/882 931/931/931 883/883/883
f 883/883/883 931/931/931 932/932/932
f 883/883/883 932/932/932 884/884/884
f 884/884/884 932/932/932 933/933/933
f 884/884/884 933/933/933 885/885/885
f 885/885/885 933/933/933 934/934/934
f 885/885/885 934/934/934 886/886/886
f 886/886/886 934/934/934 935/935/935
f 886/886/886 935/935/935 887/887/887
f 887/887/887 935/935/935 936/936/936
f 887/887/887 936/936/936 888/888/888
f 888/888/888 936/936/936 937/937/937
f 888/888/888 937/937/937 889/889/889
f 889/889/889 937/937/937 938/938/938
f 889/889/889 938/938/938 890/890/890
f 890/890/890 938/938/938 939/939/939
f 890/890/890 939/939/939 891/891/891
f 891/891/891 939/939/939 940/940/940
f 891/891/891 940/940/940 892/892/892
f 892/892/892 940/940/940 941/941/941
f 892/892/892 941/941/941 893/893/893
f 893/893/893 941/941/941 942/942/942
f 893/893/893 942/942/942 894/894/894
f 894/894/894 942/942/942 943/943/943
f 894/894/894 943/943/943 895/895/895
f 895/895/895 943/943/943 944/944/944
f 895/895/895 944/944/944 896/896/896
f 896/896/896 944/944/944 945/945/945
f 896/896/896 945/945/945 897/897/897
f 897/897/897 945/945/945 946/946/946
f 897/897/897 946/946/946 898/898/898
f 898/898/898 946/946/946 947/947/947
f 898/898/898 947/947/947 899/899/899
f 899/899/899 947/947/947 948/948/948
f 899/899/899 948/948/948 900/900/900
f 900/900/900 948/948/948 949/949/949
f 900/900/900 949/949/949 901/901/901
f 901/901/901 949/949/949 950/950/950
f 901/901/901 950/950/950 902/902/902
f 902/902/902 950/950/950 951/951/951
f 902/902/902 951/951/951 903/903/903
f 903/903/903 951/951/951 952/952/952
f 903/903/903 952/952/952 904/904/904
f 904/904/904 952/952/952 953/953/953
f 904/904/904 953/953/953 905/905/905
f 905/905/905 953/953/953 954/954/954
f 905/905/905 954/954/954 906/906/906
f 906/906/906 954/954/954 955/955/955
f 906/906/906 955/955/955 907/907/907
f 907/907/907 955/955/955 956/956/956
f 907/907/907 956/956/956 908/908/908
f 908/908/908 956/956/956 957/957/957
f 908/908/908 957/957/957 909/909/909
f 909/909/909 957/957/957 958/958/958
f 909/909/909 958/958/958 910/910/910
f 910/910/910 958/958/958 959/959/959
f 910/910/910 959/959/959 911/911/911
f 911/911/911 959/959/959 960/960/960
f 911/911/911 960/960/960 912/912/912
f 912/912/912 960/960/960 913/913/913
f 912/912/912 913/913/913 865/865/865
f 913/913/913 961/961/961 962/962/962
f 913/913/913 962/962/962 914/914/914
f 914/914/914 962/962/962 963/963/963
f 914/914/914 963/963/963 915/915/915
f 915/915/915 963/963/963 964/964/964
f 915/915/915 964/964/964 916/916/916
f 916/916/916 964/964/964 965/965/965
f 916/916/916 965/965/965 917/917/917
f 917/917/917 965/965/965 966/966/966
f 917/917/917 966/966/966 918/918/918
f 918/918/918 966/966/966 967/967/967
f 918/918/918 967/967/967 919/919/919
f 919/919/919 967/967/967 968/968/968
f 919/919/919 968/968/968 920/920/920
f 920/920/920 968/968/968 969/969/969
f 920/920/920 969/969/969 921/921/921
f 921/921/921 969/969/969 970/970/970
f 921/921/921 970/970/970 922/922/922
f 922/922/922 970/970/970 971/971/971
f 922/922/922 971/971/971 923/923/923
f 923/923/923 971/971/971 972/972/972
f 923/923/923 972/972/972 924/924/924
f 924/924/924 972/972/972 973/973/973
f 924/924/924 973/973/973 925/925/925
f 925/925/925 973/973/973 974/974/974
f 925/925/925 974/974/974 926/926/926
f 926/926/926 974/974/974 975/975/975
f 926/926/926 975/975/975 927/927/927
f 927/927/927 975/975/975 976/976/976
f 927/927/927 976/976/976 928/928/928
f 928/928/928 976/976/976 977/977/977
f 928/928/928 977/977/977 929/929/929
f 929/929/929 977/977/977 978/978/978
f 929/929/929 978/978/978 930/930/930
f 930/930/930 978/978/978 979/979/979
f 930/930/930 979/979/979 931/931/931
f 931/931/931 979/979/979 980/980/980
f 931/931/931 980/980/980 932/932/932
f 932/932/932 980/980/980 981/981/981
f 932/932/932 981/981/981 933/933/933
f 933/933/933 981/981/981 982/982/982
f 933/933/933 982/982/982 934/934/934
f 934/934/934 982/982/982 983/983/983
f 934/934/934 983/983/983 935/935/935
f 935/935/935 983/983/983 984/984/984
f 935/935/935 984/984/984 936/936/936
f 936/936/936 984/984/984 985/985/985
f 936/936/936 985/985/985 937/937/937
f 937/937/937 985/985/985 986/986/986
f 937/937/937 986/986/986 938/938/938
f 938/938/938 986/986/986 987/987/987
f 938/938/938 987/987/987 939/939/939
f 939/939/939 987/987/987 988/988/988
f 939/939/939 988/988/988 940/940/940
f 940/940/940 988/988/988 989/989/989
f 940/940/940 989/989/989 941/941/941
f 941/941/941 989/989/989 990/990/990
f 941/941/941 990/990/990 942/942/942
f 942/942/942 990/990/990 991/991/991
f 942/942/942 991/991/991 943/943/943
f 943/943/943 991/991/991 992/992/992
f 943/943/943 992/992/992 944/944/944
f 944/944/944 992/992/992 993/993/993
f 944/944/944 993/993/993 945/945/945
f 945/945/945 993/993/993 994/994/994
f 945/945/945 994/994/994 946/946/946
f 946/946/946 994/994/994 995/995/995
f 946/946/946 995/995/995 947/947/947
f 947/947/947 995/995/995 996/996/996
f 947/947/947 996/996/996 948/948/948
f 948/948/948 996/996/996 997/997/997
f 948/948/948 997/997/997 949/949/949
f 949/949/949 997/997/997 998/998/998
f 949/949/949 998/998/998 950/950/950
f 950/950/950 998/998/998 999/999/999
f 950/950/950 999/999/999 951/951/951
f 951/951/951 999/999/999 1000/1000/1000
f 951/951/951 1000/1000/1000 952/952/952
f 952/952/952 1000/1000/1000 1001/1001/1001
f 952/952/952 1001/1001/1001 953/953/953
f 953/953/953 1001/1001/1001 1002/1002/1002
f 953/953/953 1002/1002/1002 954/954/954
f 954/954/954 1002/1002/1002 1003/1003/1003
f 954/954/954 1003/1003/1003 955/955/955
f 955/955/955 1003/1003/1003 1004/1004/1004
f 955/955/955 1004/1004/1004 956/956/956
f 956/956/956 1004/1004/1004 1005/1005/1005
f 956/956/956 1005/1005/1005 957/957/957
f 957/957/957 1005/1005/1005 1006/1006/1006
f 957/957/957 1006/1006/1006 958/958/958
f 958/958/958 1006/1006/1006 1007/1007/1007
f 958/958/958 1007/1007/1007 959/959/959
f 959/959/959 1007/1007/1007 1008/1008/1008
f 959/959/959 1008/1008/1008 960/960/960
f 960/960/960 1008/1008/1008 961/961/961
f 960/960/960 961/961/961 913/913/913
f 961/961/961 1009/1009/1009 1010/1010/1010
f 961/961/961 1010/1010/1010 962/962/962
f 962/962/962 1010/1010/1010 1011/1011/1011
f 962/962/962 1011/1011/1011 963/963/963
f 963/963/963 1011/1011/1011 1012/1012/1012
f 963/963/963 1012/1012/1012 964/964/964
f 964/964/964 1012/1012/1012 1013/1013/1013
f 964/964/964 1013/1013/1013 965/965/965
f 965/965/965 1013/1013/1013 1014/1014/1014
f 965/965/965 1014/1014/1014 966/966/966
f 966/966/966 1014/1014/1014 1015/1015/1015
f 966/966/966 1015/1015/1015 967/967/967
f 967/967/967 1015/1015/1015 1016/1016/1016
f 967/967/967 1016/1016/1016 968/968/968
f 968/968/968 1016/1016/1016 1017/1017/1017
f 968/968/968 1017/1017/1017 969/969/969
f 969/969/969 1017/1017/1017 1018/1018/1018
f 969/969/969 1018/1018/1018 970/970/970
f 970/970/970 1018/1018/1018 1019/1019/1019
f 970/970/970 1019/1019/1019 971/971/971
f 971/971/971 1019/1019/1019 1020/1020/1020
f 971/971/971 1020/1020/1020 972/972/972
f 972/972/972 1020/1020/1020 1021/1021/1021
f 972/972/972 1021/1021/1021 973/973/973
f 973/973/973 1021/1021/1021 1022/1022/1022
f 973/973/973 1022/1022/1022 974/974/974
f 974/974/974 1022/1022/1022 1023/1023/1023
f 974/974/974 1023/1023/1023 975/975/975
f 975/975/975 1023/1023/1023 1024/1024/1024
f 975/975/975 1024/1024/1024 976/976/976
f 976/976/976 1024/1024/1024 1025/1025/1025
f 976/976/976 1025/1025/1025 977/977/977
f 977/977/977 1025/1025/1025 1026/1026/1026
f 977/977/977 1026/1026/1026 978/978/978
f 978/978/978 1026/1026/1026 1027/1027/1027
f 978/978/978 1027/1027/1027 979/979/979
f 979/979/979 1027/1027/1027 1028/1028/1028
f 979/979/979 1028/1028/1028 980/980/980
f 980/980/980 1028/1028/1028 1029/1029/1029
f 980/980/980 1029/1029/1029 981/981/981
f 981/981/981 1029/1029/1029 1030/1030/1030
f 981/981/981 1030/1030/1030 982/982/982
f 982/982/982 1030/1030/1030 1031/1031/1031
f 982/982/982 1031/1031/1031 983/983/983
f 983/983/983 1031/1031/1031 1032/1032/1032
f 983/983/983 1032/1032/1032 984/984/984
f 984/984/984 1032/1032/1032 1033/1033/1033
f 984/984/984 1033/1033/1033 985/985/985
f 985/985/985 1033/1033/1033 1034/1034/1034
f 985/985/985 1034/1034/1034 986/986/986
f 986/986/986 1034/1034/1034 1035/1035/1035
f 986/986/986 1035/1035/1035 987/987/987
f 987/987/987 1035/1035/1035 1036/1036/1036
f 987/987/987 1036/1036/1036 988/988/988
f 988/988/988 1036/1036/1036 1037/1037/1037
f 988/988/988 1037/1037/1037 989/989/989
f 989/989/989 1037/1037/1037 1038/1038/1038
f 989/989/989 1038/1038/1038 990/990/990
f 990/990/990 1038/1038/1038 1039/1039/1039
f 990/990/990 1039/1039/1039 991/991/991
f 991/991/991 1039/1039/1039 1040/1040/1040
f 991/991/991 1040/1040/1040 992/992/992
f 992/992/992 1040/1040/1040 1041/1041/1041
f 992/992/992 1041/1041/1041 993/993/993
f 993/993/993 1041/1041/1041 1042/1042/1042
f 993/993/993 1042/1042/1042 994/994/994
f 994/994/994 1042/1042/1042 1043/1043/1043
f 994/994/994 1043/1043/1043 995/995/995
f 995/995/995 1043/1043/1043 1044/1044/1044
f 995/995/995 1044/1044/1044 996/996/996
f 996/996/996 1044/1044/1044 1045/1045/1045
f 996/996/996 1045/1045/1045 997/997/997
f 997/997/997 1045/1045/1045 1046/1046/1046
f 997/997/997 1046/1046/1046 998/998/998
f 998/998/998 1046/1046/1046 1047/1047/1047
f 998/998/998 1047/1047/1047 999/999/999
f 999/999/999 1047/1047/1047 1048/1048/1048
f 999/999/999 1048/1048/1048 1000/1000/1000
f 1000/1000/1000 1048/1048/1048 1049/1049/1049
f 1000/1000/1000 1049/1049/1049 1001/1001/1001
f 1001/1001/1001 1049/1049/1049 1050/1050/1050
f 1001/1001/1001 1050/1050/1050 1002/1002/1002
f 1002/1002/1002 1050/1050/1050 1051/1051/1051
f 1002/1002/1002 1051/1051/1051 1003/1003/1003
f 1003/1003/1003 1051/1051/1051 1052/1052/1052
f 1003/1003/1003 1052/1052/1052 1004/1004/1004
f 1004/1004/1004 1052/1052/1052 1053/1053/1053
f 1004/1004/1004 1053/1053/1053 1005/1005/1005
f 1005/1005/1005 1053/1053/1053 1054/1054/1054
f 1005/1005/1005 1054/1054/1054 1006/1006/1006
f 1006/1006/1006 1054/1054/1054 1055/1055/1055
f 1006/1006/1006 1055/1055/1055 1007/1007/1007
f 1007/1007/1007 1055/1055/1055 1056/1056/1056
f 1007/1007/1007 1056/1056/1056 1008/1008/1008
f 1008/1008/1008 1056/1056/1056 1009/1009/1009
f 1008/1008/1008 1009/1009/1009 961/961/961
f 1009/1009/1009 1057/1057/1057 1058/1058/1058
f 1009/1009/1009 1058/1058/1058 1010/1010/1010
f 1010/1010/1010 1058/1058/1058 1059/1059/1059
f 1010/1010/1010 1059/1059/1059 1011/1011/1011
f 1011/1011/1011 1059/1059/1059 1060/1060/1060
f 1011/1011/1011 1060/1060/1060 1012/1012/1012
f 1012/1012/1012 1060/1060/1060 1061/1061/1061
f 1012/1012/1012 1061/1061/1061 1013/1013/1013
f 1013/1013/1013 1061/1061/1061 1062/1062/1062
f 1013/1013/1013 1062/1062/1062 1014/1014/1014
f 1014/1014/1014 1062/1062/1062 1063/1063/1063
f 1014/1014/1014 1063/1063/1063 1015/1015/1015
f 1015/1015/1015 1063/1063/1063 1064/1064/1064
f 1015/1015/1015 1064/1064/1064 1016/1016/1016
f 1016/1016/1016 1064/1064/1064 1065/1065/1065
f 1016/1016/1016 1065/1065/1065 1017/1017/1017
f 1017/1017/1017 1065/1065/1065 1066/1066/1066
f 1017/1017/1017 1066/1066/1066 1018/1018/1018
f 1018/1018/1018 1066/1066/1066 1067/1067/1067
f 1018/1018/1018 1067/1067/1067 1019/1019/1019
f 1019/1019/1019 1067/1067/1067 1068/1068/1068
f 1019/1019/1019 1068/1068/1068 1020/1020/1020
f 1020/1020/1020 1068/1068/1068 1069/1069/1069
f 1020/1020/1020 1069/1069/1069 1021/1021/1021
f 1021/1021/1021 1069/1069/1069 1070/1070/1070
f 1021/1021/1021 1070/1070/1070 1022/1022/1022
f 1022/1022/1022 1070/1070/1070 1071/1071/1071
f 1022/1022/1022 1071/1071/1071 1023/1023/1023
f 1023/1023/1023 1071/1071/1071 1072/1072/1072
f 1023/1023/1023 1072/1072/1072 1024/1024/1024
f 1024/1024/1024 1072/1072/1072 1073/1073/1073
f 1024/1024/1024 1073/1073/1073 1025/1025/1025
f 1025/1025/1025 1073/1073/1073 1074/1074/1074
f 1025/1025/1025 1074/1074/1074 1026/1026/1026
f 1026/1026/1026 1074/1074/1074 1075/1075/1075
f 1026/1026/1026 1075/1075/1075 1027/1027/1027
f 1027/1027/1027 1075/1075/1075 1076/1076/1076
f 1027/1027/1027 1076/1076/1076 1028/1028/1028
f 1028/1028/1028 1076/1076/1076 1077/1077/1077
f 1028/1028/1028 1077/1077/1077 1029/1029/1029
f 1029/1029/1029 1077/1077/1077 1078/1078/1078
f 1029/1029/1029 1078/1078/1078 1030/1030/1030
f 1030/1030/1030 1078/1078/1078 1079/1079/1079
f 1030/1030/1030 1079/1079/1079 1031/1031/1031
f 1031/1031/1031 1079/1079/1079 1080/1080/1080
f 1031/1031/1031 1080/1080/1080 1032/1032/1032
f 1032/1032/1032 1080/1080/1080 1081/1081/1081
f 1032/1032/1032 1081/1081/1081 1033/1033/1033
f 1033/1033/1033 1081/1081/1081 1082/1082/1082
f 1033/1033/1033 1082/1082/1082 1034/1034/1034
f 1034/1034/1034 1082/1082/1082 1083/1083/1083
f 1034/1034/1034 1083/1083/1083 1035/1035/1035
f 1035/1035/1035 1083/1083/1083 1084/1084/1084
f 1035/1035/1035 1084/1084/1084 1036/1036/1036
f 1036/1036/1036 1084/1084/1084 1085/1085/1085
f 1036/1036/1036 1085/1085/1085 1037/1037/1037
f 1037/1037/1037 1085/1085/1085 1086/1086/1086
f 1037/1037/1037 1086/1086/1086 1038/1038/1038
f 1038/1038/1038 1086/1086/1086 1087/1087/1087
f 1038/1038/1038 1087/1087/1087 1039/1039/1039
f 1039/1039/1039 1087/1087/1087 1088/1088/1088
f 1039/1039/1039 1088/1088/1088 1040/1040/1040
f 1040/1040/1040 1088/1088/1088 1089/1089/1089
f 1040/1040/1040 1089/1089/1089 1041/1041/1041
f 1041/1041/1041 1089/1089/1089 1090/1090/1090
f 1041/1041/1041 1090/1090/1090 1042/1042/1042
f 1042/1042/1042 1090/1090/1090 1091/1091/1091
f 1042/1042/1042 1091/1091/1091 1043/1043/1043
f 1043/1043/1043 1091/1091/1091 1092/1092/1092
f 1043/1043/1043 1092/1092/1092 1044/1044/1044
f 1044/1044/1044 1092/1092/1092 1093/1093/1093
f 1044/1044/1044 1093/1093/1093 1045/1045/1045
f 1045/1045/1045 1093/1093/1093 1094/1094/1094
f 1045/1045/1045 1094/1094/1094 1046/1046/1046
f 1046/1046/1046 1094/1094/1094 1095/1095/1095
f 1046/1046/1046 1095/1095/1095 1047/1047/1047
f 1047/1047/1047 1095/1095/1095 1096/1096/1096
f 1047/1047/1047 1096/1096/1096 1048/1048/1048
f 1048/1048/1048 1096/1096/1096 1097/1097/1097
f 1048/1048/1048 1097/1097/1097 1049/1049/1049
f 1049/1049/1049 1097/1097/1097 1098/1098/1098
f 1049/1049/1049 1098/1098/1098 1050/1050/1050
f 1050/1050/1050 1098/1098/1098 1099/1099/1099
f 1050/1050/1050 1099/1099/1099 1051/1051/1051
f 1051/1051/1051 1099/1099/1099 1100/1100/1100
f 1051/1051/1051 1100/1100/1100 1052/1052/1052
f 1052/1052/1052 1100/1100/1100 1101/1101/1101
f 1052/1052/1052 1101/1101/1101 1053/1053/1053
f 1053/1053/1053 1101/1101/1101 1102/1102/1102
f 1053/1053/1053 1102/1102/1102 1054/1054/1054
f 1054/1054/1054 1102/1102/1102 1103/1103/1103
f 1054/1054/1054 1103/1103/1103 1055/1055/1055
f 1055/1055/1055 1103/1103/1103 1104/1104/1104
f 1055/1055/1055 1104/1104/1104 1056/1056/1056
f 1056/1056/1056 1104/1104/1104 1057/1057/1057
f 1056/1056/1056 1057/1057/1057 1009/1009/1009
f 1057/1057/1057 1105/1105/1105 1106/1106/1106
f 1057/1057/1057 1106/1106/1106 1058/1058/1058
f 1058/1058/1058 1106/1106/1106 1107/1107/1107
f 1058/1058/1058 1107/1107/1107 1059/1059/1059
f 1059/1059/1059 1107/1107/1107 1108/1108/1108
f 1059/1059/1059 1108/1108/1108 1060/1060/1060
f 1060/1060/1060 1108/1108/1108 1109/1109/1109
f 1060/1060/1060 1109/1109/1109 1061/1061/1061
f 1061/1061/1061 1109/1109/1109 1110/1110/1110
f 1061/1061/1061 1110/1110/1110 1062/1062/1062
f 1062/1062/1062 1110/1110/1110 1111/1111/1111
f 1062/1062/1062 1111/1111/1111 1063/1063/1063
f 1063/1063/1063 1111/1111/1111 1112/1112/1112
f 1063/1063/1063 1112/1112/1112 1064/1064/1064
f 1064/1064/1064 1112/1112/1112 1113/1113/1113
f 1064/1064/1064 1113/1113/1113 1065/1065/1065
f 1065/1065/1065 1113/1113/1113 1114/1114/1114
f 1065/1065/1065 1114/1114/1114 1066/1066/1066
f 1066/1066/1066 1114/1114/1114 1115/1115/1115
f 1066/1066/1066 1115/1115/1115 1067/1067/1067
f 1067/1067/1067 1115/1115/1115 1116/1116/1116
f 1067/1067/1067 1116/1116/1116 1068/1068/1068
f 1068/1068/1068 1116/1116/1116 1117/1117/1117
f 1068/1068/1068 1117/1117/1117 1069/1069/1069
f 1069/1069/1069 1117/1117/1117 1118/1118/1118
f 1069/1069/1069 1118/1118/1118 1070/1070/1070
f 1070/1070/1070 1118/1118/1118 1119/1119/1119
f 1070/1070/1070 1119/1119/1119 1071/1071/1071
f 1071/1071/1071 1119/1119/1119 1120/1120/1120
f 1071/1071/1071 1120/1120/1120 1072/1072/1072
f 1072/1072/1072 1120/1120/1120 1121/1121/1121
f 1072/1072/1072 1121/1121/1121 1073/1073/1073
f 1073/1073/1073 1121/1121/1121 1122/1122/1122
f 1073/1073/1073 1122/1122/1122 1074/1074/1074
f 1074/1074/1074 1122/1122/1122 1123/1123/1123
f 1074/1074/1074 1123/1123/1123 1075/1075/1075
f 1075/1075/1075 1123/1123/1123 1124/1124/1124
f 1075/1075/1075 1124/1124/1124 1076/1076/1076
f 1076/1076/1076 1124/1124/1124 1125/1125/1125
f 1076/1076/1076 1125/1125/1125 1077/1077/1077
f 1077/1077/1077 1125/1125/1125 1126/1126/1126
f 1077/1077/1077 1126/1126/1126 1078/1078/1078
f 1078/1078/1078 1126/1126/1126 1127/1127/1127
f 1078/1078/1078 1127/1127/1127 1079/1079/1079
f 1079/1079/1079 1127/1127/1127 1128/1128/1128
f 1079/1079/1079 1128/1128/1128 1080/1080/1080
f 1080/1080/1080 1128/1128/1128 1129/1129/1129
f 1080/1080/1080 1129/1129/1129 1081/1081/1081
f 1081/1081/1081 1129/1129/1129 1130/1130/1130
f 1081/1081/1081 1130/1130/1130 1082/1082/1082
f 1082/1082/1082 1130/1130/1130 1131/1131/1131
f 1082/1082/1082 1131/1131/1131 1083/1083/1083
f 1083/1083/1083 1131/1131/1131 1132/1132/1132
f 1083/1083/1083 1132/1132/1132 1084/1084/1084
f 1084/1084/1084 1132/1132/1132 1133/1133/1133
f 1084/1084/1084 1133/1133/1133 1085/1085/1085
f 1085/1085/1085 1133/1133/1133 1134/1134/1134
f 1085/1085/1085 1134/1134/1134 1086/1086/1086
f 1086/1086/1086 1134/1134/1134 1135/1135/1135
f 1086/1086/1086 1135/1135/1135 1087/1087/1087
f 1087/1087/1087 1135/1135/1135 1136/1136/1136
f 1087/1087/1087 1136/1136/1136 1088/1088/1088
f 1088/1088/1088 1136/1136/1136 1137/1137/1137
f 1088/1088/1088 1137/1137/1137 1089/1089/1089
f 1089/1089/1089 1137/1137/1137 1138/1138/1138
f 1089/1089/1089 1138/1138/1138 1090/1090/1090
f 1090/1090/1090 1138/1138/1138 1139/1139/1139
f 1090/1090/1090 1139/1139/1139 1091/1091/1091
f 1091/1091/1091 1139/1139/1139 1140/1140/1140
f 1091/1091/1091 1140/1140/1140 1092/1092/1092
f 1092/1092/1092 1140/1140/1140 1141/1141/1141
f 1092/1092/1092 1141/1141/1141 1093/1093/1093
f 1093/1093/1093 1141/1141/1141 1142/1142/1142
f 1093/1093/1093 1142/1142/1142 1094/1094/1094
f 1094/1094/1094 1142/1142/1142 1143/1143/1143
f 1094/1094/1094 1143/1143/1143 1095/1095/1095
f 1095/1095/1095 1143/1143/1143 1144/1144/1144
f 1095/1095/1095 1144/1144/1144 1096/1096/1096
f 1096/1096/1096 1144/1144/1144 1145/1145/1145
f 1096/1096/1096 1145/1145/1145 1097/1097/1097
f 1097/1097/1097 1145/1145/1145 1146/1146/1146
f 1097/1097/1097 1146/1146/1146 1098/1098/1098
f 1098/1098/1098 1146/1146/1146 1147/1147/1147
f 1098/1098/1098 1147/1147/1147 1099/1099/1099
f 1099/1099/1099 1147/1147/1147 1148/1148/1148
f 1099/1099/1099 1148/1148/1148 1100/1100/1100
f 1100/1100/1100 1148/1148/1148 1149/1149/1149
f 1100/1100/1100 1149/1149/1149 1101/1101/1101
f 1101/1101/1101 1149/1149/1149 1150/1150/1150
f 1101/1101/1101 1150/1150/1150 1102/1102/1102
f 1102/1102/1102 1150/1150/1150 1151/1151/1151
f 1102/1102/1102 1151/1151/1151 1103/1103/1103
f 1103/1103/1103 1151/1151/1151 1152/1152/1152
f 1103/1103/1103 1152/1152/1152 1104/1104/1104
f 1104/1104/1104 1152/1152/1152 1105/1105/1105
f 1104/1104/1104 1105/1105/1105 1057/1057/1057
f 1105/1105/1105 1153/1153/1153 1154/1154/1154
f 1105/1105/1105 1154/1154/1154 1106/1106/1106
f 1106/1106/1106 1154/1154/1154 1155/1155/1155
f 1106/1106/1106 1155/1155/1155 1107/1107/1107
f 1107/1107/1107 1155/1155/1155 1156/1156/1156
f 1107/1107/1107 1156/1156/1156 1108/1108/1108
f 1108/1108/1108 1156/1156/1156 1157/1157/1157
f 1108/1108/1108 1157/1157/1157 1109/1109/1109
f 1109/1109/1109 1157/1157/1157 1158/1158/1158
f 1109/1109/1109 1158/1158/1158 1110/1110/1110
f 1110/1110/1110 1158/1158/1158 1159/1159/1159
f 1110/1110/1110 1159/1159/1159 1111/1111/1111
f 1111/1111/1111 1159/1159/1159 1160/1160/1160
f 1111/1111/1111 1160/1160/1160 1112/1112/1112
f 1112/1112/1112 1160/1160/1160 1161/1161/1161
f 1112/1112/1112 1161/1161/1161 1113/1113/1113
f 1113/1113/1113 1161/1161/1161 1162/1162/1162
f 1113/1113/1113 1162/1162/1162 1114/1114/1114
f 1114/1114/1114 1162/1162/1162 1163/1163/1163
f 1114/1114/1114 1163/1163/1163 1115/1115/1115
f 1115/1115/1115 1163/1163/1163 1164/1164/1164
f 1115/1115/1115 1164/1164/1164 1116/1116/1116
f 1116/1116/1116 1164/1164/1164 1165/1165/1165
f 1116/1116/1116 1165/1165/1165 1117/1117/1117
f 1117/1117/1117 1165/1165/1165 1166/1166/1166
f 1117/1117/1117 1166/1166/1166 1118/1118/1118
f 1118/1118/1118 1166/1166/1166 1167/1167/1167
f 1118/1118/1118 1167/1167/1167 1119/1119/1119
f 1119/1119/1119 1167/1167/1167 1168/1168/1168
f 1119/1119/1119 1168/1168/1168 1120/1120/1120
f 1120/1120/1120 1168/1168/1168 1169/1169/1169
f 1120/1120/1120 1169/1169/1169 1121/1121/1121
f 1121/1121/1121 1169/1169/1169 1170/1170/1170
f 1121/1121/1121 1170/1170/1170 1122/1122/1122
f 1122/1122/1122 1170/1170/1170 1171/1171/1171
f 1122/1122/1122 1171/1171/1171 1123/1123/1123
f 1123/1123/1123 1171/1171/1171 1172/1172/1172
f 1123/1123/1123 1172/1172/1172 1124/1124/1124
f 1124/1124/1124 1172/1172/1172 1173/1173/1173
f 1124/1124/1124 1173/1173/1173 1125/1125/1125
f 1125/1125/1125 1173/1173/1173 1174/1174/1174
f 1125/1125/1125 1174/1174/1174 1126/1126/1126
f 1126/1126/1126 1174/1174/1174 1175/1175/1175
f 1126/1126/1126 1175/1175/1175 1127/1127/1127
f 1127/1127/1127 1175/1175/1175 1176/1176/1176
f 1127/1127/1127 1176/1176/1176 1128/1128/1128
f 1128/1128/1128 1176/1176/1176 1177/1177/1177
f 1128/1128/1128 1177/1177/1177 1129/1129/1129
f 1129/1129/1129 1177/1177/1177 1178/1178/1178
f 1129/1129/1129 1178/1178/1178 1130/1130/1130
f 1130/1130/1130 1178/1178/1178 1179/1179/1179
f 1130/1130/1130 1179/1179/1179 1131/1131/1131
f 1131/1131/1131 1179/1179/1179 1180/1180/1180
f 1131/1131/1131 1180/1180/1180 1132/1132/1132
f 1132/1132/1132 1180/1180/1180 1181/1181/1181
f 1132/1132/1132 1181/1181/1181 1133/1133/1133
f 1133/1133/1133 1181/1181/1181 1182/1182/1182
f 1133/1133/1133 1182/1182/1182 1134/1134/1134
f 1134/1134/1134 1182/1182/1182 1183/1183/1183
f 1134/1134/1134 1183/1183/1183 1135/1135/1135
f 1135/1135/1135 1183/1183/1183 1184/1184/1184
f 1135/1135/1135 1184/1184/1184 1136/1136/1136
f 1136/1136/1136 1184/1184/1184 1185/1185/1185
f 1136/1136/1136 1185/1185/1185 1137/1137/1137
f 1137/1137/1137 1185/1185/1185 1186/1186/1186
f 1137/1137/1137 1186/1186/1186 1138/1138/1138
f 1138/1138/1138 1186/1186/1186 1187/1187/1187
f 1138/1138/1138 1187/1187/1187 1139/1139/1139
f 1139/1139/1139 1187/1187/1187 1188/1188/1188
f 1139/1139/1139 1188/1188/1188 1140/1140/1140
f 1140/1140/1140 1188/1188/1188 1189/1189/1189
f 1140/1140/1140 1189/1189/1189 1141/1141/1141
f 1141/1141/1141 1189/1189/1189 1190/1190/1190
f 1141/1141/1141 1190/1190/1190 1142/1142/1142
f 1142/1142/1142 1190/1190/1190 1191/1191/1191
f 1142/1142/1142 1191/1191/1191 1143/1143/1143
f 1143/1143/1143 1191/1191/1191 1192/1192/1192
f 1143/1143/1143 1192/1192/1192 1144/1144/1144
f 1144/1144/1144 1192/1192/1192 1193/1193/1193
f 1144/1144/1144 1193/1193/1193 1145/1145/1145
f 1145/1145/1145 1193/1193/1193 1194/1194/1194
f 1145/1145/1145 1194/1194/1194 1146/1146/1146
f 1146/1146/1146 1194/1194/1194 1195/1195/1195
f 1146/1146/1146 1195/1195/1195 1147/1147/1147
f 1147/1147/1147 1195/1195/1195 1196/1196/1196
f 1147/1147/1147 1196/1196/1196 1148/1148/1148
f 1148/1148/1148 1196/1196/1196 1197/1197/1197
f 1148/1148/1148 1197/1197/1197 1149/1149/1149
f 1149/1149/1149 1197/1197/1197 1198/1198/1198
f 1149/1149/1149 1198/1198/1198 1150/1150/1150
f 1150/1150/1150 1198/1198/1198 1199/1199/1199
f 1150/1150/1150 1199/1199/1199 1151/1151/1151
f 1151/1151/1151 1199/1199/1199 1200/1200/1200
f 1151/1151/1151 1200/1200/1200 1152/1152/1152
f 1152/1152/1152 1200/1200/1200 1153/1153/1153
f 1152/1152/1152 1153/1153/1153 1105/1105/1105
f 1153/1153/1153 1201/1201/1201 1202/1202/1202
f 1153/1153/1153 1202/1202/1202 1154/1154/1154
f 1154/1154/1154 1202/1202/1202 1203/1203/1203
f 1154/1154/1154 1203/1203/1203 1155/1155/1155
f 1155/1155/1155 1203/1203/1203 1204/1204/1204
f 1155/1155/1155 1204/1204/1204 1156/1156/1156
f 1156/1156/1156 1204/1204/1204 1205/1205/1205
f 1156/1156/1156 1205/1205/1205 1157/1157/1157
f 1157/1157/1157 1205/1205/1205 1206/1206/1206
f 1157/1157/1157 1206/1206/1206 1158/1158/1158
f 1158/1158/1158 1206/1206/1206 1207/1207/1207
f 1158/1158/1158 1207/1207/1207 1159/1159/1159
f 1159/1159/1159 1207/1207/1207 1208/1208/1208
f 1159/1159/1159 1208/1208/1208 1160/1160/1160
f 1160/1160/1160 1208/1208/1208 1209/1209/1209
f 1160/1160/1160 1209/1209/1209 1161/1161/1161
f 1161/1161/1161 1209/1209/1209 1210/1210/1210
f 1161/1161/1161 1210/1210/1210 1162/1162/1162
f 1162/1162/1162 1210/1210/1210 1211/1211/1211
f 1162/1162/1162 1211/1211/1211 1163/1163/1163
f 1163/1163/1163 1211/1211/1211 1212/1212/1212
f 1163/1163/1163 1212/1212/1212 1164/1164/1164
f 1164/1164/1164 1212/1212/1212 1213/1213/1213
f 1164/1164/1164 1213/1213/1213 1165/1165/1165
f 1165/1165/1165 1213/1213/1213 1214/1214/1214
f 1165/1165/1165 1214/1214/1214 1166/1166/1166
f 1166/1166/1166 1214/1214/1214 1215/1215/1215
f 1166/1166/1166 1215/1215/1215 1167/1167/1167
f 1167/1167/1167 1215/1215/1215 1216/1216/1216
f 1167/1167/1167 1216/1216/1216 1168/1168/1168
f 1168/1168/1168 1216/1216/1216 1217/1217/1217
f 1168/1168/1168 1217/1217/1217 1169/1169/1169
f 1169/1169/1169 1217/1217/1217 1218/1218/1218
f 1169/1169/1169 1218/1218/1218 1170/1170/1170
f 1170/1170/1170 1218/1218/1218 1219/1219/1219
f 1170/1170/1170 1219/1219/1219 1171/1171/1171
f 1171/1171/1171 1219/1219/1219 1220/1220/1220
f 1171/1171/1171 1220/1220/1220 1172/1172/1172
f 1172/1172/1172 1220/1220/1220 1221/1221/1221
f 1172/1172/1172 1221/1221/1221 1173/1173/1173
f 1173/1173/1173 1221/1221/1221 1222/1222/1222
f 1173/1173/1173 1222/1222/1222 1174/1174/1174
f 1174/1174/1174 1222/1222/1222 1223/1223/1223
f 1174/1174/1174 1223/1223/1223 1175/1175/1175
f 1175/1175/1175 1223/1223/1223 1224/1224/1224
f 1175/1175/1175 1224/1224/1224 1176/1176/1176
f 1176/1176/1176 1224/1224/1224 1225/1225/1225
f 1176/1176/1176 1225/1225/1225 1177/1177/1177
f 1177/1177/1177 1225/1225/1225 1226/1226/1226
f 1177/1177/1177 1226/1226/1226 1178/1178/1178
f 1178/1178/1178 1226/1226/1226 1227/1227/1227
f 1178/1178/1178 1227/1227/1227 1179/1179/1179
f 1179/1179/1179 1227/1227/1227 1228/1228/1228
f 1179/1179/1179 1228/1228/1228 1180/1180/1180
f 1180/1180/1180 1228/1228/1228 1229/1229/1229
f 1180/1180/1180 1229/1229/1229 1181/1181/1181
f 1181/1181/1181 1229/1229/1229 1230/1230/1230
f 1181/1181/1181 1230/1230/1230 1182/1182/1182
f 1182/1182/1182 1230/1230/1230 1231/1231/1231
f 1182/1182/1182 1231/1231/1231 1183/1183/1183
f 1183/1183/1183 1231/1231/1231 1232/1232/1232
f 1183/1183/1183 1232/1232/1232 1184/1184/1184
f 1184/1184/1184 1232/1232/1232 1233/1233/1233
f 1184/1184/1184 1233/1233/1233 1185/1185/1185
f 1185/1185/1185 1233/1233/1233 1234/1234/1234
f 1185/1185/1185 1234/1234/1234 1186/1186/1186
f 1186/1186/1186 1234/1234/1234 1235/1235/1235
f 1186/1186/1186 1235/1235/1235 1187/1187/1187
f 1187/1187/1187 1235/1235/1235 1236/1236/1236
f 1187/1187/1187 1236/1236/1236 1188/1188/1188
f 1188/1188/1188 1236/1236/1236 1237/1237/1237
f 1188/1188/1188 1237/1237/1237 1189/1189/1189
f 1189/1189/1189 1237/1237/1237 1238/1238/1238
f 1189/1189/1189 1238/1238/1238 1190/1190/1190
f 1190/1190/1190 1238/1238/1238 1239/1239/1239
f 1190/1190/1190 1239/1239/1239 1191/1191/1191
f 1191/1191/1191 1239/1239/1239 1240/1240/1240
f 1191/1191/1191 1240/1240/1240 1192/1192/1192
f 1192/1192/1192 1240/1240/1240 1241/1241/1241
f 1192/1192/1192 1241/1241/1241 1193/1193/1193
f 1193/1193/1193 1241/1241/1241 1242/1242/1242
f 1193/1193/1193 1242/1242/1242 1194/1194/1194
f 1194/1194/1194 1242/1242/1242 1243/1243/1243
f 1194/1194/1194 1243/1243/1243 1195/1195/1195
f 1195/1195/1195 1243/1243/1243 1244/1244/1244
f 1195/1195/1195 1244/1244/1244 1196/1196/1196
f 1196/1196/1196 1244/1244/1244 1245/1245/1245
f 1196/1196/1196 1245/1245/1245 1197/1197/1197
f 1197/1197/1197 1245/1245/1245 1246/1246/1246
f 1197/1197/1197 1246/1246/1246 1198/1198/1198
f 1198/1198/1198 1246/1246/1246 1247/1247/1247
f 1198/1198/1198 1247/1247/1247 1199/1199/1199
f 1199/1199/1199 1247/1247/1247 1248/1248/1248
f 1199/1199/1199 1248/1248/1248 1200/1200/1200
f 1200/1200/1200 1248/1248/1248 1201/1201/1201
f 1200/1200/1200 1201/1201/1201 1153/1153/1153
f 1201/1201/1201 1249/1249/1249 1250/1250/1250
f 1201/1201/1201 1250/1250/1250 1202/1202/1202
f 1202/1202/1202 1250/1250/1250 1251/1251/1251
f 1202/1202/1202 1251/1251/1251 1203/1203/1203
f 1203/1203/1203 1251/1251/1251 1252/1252/1252
f 1203/1203/1203 1252/1252/1252 1204/1204/1204
f 1204/1204/1204 1252/1252/1252 1253/1253/1253
f 1204/1204/1204 1253/1253/1253 1205/1205/1205
f 1205/1205/1205 1253/1253/1253 1254/1254/1254
f 1205/1205/1205 1254/1254/1254 1206/1206/1206
f 1206/1206/1206 1254/1254/1254 1255/1255/1255
f 1206/1206/1206 1255/1255/1255 1207/1207/1207
f 1207/1207/1207 1255/1255/1255 1256/1256/1256
f 1207/1207/1207 1256/1256/1256 1208/1208/1208
f 1208/1208/1208 1256/1256/1256 1257/1257/1257
f 1208/1208/1208 1257/1257/1257 1209/1209/1209
f 1209/1209/1209 1257/1257/1257 1258/1258/1258
f 1209/1209/1209 1258/1258/1258 1210/1210/1210
f 1210/1210/1210 1258/1258/1258 1259/1259/1259
f 1210/1210/1210 1259/1259/1259 1211/1211/1211
f 1211/1211/1211 1259/1259/1259 1260/1260/1260
f 1211/1211/1211 1260/1260/1260 1212/1212/1212
f 1212/1212/1212 1260/1260/1260 1261/1261/1261
f 1212/1212/1212 1261/1261/1261 1213/1213/1213
f 1213/1213/1213 1261/1261/1261 1262/1262/1262
f 1213/1213/1213 1262/1262/1262 1214/1214/1214
f 1214/1214/1214 1262/1262/1262 1263/1263/1263
f 1214/1214/1214 1263/1263/1263 1215/1215/1215
f 1215/1215/1215 1263/1263/1263 1264/1264/1264
f 1215/1215/1215 1264/1264/1264 1216/1216/1216
f 1216/1216/1216 1264/1264/1264 1265/1265/1265
f 1216/1216/1216 1265/1265/1265 1217/1217/1217
f 1217/1217/1217 1265/1265/1265 1266/1266/1266
f 1217/1217/1217 1266/1266/1266 1218/1218/1218
f 1218/1218/1218 1266/1266/1266 1267/1267/1267
f 1218/1218/1218 1267/1267/1267 1219/1219/1219
f 1219/1219/1219 1267/1267/1267 1268/1268/1268
f 1219/1219/1219 1268/1268/1268 1220/1220/1220
f 1220/1220/1220 1268/1268/1268 1269/1269/1269
f 1220/1220/1220 1269/1269/1269 1221/1221/1221
f 1221/1221/1221 1269/1269/1269 1270/1270/1270
f 1221/1221/1221 1270/1270/1270 1222/1222/1222
f 1222/1222/1222 1270/1270/1270 1271/1271/1271
f 1222/1222/1222 1271/1271/1271 1223/1223/1223
f 1223/1223/1223 1271/1271/1271 1272/1272/1272
f 1223/1223/1223 1272/1272/1272 1224/1224/1224
f 1224/1224/1224 1272/1272/1272 1273/1273/1273
f 1224/1224/1224 1273/1273/1273 1225/1225/1225
f 1225/1225/1225 1273/1273/1273 1274/1274/1274
f 1225/1225/1225 1274/1274/1274 1226/1226/1226
f 1226/1226/1226 1274/1274/1274 1275/1275/1275
f 1226/1226/1226 1275/1275/1275 1227/1227/1227
f 1227/1227/1227 1275/1275/1275 1276/1276/1276
f 1227/1227/1227 1276/1276/1276 1228/1228/1228
f 1228/1228/1228 1276/1276/1276 1277/1277/1277
f 1228/1228/1228 1277/1277/1277 1229/1229/1229
f 1229/1229/1229 1277/1277/1277 1278/1278/1278
f 1229/1229/1229 1278/1278/1278 1230/1230/1230
f 1230/1230/1230 1278/1278/1278 1279/1279/1279
f 1230/1230/1230 1279/1279/1279 1231/1231/1231
f 1231/1231/1231 1279/1279/1279 1280/1280/1280
f 1231/1231/1231 1280/1280/1280 1232/1232/1232
f 1232/1232/1232 1280/1280/1280 1281/1281/1281
f 1232/1232/1232 1281/1281/1281 1233/1233/1233
f 1233/1233/1233 1281/1281/1281 1282/1282/1282
f 1233/1233/1233 1282/1282/1282 1234/1234/1234
f 1234/1234/1234 1282/1282/1282 1283/1283/1283
f 1234/1234/1234 1283/1283/1283 1235/1235/1235
f 1235/1235/1235 1283/1283/1283 1284/1284/1284
f 1235/1235/1235 1284/1284/1284 1236/1236/1236
f 1236/1236/1236 1284/1284/1284 1285/1285/1285
f 1236/1236/1236 1285/1285/1285 1237/1237/1237
f 1237/1237/1237 1285/1285/1285 1286/1286/1286
f 1237/1237/1237 1286/1286/1286 1238/1238/1238
f 1238/1238/1238 1286/1286/1286 1287/1287/1287
f 1238/1238/1238 1287/1287/1287 1239/1239/1239
f 1239/1239/1239 1287/1287/1287 1288/1288/1288
f 1239/1239/1239 1288/1288/1288 1240/1240/1240
f 1240/1240/1240 1288/1288/1288 1289/1289/1289
f 1240/1240/1240 1289/1289/1289 1241/1241/1241
f 1241/1241/1241 1289/1289/1289 1290/1290/1290
f 1241/1241/1241 1290/1290/1290 1242/1242/1242
f 1242/1242/1242 1290/1290/1290 1291/1291/1291
f 1242/1242/1242 1291/1291/1291 1243/1243/1243
f 1243/1243/1243 1291/1291/1291 1292/1292/1292
f 1243/1243/1243 1292/1292/1292 1244/1244/1244
f 1244/1244/1244 1292/1292/1292 1293/1293/1293
f 1244/1244/1244 1293/1293/1293 1245/1245/1245
f 1245/1245/1245 1293/1293/1293 1294/1294/1294
f 1245/1245/1245 1294/1294/1294 1246/1246/1246
f 1246/1246/1246 1294/1294/1294 1295/1295/1295
f 1246/1246/1246 1295/1295/1295 1247/1247/1247
f 1247/1247/1247 1295/1295/1295 1296/1296/1296
f 1247/1247/1247 1296/1296/1296 1248/1248/1248
f 1248/1248/1248 1296/1296/1296 1249/1249/1249
f 1248/1248/1248 1249/1249/1249 1201/1201/1201
f 1249/1249/1249 1297/1297/1297 1298/1298/1298
f 1249/1249/1249 1298/1298/1298 1250/1250/1250
f 1250/1250/1250 1298/1298/1298 1299/1299/1299
f 1250/1250/1250 1299/1299/1299 1251/1251/1251
f 1251/1251/1251 1299/1299/1299 1300/1300/1300
f 1251/1251/1251 1300/1300/1300 1252/1252/1252
f 1252/1252/1252 1300/1300/1300 1301/1301/1301
f 1252/1252/1252 1301/1301/1301 1253/1253/1253
f 1253/1253/1253 1301/1301/1301 1302/1302/1302
f 1253/1253/1253 1302/1302/1302 1254/1254/1254
f 1254/1254/1254 1302/1302/1302 1303/1303/1303
f 1254/1254/1254 1303/1303/1303 1255/1255/1255
f 1255/1255/1255 1303/1303/1303 1304/1304/1304
f 1255/1255/1255 1304/1304/1304 1256/1256/1256
f 1256/1256/1256 1304/1304/1304 1305/1305/1305
f 1256/1256/1256 1305/1305/1305 1257/1257/1257
f 1257/1257/1257 1305/1305/1305 1306/1306/1306
f 1257/1257/1257 1306/1306/1306 1258/1258/1258
f 1258/1258/1258 1306/1306/1306 1307/1307/1307
f 1258/1258/1258 1307/1307/1307 1259/1259/1259
f 1259/1259/1259 1307/1307/1307 1308/1308/1308
f 1259/1259/1259 1308/1308/1308 1260/1260/1260
f 1260/1260/1260 1308/1308/1308 1309/1309/1309
f 1260/1260/1260 1309/1309/1309 1261/1261/1261
f 1261/1261/1261 1309/1309/1309 1310/1310/1310
f 1261/1261/1261 1310/1310/1310 1262/1262/1262
f 1262/1262/1262 1310/1310/1310 1311/1311/1311
f 1262/1262/1262 1311/1311/1311 1263/1263/1263
f 1263/1263/1263 1311/1311/1311 1312/1312/1312
f 1263/1263/1263 1312/1312/1312 1264/1264/1264
f 1264/1264/1264 1312/1312/1312 1313/1313/1313
f 1264/1264/1264 1313/1313/1313 1265/1265/1265
f 1265/1265/1265 1313/1313/1313 1314/1314/1314
f 1265/1265/1265 1314/1314/1314 1266/1266/1266
f 1266/1266/1266 1314/1314/1314 1315/1315/1315
f 1266/1266/1266 1315/1315/1315 1267/1267/1267
f 1267/1267/1267 1315/1315/1315 1316/1316/1316
f 1267/1267/1267 1316/1316/1316 1268/1268/1268
f 1268/1268/1268 1316/1316/1316 1317/1317/1317
f 1268/1268/1268 1317/1317/1317 1269/1269/1269
f 1269/1269/1269 1317/1317/1317 1318/1318/1318
f 1269/1269/1269 1318/1318/1318 1270/1270/1270
f 1270/1270/1270 1318/1318/1318 1319/1319/1319
f 1270/1270/1270 1319/1319/1319 1271/1271/1271
f 1271/1271/1271 1319/1319/1319 1320/1320/1320
f 1271/1271/1271 1320/1320/1320 1272/1272/1272
f 1272/1272/1272 1320/1320/1320 1321/1321/1321
f 1272/1272/1272 1321/1321/1321 1273/1273/1273
f 1273/1273/1273 1321/1321/1321 1322/1322/1322
f 1273/1273/1273 1322/1322/1322 1274/1274/1274
f 1274/1274/1274 1322/1322/1322 1323/1323/1323
f 1274/1274/1274 1323/1323/1323 1275/1275/1275
f 1275/1275/1275 1323/1323/1323 1324/1324/1324
f 1275/1275/1275 1324/1324/1324 1276/1276/1276
f 1276/1276/1276 1324/1324/1324 1325/1325/1325
f 1276/1276/1276 1325/1325/1325 1277/1277/1277
f 1277/1277/1277 1325/1325/1325 1326/1326/1326
f 1277/1277/1277 1326/1326/1326 1278/1278/1278
f 1278/1278/1278 1326/1326/1326 1327/1327/1327
f 1278/1278/1278 1327/1327/1327 1279/1279/1279
f 1279/1279/1279 1327/1327/1327 1328/1328/1328
f 1279/1279/1279 1328/1328/1328 1280/1280/1280
f 1280/1280/1280 1328/1328/1328 1329/1329/1329
f 1280/1280/1280 1329/1329/1329 1281/1281/1281
f 1281/1281/1281 1329/1329/1329 1330/1330/1330
f 1281/1281/1281 1330/1330/1330 1282/1282/1282
f 1282/1282/1282 1330/1330/1330 1331/1331/1331
f 1282/1282/1282 1331/1331/1331 1283/1283/1283
f 1283/1283/1283 1331/1331/1331 1332/1332/1332
f 1283/1283/1283 1332/1332/1332 1284/1284/1284
f 1284/1284/1284 1332/1332/1332 1333/1333/1333
f 1284/1284/1284 1333/1333/1333 1285/1285/1285
f 1285/1285/1285 1333/1333/1333 1334/1334/1334
f 1285/1285/1285 1334/1334/1334 1286/1286/1286
f 1286/1286/1286 1334/1334/1334 1335/1335/1335
f 1286/1286/1286 1335/1335/1335 1287/1287/1287
f 1287/1287/1287 1335/1335/1335 1336/1336/1336
f 1287/1287/1287 1336/1336/1336 1288/1288/1288
f 1288/1288/1288 1336/1336/1336 1337/1337/1337
f 1288/1288/1288 1337/1337/1337 1289/1289/1289
f 1289/1289/1289 1337/1337/1337 1338/1338/1338
f 1289/1289/1289 1338/1338/1338 1290/1290/1290
f 1290/1290/1290 1338/1338/1338 1339/1339/1339
f 1290/1290/1290 1339/1339/1339 1291/1291/1291
f 1291/1291/1291 1339/1339/1339 1340/1340/1340
f 1291/1291/1291 1340/1340/1340 1292/1292/1292
f 1292/1292/1292 1340/1340/1340 1341/1341/1341
f 1292/1292/1292 1341/1341/1341 1293/1293/1293
f 1293/1293/1293 1341/1341/1341 1342/1342/1342
f 1293/1293/1293 1342/1342/1342 1294/1294/1294
f 1294/1294/1294 1342/1342/1342 1343/1343/1343
f 1294/1294/1294 1343/1343/1343 1295/1295/1295
f 1295/1295/1295 1343/1343/1343 1344/1344/1344
f 1295/1295/1295 1344/1344/1344 1296/1296/1296
f 1296/1296/1296 1344/1344/1344 1297/1297/1297
f 1296/1296/1296 1297/1297/1297 1249/1249/1249
f 1297/1297/1297 1345/1345/1345 1346/1346/1346
f 1297/1297/1297 1346/1346/1346 1298/1298/1298
f 1298/1298/1298 1346/1346/1346 1347/1347/1347
f 1298/1298/1298 1347/1347/1347 1299/1299/1299
f 1299/1299/1299 1347/1347/1347 1348/1348/1348
f 1299/1299/1299 1348/1348/1348 1300/1300/1300
f 1300/1300/1300 1348/1348/1348 1349/1349/1349
f 1300/1300/1300 1349/1349/1349 1301/1301/1301
f 1301/1301/1301 1349/1349/1349 1350/1350/1350
f 1301/1301/1301 1350/1350/1350 1302/1302/1302
f 1302/1302/1302 1350/1350/1350 1351/1351/1351
f 1302/1302/1302 1351/1351/1351 1303/1303/1303
f 1303/1303/1303 1351/1351/1351 1352/1352/1352
f 1303/1303/1303 1352/1352/1352 1304/1304/1304
f 1304/1304/1304 1352/1352/1352 1353/1353/1353
f 1304/1304/1304 1353/1353/1353 1305/1305/1305
f 1305/1305/1305 1353/1353/1353 1354/1354/1354
f 1305/1305/1305 1354/1354/1354 1306/1306/1306
f 1306/1306/1306 1354/1354/1354 1355/1355/1355
f 1306/1306/1306 1355/1355/1355 1307/1307/1307
f 1307/1307/1307 1355/1355/1355 1356/1356/1356
f 1307/1307/1307 1356/1356/1356 1308/1308/1308
f 1308/1308/1308 1356/1356/1356 1357/1357/1357
f 1308/1308/1308 1357/1357/1357 1309/1309/1309
f 1309/1309/1309 1357/1357/1357 1358/1358/1358
f 1309/1309/1309 1358/1358/1358 1310/1310/1310
f 1310/1310/1310 1358/1358/1358 1359/1359/1359
f 1310/1310/1310 1359/1359/1359 1311/1311/1311
f 1311/1311/1311 1359/1359/1359 1360/1360/1360
f 1311/1311/1311 1360/1360/1360 1312/1312/1312
f 1312/1312/1312 1360/1360/1360 1361/1361/1361
f 1312/1312/1312 1361/1361/1361 1313/1313/1313
f 1313/1313/1313 1361/1361/1361 1362/1362/1362
f 1313/1313/1313 1362/1362/1362 1314/1314/1314
f 1314/1314/1314 1362/1362/1362 1363/1363/1363
f 1314/1314/1314 1363/1363/1363 1315/1315/1315
f 1315/1315/1315 1363/1363/1363 1364/1364/1364
f 1315/1315/1315 1364/1364/1364 1316/1316/1316
f 1316/1316/1316 1364/1364/1364 1365/1365/1365
f 1316/1316/1316 1365/1365/1365 1317/1317/1317
f 1317/1317/1317 1365/1365/1365 1366/1366/1366
f 1317/1317/1317 1366/1366/1366 1318/1318/1318
f 1318/1318/1318 1366/1366/1366 1367/1367/1367
f 1318/1318/1318 1367/1367/1367 1319/1319/1319
f 1319/1319/1319 1367/1367/1367 1368/1368/1368
f 1319/1319/1319 1368/1368/1368 1320/1320/1320
f 1320/1320/1320 1368/1368/1368 1369/1369/1369
f 1320/1320/1320 1369/1369/1369 1321/1321/1321
f 1321/1321/1321 1369/1369/1369 1370/1370/1370
f 1321/1321/1321 1370/1370/1370 1322/1322/1322
f 1322/1322/1322 1370/1370/1370 1371/1371/1371
f 1322/1322/1322 1371/1371/1371 1323/1323/1323
f 1323/1323/1323 1371/1371/1371 1372/1372/1372
f 1323/1323/1323 1372/1372/1372 1324/1324/1324
f 1324/1324/1324 1372/1372/1372 1373/1373/1373
f 1324/1324/1324 1373/1373/1373 1325/1325/1325
f 1325/1325/1325 1373/1373/1373 1374/1374/1374
f 1325/1325/1325 1374/1374/1374 1326/1326/1326
f 1326/1326/1326 1374/1374/1374 1375/1375/1375
f 1326/1326/1326 1375/1375/1375 1327/1327/1327
f 1327/1327/1327 1375/1375/1375 1376/1376/1376
f 1327/1327/1327 1376/1376/1376 1328/1328/1328
f 1328/1328/1328 1376/1376/1376 1377/1377/1377
f 1328/1328/1328 1377/1377/1377 1329/1329/1329
f 1329/1329/1329 1377/1377/1377 1378/1378/1378
f 1329/1329/1329 1378/1378/1378 1330/1330/1330
f 1330/1330/1330 1378/1378/1378 1379/1379/1379
f 1330/1330/1330 1379/1379/1379 1331/1331/1331
f 1331/1331/1331 1379/1379/1379 1380/1380/1380
f 1331/1331/1331 1380/1380/1380 1332/1332/1332
f 1332/1332/1332 1380/1380/1380 1381/1381/1381
f 1332/1332/1332 1381/1381/1381 1333/1333/1333
f 1333/1333/1333 1381/1381/1381 1382/1382/1382
f 1333/1333/1333 1382/1382/1382 1334/1334/1334
f 1334/1334/1334 1382/1382/1382 1383/1383/1383
f 1334/1334/1334 1383/1383/1383 1335/1335/1335
f 1335/1335/1335 1383/1383/1383 1384/1384/1384
f 1335/1335/1335 1384/1384/1384 1336/1336/1336
f 1336/1336/1336 1384/1384/1384 1385/1385/1385
f 1336/1336/1336 1385/1385/1385 1337/1337/1337
f 1337/1337/1337 1385/1385/1385 1386/1386/1386
f 1337/1337/1337 1386/1386/1386 1338/1338/1338
f 1338/1338/1338 1386/1386/1386 1387/1387/1387
f 1338/1338/1338 1387/1387/1387 1339/1339/1339
f 1339/1339/1339 1387/1387/1387 1388/1388/1388
f 1339/1339/1339 1388/1388/1388 1340/1340/1340
f 1340/1340/1340 1388/1388/1388 1389/1389/1389
f 1340/1340/1340 1389/1389/1389 1341/1341/1341
f 1341/1341/1341 1389/1389/1389 1390/1390/1390
f 1341/1341/1341 1390/1390/1390 1342/1342/1342
f 1342/1342/1342 1390/1390/1390 1391/1391/1391
f 1342/1342/1342 1391/1391/1391 1343/1343/1343
f 1343/1343/1343 1391/1391/1391 1392/1392/1392
f 1343/1343/1343 1392/1392/1392 1344/1344/1344
f 1344/1344/1344 1392/1392/1392 1345/1345/1345
f 1344/1344/1344 1345/1345/1345 1297/1297/1297
f 1345/1345/1345 1393/1393/1393 1394/1394/1394
f 1345/1345/1345 1394/1394/1394 1346/1346/1346
f 1346/1346/1346 1394/1394/1394 1395/1395/1395
f 1346/1346/1346 1395/1395/1395 1347/1347/1347
f 1347/1347/1347 1395/1395/1395 1396/1396/1396
f 1347/1347/1347 1396/1396/1396 1348/1348/1348
f 1348/1348/1348 1396/1396/1396 1397/1397/1397
f 1348/1348/1348 1397/1397/1397 1349/1349/1349
f 1349/1349/1349 1397/1397/1397 1398/1398/1398
f 1349/1349/1349 1398/1398/1398 1350/1350/1350
f 1350/1350/1350 1398/1398/1398 1399/1399/1399
f 1350/1350/1350 1399/1399/1399 1351/1351/1351
f 1351/1351/1351 1399/1399/1399 1400/1400/1400
f 1351/1351/1351 1400/1400/1400 1352/1352/1352
f 1352/1352/1352 1400/1400/1400 1401/1401/1401
f 1352/1352/1352 1401/1401/1401 1353/1353/1353
f 1353/1353/1353 1401/1401/1401 1402/1402/1402
f 1353/1353/1353 1402/1402/1402 1354/1354/1354
f 1354/1354/1354 1402/1402/1402 1403/1403/1403
f 1354/1354/1354 1403/1403/1403 1355/1355/1355
f 1355/1355/1355 1403/1403/1403 1404/1404/1404
f 1355/1355/1355 1404/1404/1404 1356/1356/1356
f 1356/1356/1356 1404/1404/1404 1405/1405/1405
f 1356/1356/1356 1405/1405/1405 1357/1357/1357
f 1357/1357/1357 1405/1405/1405 1406/1406/1406
f 1357/1357/1357 1406/1406/1406 1358/1358/1358
f 1358/1358/1358 1406/1406/1406 1407/1407/1407
f 1358/1358/1358 1407/1407/1407 1359/1359/1359
f 1359/1359/1359 1407/1407/1407 1408/1408/1408
f 1359/1359/1359 1408/1408/1408 1360/1360/1360
f 1360/1360/1360 1408/1408/1408 1409/1409/1409
f 1360/1360/1360 1409/1409/1409 1361/1361/1361
f 1361/1361/1361 1409/1409/1409 1410/1410/1410
f 1361/1361/1361 1410/1410/1410 1362/1362/1362
f 1362/1362/1362 1410/1410/1410 1411/1411/1411
f 1362/1362/1362 1411/1411/1411 1363/1363/1363
f 1363/1363/1363 1411/1411/1411 1412/1412/1412
f 1363/1363/1363 1412/1412/1412 1364/1364/1364
f 1364/1364/1364 1412/1412/1412 1413/1413/1413
f 1364/1364/1364 1413/1413/1413 1365/1365/1365
f 1365/1365/1365 1413/1413/1413 1414/1414/1414
f 1365/1365/1365 1414/1414/1414 1366/1366/1366
f 1366/1366/1366 1414/1414/1414 1415/1415/1415
f 1366/1366/1366 1415/1415/1415 1367/1367/1367
f 1367/1367/1367 1415/1415/1415 1416/1416/1416
f 1367/1367/1367 1416/1416/1416 1368/1368/1368
f 1368/1368/1368 1416/1416/1416 1417/1417/1417
f 1368/1368/1368 1417/1417/1417 1369/1369/1369
f 1369/1369/1369 1417/1417/1417 1418/1418/1418
f 1369/1369/1369 1418/1418/1418 1370/1370/1370
f 1370/1370/1370 1418/1418/1418 1419/1419/1419
f 1370/1370/1370 1419/1419/1419 1371/1371/1371
f 1371/1371/1371 1419/1419/1419 1420/1420/1420
f 1371/1371/1371 1420/1420/1420 1372/1372/1372
f 1372/1372/1372 1420/1420/1420 1421/1421/1421
f 1372/1372/1372 1421/1421/1421 1373/1373/1373
f 1373/1373/1373 1421/1421/1421 1422/1422/1422
f 1373/1373/1373 1422/1422/1422 1374/1374/1374
f 1374/1374/1374 1422/1422/1422 1423/1423/1423
f 1374/1374/1374 1423/1423/1423 1375/1375/1375
f 1375/1375/1375 1423/1423/1423 1424/1424/1424
f 1375/1375/1375 1424/1424/1424 1376/1376/1376
f 1376/1376/1376 1424/1424/1424 1425/1425/1425
f 1376/1376/1376 1425/1425/1425 1377/1377/1377
f 1377/1377/1377 1425/1425/1425 1426/1426/1426
f 1377/1377/1377 1426/1426/1426 1378/1378/1378
f 1378/1378/1378 1426/1426/1426 1427/1427/1427
f 1378/1378/1378 1427/1427/1427 1379/1379/1379
f 1379/1379/1379 1427/1427/1427 1428/1428/1428
f 1379/1379/1379 1428/1428/1428 1380/1380/1380
f 1380/1380/1380 1428/1428/1428 1429/1429/1429
f 1380/1380/1380 1429/1429/1429 1381/1381/1381
f 1381/1381/1381 1429/1429/1429 1430/1430/1430
f 1381/1381/1381 1430/1430/1430 1382/1382/1382
f 1382/1382/1382 1430/1430/1430 1431/1431/1431
f 1382/1382/1382 1431/1431/1431 1383/1383/1383
f 1383/1383/1383 1431/1431/1431 1432/1432/1432
f 1383/1383/1383 1432/1432/1432 1384/1384/1384
f 1384/1384/1384 1432/1432/1432 1433/1433/1433
f 1384/1384/1384 1433/1433/1433 1385/1385/1385
f 1385/1385/1385 1433/1433/1433 1434/1434/1434
f 1385/1385/1385 1434/1434/1434 1386/1386/1386
f 1386/1386/1386 1434/1434/1434 1435/1435/1435
f 1386/1386/1386 1435/1435/1435 1387/1387/1387
f 1387/1387/1387 1435/1435/1435 1436/1436/1436
f 1387/1387/1387 1436/1436/1436 1388/1388/1388
f 1388/1388/1388 1436/1436/1436 1437/1437/1437
f 1388/1388/1388 1437/1437/1437 1389/1389/1389
f 1389/1389/1389 1437/1437/1437 1438/1438/1438
f 1389/1389/1389 1438/1438/1438 1390/1390/1390
f 1390/1390/1390 1438/1438/1438 1439/1439/1439
f 1390/1390/1390 1439/1439/1439 1391/1391/1391
f 1391/1391/1391 1439/1439/1439 1440/1440/1440
f 1391/1391/1391 1440/1440/1440 1392/1392/1392
f 1392/1392/1392 1440/1440/1440 1393/1393/1393
f 1392/1392/1392 1393/1393/1393 1345/1345/1345
f 1393/1393/1393 1441/1441/1441 1442/1442/1442
f 1393/1393/1393 1442/1442/1442 1394/1394/1394
f 1394/1394/1394 1442/1442/1442 1443/1443/1443
f 1394/1394/1394 1443/1443/1443 1395/1395/1395
f 1395/1395/1395 1443/1443/1443 1444/1444/1444
f 1395/1395/1395 1444/1444/1444 1396/1396/1396
f 1396/1396/1396 1444/1444/1444 1445/1445/1445
f 1396/1396/1396 1445/1445/1445 1397/1397/1397
f 1397/1397/1397 1445/1445/1445 1446/1446/1446
f 1397/1397/1397 1446/1446/1446 1398/1398/1398
f 1398/1398/1398 1446/1446/1446 1447/1447/1447
f 1398/1398/1398 1447/1447/1447 1399/1399/1399
f 1399/1399/1399 1447/1447/1447 1448/1448/1448
f 1399/1399/1399 1448/1448/1448 1400/1400/1400
f 1400/1400/1400 1448/1448/1448 1449/1449/1449
f 1400/1400/1400 1449/1449/1449 1401/1401/1401
f 1401/1401/1401 1449/1449/1449 1450/1450/1450
f 1401/1401/1401 1450/1450/1450 1402/1402/1402
f 1402/1402/1402 1450/1450/1450 1451/1451/1451
f 1402/1402/1402 1451/1451/1451 1403/1403/1403
f 1403/1403/1403 1451/1451/1451 1452/1452/1452
f 1403/1403/1403 1452/1452/1452 1404/1404/1404
f 1404/1404/1404 1452/1452/1452 1453/1453/1453
f 1404/1404/1404 1453/1453/1453 1405/1405/1405
f 1405/1405/1405 1453/1453/1453 1454/1454/1454
f 1405/1405/1405 1454/1454/1454 1406/1406/1406
f 1406/1406/1406 1454/1454/1454 1455/1455/1455
f 1406/1406/1406 1455/1455/1455 1407/1407/1407
f 1407/1407/1407 1455/1455/1455 1456/1456/1456
f 1407/1407/1407 1456/1456/1456 1408/1408/1408
f 1408/1408/1408 1456/1456/1456 1457/1457/1457
f 1408/1408/1408 1457/1457/1457 1409/1409/1409
f 1409/1409/1409 1457/1457/1457 1458/1458/1458
f 1409/1409/1409 1458/1458/1458 1410/1410/1410
f 1410/1410/1410 1458/1458/1458 1459/1459/1459
f 1410/1410/1410 1459/1459/1459 1411/1411/1411
f 1411/1411/1411 1459/1459/1459 1460/1460/1460
f 1411/1411/1411 1460/1460/1460 1412/1412/1412
f 1412/1412/1412 1460/1460/1460 1461/1461/1461
f 1412/1412/1412 1461/1461/1461 1413/1413/1413
f 1413/1413/1413 1461/1461/1461 1462/1462/1462
f 1413/1413/1413 1462/1462/1462 1414/1414/1414
f 1414/1414/1414 1462/1462/1462 1463/1463/1463
f 1414/1414/1414 1463/1463/1463 1415/1415/1415
f 1415/1415/1415 1463/1463/1463 1464/1464/1464
f 1415/1415/1415 1464/1464/1464 1416/1416/1416
f 1416/1416/1416 1464/1464/1464 1465/1465/1465
f 1416/1416/1416 1465/1465/1465 1417/1417/1417
f 1417/1417/1417 1465/1465/1465 1466/1466/1466
f 1417/1417/1417 1466/1466/1466 1418/1418/1418
f 1418/1418/1418 1466/1466/1466 1467/1467/1467
f 1418/1418/1418 1467/1467/1467 1419/1419/1419
f 1419/1419/1419 1467/1467/1467 1468/1468/1468
f 1419/1419/1419 1468/1468/1468 1420/1420/1420
f 1420/1420/1420 1468/1468/1468 1469/1469/1469
f 1420/1420/1420 1469/1469/1469 1421/1421/1421
f 1421/1421/1421 1469/1469/1469 1470/1470/1470
f 1421/1421/1421 1470/1470/1470 1422/1422/1422
f 1422/1422/1422 1470/1470/1470 1471/1471/1471
f 1422/1422/1422 1471/1471/1471 1423/1423/1423
f 1423/1423/1423 1471/1471/1471 1472/1472/1472
f 1423/1423/1423 1472/1472/1472 1424/1424/1424
f 1424/1424/1424 1472/1472/1472 1473/1473/1473
f 1424/1424/1424 1473/1473/1473 1425/1425/1425
f 1425/1425/1425 1473/1473/1473 1474/1474/1474
f 1425/1425/1425 1474/1474/1474 1426/1426/1426
f 1426/1426/1426 1474/1474/1474 1475/1475/1475
f 1426/1426/1426 1475/1475/1475 1427/1427/1427
f 1427/1427/1427 1475/1475/1475 1476/1476/1476
f 1427/1427/1427 1476/1476/1476 1428/1428/1428
f 1428/1428/1428 1476/1476/1476 1477/1477/1477
f 1428/1428/1428 1477/1477/1477 1429/1429/1429
f 1429/1429/1429 1477/1477/1477 1478/1478/1478
f 1429/1429/1429 1478/1478/1478 1430/1430/1430
f 1430/1430/1430 1478/1478/1478 1479/1479/1479
f 1430/1430/1430 1479/1479/1479 1431/1431/1431
f 1431/1431/1431 1479/1479/1479 1480/1480/1480
f 1431/1431/1431 1480/1480/1480 1432/1432/1432
f 1432/1432/1432 1480/1480/1480 1481/1481/1481
f 1432/1432/1432 1481/1481/1481 1433/1433/1433
f 1433/1433/1433 1481/1481/1481 1482/1482/1482
f 1433/1433/1433 1482/1482/1482 1434/1434/1434
f 1434/1434/1434 1482/1482/1482 1483/1483/1483
f 1434/1434/1434 1483/1483/1483 1435/1435/1435
f 1435/1435/1435 1483/1483/1483 1484/1484/1484
f 1435/1435/1435 1484/1484/1484 1436/1436/1436
f 1436/1436/1436 1484/1484/1484 1485/1485/1485
f 1436/1436/1436 1485/1485/1485 1437/1437/1437
f 1437/1437/1437 1485/1485/1485 1486/1486/1486
f 1437/1437/1437 1486/1486/1486 1438/1438/1438
f 1438/1438/1438 1486/1486/1486 1487/1487/1487
f 1438/1438/1438 1487/1487/1487 1439/1439/1439
f 1439/1439/1439 1487/1487/1487 1488/1488/1488
f 1439/1439/1439 1488/1488/1488 1440/1440/1440
f 1440/1440/1440 1488/1488/1488 1441/1441/1441
f 1440/1440/1440 1441/1441/1441 1393/1393/1393
f 1441/1441/1441 1489/1489/1489 1490/1490/1490
f 1441/1441/1441 1490/1490/1490 1442/1442/1442
f 1442/1442/1442 1490/1490/1490 1491/1491/1491
f 1442/1442/1442 1491/1491/1491 1443/1443/1443
f 1443/1443/1443 1491/1491/1491 1492/1492/1492
f 1443/1443/1443 1492/1492/1492 1444/1444/1444
f 1444/1444/1444 1492/1492/1492 1493/1493/1493
f 1444/1444/1444 1493/1493/1493 1445/1445/1445
f 1445/1445/1445 1493/1493/1493 1494/1494/1494
f 1445/1445/1445 1494/1494/1494 1446/1446/1446
f 1446/1446/1446 1494/1494/1494 1495/1495/1495
f 1446/1446/1446 1495/1495/1495 1447/1447/1447
f 1447/1447/1447 1495/1495/1495 1496/1496/1496
f 1447/1447/1447 1496/1496/1496 1448/1448/1448
f 1448/1448/1448 1496/1496/1496 1497/1497/1497
f 1448/1448/1448 1497/1497/1497 1449/1449/1449
f 1449/1449/1449 1497/1497/1497 1498/1498/1498
f 1449/1449/1449 1498/1498/1498 1450/1450/1450
f 1450/1450/1450 1498/1498/1498 1499/1499/1499
f 1450/1450/1450 1499/1499/1499 1451/1451/1451
f 1451/1451/1451 1499/1499/1499 1500/1500/1500
f 1451/1451/1451 1500/1500/1500 1452/1452/1452
f 1452/1452/1452 1500/1500/1500 1501/1501/1501
f 1452/1452/1452 1501/1501/1501 1453/1453/1453
f 1453/1453/1453 1501/1501/1501 1502/1502/1502
f 1453/1453/1453 1502/1502/1502 1454/1454/1454
f 1454/1454/1454 1502/1502/1502 1503/1503/1503
f 1454/1454/1454 1503/1503/1503 1455/1455/1455
f 1455/1455/1455 1503/1503/1503 1504/1504/1504
f 1455/1455/1455 1504/1504/1504 1456/1456/1456
f 1456/1456/1456 1504/1504/1504 1505/1505/1505
f 1456/1456/1456 1505/1505/1505 1457/1457/1457
f 1457/1457/1457 1505/1505/1505 1506/1506/1506
f 1457/1457/1457 1506/1506/1506 1458/1458/1458
f 1458/1458/1458 1506/1506/1506 1507/1507/1507
f 1458/1458/1458 1507/1507/1507 1459/1459/1459
f 1459/1459/1459 1507/1507/1507 1508/1508/1508
f 1459/1459/1459 1508/1508/1508 1460/1460/1460
f 1460/1460/1460 1508/1508/1508 1509/1509/1509
f 1460/1460/1460 1509/1509/1509 1461/1461/1461
f 1461/1461/1461 1509/1509/1509 1510/1510/1510
f 1461/1461/1461 1510/1510/1510 1462/1462/1462
f 1462/1462/1462 1510/1510/1510 1511/1511/1511
f 1462/1462/1462 1511/1511/1511 1463/1463/1463
f 1463/1463/1463 1511/1511/1511 1512/1512/1512
f 1463/1463/1463 1512/1512/1512 1464/1464/1464
f 1464/1464/1464 1512/1512/1512 1513/1513/1513
f 1464/1464/1464 1513/1513/1513 1465/1465/1465
f 1465/1465/1465 1513/1513/1513 1514/1514/1514
f 1465/1465/1465 1514/1514/1514 1466/1466/1466
f 1466/1466/1466 1514/1514/1514 1515/1515/1515
f 1466/1466/1466 1515/1515/1515 1467/1467/1467
f 1467/1467/1467 1515/1515/1515 1516/1516/1516
f 1467/1467/1467 1516/1516/1516 1468/1468/1468
f 1468/1468/1468 1516/1516/1516 1517/1517/1517
f 1468/1468/1468 1517/1517/1517 1469/1469/1469
f 1469/1469/1469 1517/1517/1517 1518/1518/1518
f 1469/1469/1469 1518/1518/1518 1470/1470/1470
f 1470/1470/1470 1518/1518/1518 1519/1519/1519
f 1470/1470/1470 1519/1519/1519 1471/1471/1471
f 1471/1471/1471 1519/1519/1519 1520/1520/1520
f 1471/1471/1471 1520/1520/1520 1472/1472/1472
f 1472/1472/1472 1520/1520/1520 1521/1521/1521
f 1472/1472/1472 1521/1521/1521 1473/1473/1473
f 1473/1473/1473 1521/1521/1521 1522/1522/1522
f 1473/1473/1473 1522/1522/1522 1474/1474/1474
f 1474/1474/1474 1522/1522/1522 1523/1523/1523
f 1474/1474/1474 1523/1523/1523 1475/1475/1475
f 1475/1475/1475 1523/1523/1523 1524/1524/1524
f 1475/1475/1475 1524/1524/1524 1476/1476/1476
f 1476/1476/1476 1524/1524/1524 1525/1525/1525
f 1476/1476/1476 1525/1525/1525 1477/1477/1477
f 1477/1477/1477 1525/1525/1525 1526/1526/1526
f 1477/1477/1477 1526/1526/1526 1478/1478/1478
f 1478/1478/1478 1526/1526/1526 1527/1527/1527
f 1478/1478/1478 1527/1527/1527 1479/1479/1479
f 1479/1479/1479 1527/1527/1527 1528/1528/1528
f 1479/1479/1479 1528/1528/1528 1480/1480/1480
f 1480/1480/1480 1528/1528/1528 1529/1529/1529
f 1480/1480/1480 1529/1529/1529 1481/1481/1481
f 1481/1481/1481 1529/1529/1529 1530/1530/1530
f 1481/1481/1481 1530/1530/1530 1482/1482/1482
f 1482/1482/1482 1530/1530/1530 1531/1531/1531
f 1482/1482/1482 1531/1531/1531 1483/1483/1483
f 1483/1483/1483 1531/1531/1531 1532/1532/1532
f 1483/1483/1483 1532/1532/1532 1484/1484/1484
f 1484/1484/1484 1532/1532/1532 1533/1533/1533
f 1484/1484/1484 1533/1533/1533 1485/1485/1485
f 1485/1485/1485 1533/1533/1533 1534/1534/1534
f 1485/1485/1485 1534/1534/1534 1486/1486/1486
f 1486/1486/1486 1534/1534/1534 1535/1535/1535
f 1486/1486/1486 1535/1535/1535 1487/1487/1487
f 1487/1487/1487 1535/1535/1535 1536/1536/1536
f 1487/1487/1487 1536/1536/1536 1488/1488/1488
f 1488/1488/1488 1536/1536/1536 1489/1489/1489
f 1488/1488/1488 1489/1489/1489 1441/1441/1441
f 1489/1489/1489 1537/1537/1537 1538/1538/1538
f 1489/1489/1489 1538/1538/1538 1490/1490/1490
f 1490/1490/1490 1538/1538/1538 1539/1539/1539
f 1490/1490/1490 1539/1539/1539 1491/1491/1491
f 1491/1491/1491 1539/1539/1539 1540/1540/1540
f 1491/1491/1491 1540/1540/1540 1492/1492/1492
f 1492/1492/1492 1540/1540/1540 1541/1541/1541
f 1492/1492/1492 1541/1541/1541 1493/1493/1493
f 1493/1493/1493 1541/1541/1541 1542/1542/1542
f 1493/1493/1493 1542/1542/1542 1494/1494/1494
f 1494/1494/1494 1542/1542/1542 1543/1543/1543
f 1494/1494/1494 1543/1543/1543 1495/1495/1495
f 1495/1495/1495 1543/1543/1543 1544/1544/1544
f 1495/1495/1495 1544/1544/1544 1496/1496/1496
f 1496/1496/1496 1544/1544/1544 1545/1545/1545
f 1496/1496/1496 1545/1545/1545 1497/1497/1497
f 1497/1497/1497 1545/1545/1545 1546/1546/1546
f 1497/1497/1497 1546/1546/1546 1498/1498/1498
f 1498/1498/1498 1546/1546/1546 1547/1547/1547
f 1498/1498/1498 1547/1547/1547 1499/1499/1499
f 1499/1499/1499 1547/1547/1547 1548/1548/1548
f 1499/1499/1499 1548/1548/1548 1500/1500/1500
f 1500/1500/1500 1548/1548/1548 1549/1549/1549
f 1500/1500/1500 1549/1549/1549 1501/1501/1501
f 1501/1501/1501 1549/1549/1549 1550/1550/1550
f 1501/1501/1501 1550/1550/1550 1502/1502/1502
f 1502/1502/1502 1550/1550/1550 1551/1551/1551
f 1502/1502/1502 1551/1551/1551 1503/1503/1503
f 1503/1503/1503 1551/1551/1551 1552/1552/1552
f 1503/1503/1503 1552/1552/1552 1504/1504/1504
f 1504/1504/1504 1552/1552/1552 1553/1553/1553
f 1504/1504/1504 1553/1553/1553 1505/1505/1505
f 1505/1505/1505 1553/1553/1553 1554/1554/1554
f 1505/1505/1505 1554/1554/1554 1506/1506/1506
f 1506/1506/1506 1554/1554/1554 1555/1555/1555
f 1506/1506/1506 1555/1555/1555 1507/1507/1507
f 1507/1507/1507 1555/1555/1555 1556/1556/1556
f 1507/1507/1507 1556/1556/1556 1508/1508/1508
f 1508/1508/1508 1556/1556/1556 1557/1557/1557
f 1508/1508/1508 1557/1557/1557 1509/1509/1509
f 1509/1509/1509 1557/1557/1557 1558/1558/1558
f 1509/1509/1509 1558/1558/1558 1510/1510/1510
f 1510/1510/1510 1558/1558/1558 1559/1559/1559
f 1510/1510/1510 1559/1559/1559 1511/1511/1511
f 1511/1511/1511 1559/1559/1559 1560/1560/1560
f 1511/1511/1511 1560/1560/1560 1512/1512/1512
f 1512/1512/1512 1560/1560/1560 1561/1561/1561
f 1512/1512/1512 1561/1561/1561 1513/1513/1513
f 1513/1513/1513 1561/1561/1561 1562/1562/1562
f 1513/1513/1513 1562/1562/1562 1514/1514/1514
f 1514/1514/1514 1562/1562/1562 1563/1563/1563
f 1514/1514/1514 1563/1563/1563 1515/1515/1515
f 1515/1515/1515 1563/1563/1563 1564/1564/1564
f 1515/1515/1515 1564/1564/1564 1516/1516/1516
f 1516/1516/1516 1564/1564/1564 1565/1565/1565
f 1516/1516/1516 1565/1565/1565 1517/1517/1517
f 1517/1517/1517 1565/1565/1565 1566/1566/1566
f 1517/1517/1517 1566/1566/1566 1518/1518/1518
f 1518/1518/1518 1566/1566/1566 1567/1567/1567
f 1518/1518/1518 1567/1567/1567 1519/1519/1519
f 1519/1519/1519 1567/1567/1567 1568/1568/1568
f 1519/1519/1519 1568/1568/1568 1520/1520/1520
f 1520/1520/1520 1568/1568/1568 1569/1569/1569
f 1520/1520/1520 1569/1569/1569 1521/1521/1521
f 1521/1521/1521 1569/1569/1569 1570/1570/1570
f 1521/1521/1521 1570/1570/1570 1522/1522/1522
f 1522/1522/1522 1570/1570/1570 1571/1571/1571
f 1522/1522/1522 1571/1571/1571 1523/1523/1523
f 1523/1523/1523 1571/1571/1571 1572/1572/1572
f 1523/1523/1523 1572/1572/1572 1524/1524/1524
f 1524/1524/1524 1572/1572/1572 1573/1573/1573
f 1524/1524/1524 1573/1573/1573 1525/1525/1525
f 1525/1525/1525 1573/1573/1573 1574/1574/1574
f 1525/1525/1525 1574/1574/1574 1526/1526/1526
f 1526/1526/1526 1574/1574/1574 1575/1575/1575
f 1526/1526/1526 1575/1575/1575 1527/1527/1527
f 1527/1527/1527 1575/1575/1575 1576/1576/1576
f 1527/1527/1527 1576/1576/1576 1528/1528/1528
f 1528/1528/1528 1576/1576/1576 1577/1577/1577
f 1528/1528/1528 1577/1577/1577 1529/1529/1529
f 1529/1529/1529 1577/1577/1577 1578/1578/1578
f 1529/1529/1529 1578/1578/1578 1530/1530/1530
f 1530/1530/1530 1578/1578/1578 1579/1579/1579
f 1530/1530/1530 1579/1579/1579 1531/1531/1531
f 1531/1531/1531 1579/1579/1579 1580/1580/1580
f 1531/1531/1531 1580/1580/1580 1532/1532/1532
f 1532/1532/1532 1580/1580/1580 1581/1581/1581
f 1532/1532/1532 1581/1581/1581 1533/1533/1533
f 1533/1533/1533 1581/1581/1581 1582/1582/1582
f 1533/1533/1533 1582/1582/1582 1534/1534/1534
f 1534/1534/1534 1582/1582/1582 1583/1583/1583
f 1534/1534/1534 1583/1583/1583 1535/1535/1535
f 1535/1535/1535 1583/1583/1583 1584/1584/1584
f 1535/1535/1535 1584/1584/1584 1536/1536/1536
f 1536/1536/1536 1584/1584/1584 1537/1537/1537
f 1536/1536/1536 1537/1537/1537 1489/1489/1489
f 1537/1537/1537 1585/1585/1585 1586/1586/1586
f 1537/1537/1537 1586/1586/1586 1538/1538/1538
f 1538/1538/1538 1586/1586/1586 1587/1587/1587
f 1538/1538/1538 1587/1587/1587 1539/1539/1539
f 1539/1539/1539 1587/1587/1587 1588/1588/1588
f 1539/1539/1539 1588/1588/1588 1540/1540/1540
f 1540/1540/1540 1588/1588/1588 1589/1589/1589
f 1540/1540/1540 1589/1589/1589 1541/1541/1541
f 1541/1541/1541 1589/1589/1589 1590/1590/1590
f 1541/1541/1541 1590/1590/1590 1542/1542/1542
f 1542/1542/1542 1590/1590/1590 1591/1591/1591
f 1542/1542/1542 1591/1591/1591 1543/1543/1543
f 1543/1543/1543 1591/1591/1591 1592/1592/1592
f 1543/1543/1543 1592/1592/1592 1544/1544/1544
f 1544/1544/1544 1592/1592/1592 1593/1593/1593
f 1544/1544/1544 1593/1593/1593 1545/1545/1545
f 1545/1545/1545 1593/1593/1593 1594/1594/1594
f 1545/1545/1545 1594/1594/1594 1546/1546/1546
f 1546/1546/1546 1594/1594/1594 1595/1595/1595
f 1546/1546/1546 1595/1595/1595 1547/1547/1547
f 1547/1547/1547 1595/1595/1595 1596/1596/1596
f 1547/1547/1547 1596/1596/1596 1548/1548/1548
f 1548/1548/1548 1596/1596/1596 1597/1597/1597
f 1548/1548/1548 1597/1597/1597 1549/1549/1549
f 1549/1549/1549 1597/1597/1597 1598/1598/1598
f 1549/1549/1549 1598/1598/1598 1550/1550/1550
f 1550/1550/1550 1598/1598/1598 1599/1599/1599
f 1550/1550/1550 1599/1599/1599 1551/1551/1551
f 1551/1551/1551 1599/1599/1599 1600/1600/1600
f 1551/1551/1551 1600/1600/1600 1552/1552/1552
f 1552/1552/1552 1600/1600/1600 1601/1601/1601
f 1552/1552/1552 1601/1601/1601 1553/1553/1553
f 1553/1553/1553 1601/1601/1601 1602/1602/1602
f 1553/1553/1553 1602/1602/1602 1554/1554/1554
f 1554/1554/1554 1602/1602/1602 1603/1603/1603
f 1554/1554/1554 1603/1603/1603 1555/1555/1555
f 1555/1555/1555 1603/1603/1603 1604/1604/1604
f 1555/1555/1555 1604/1604/1604 1556/1556/1556
f 1556/1556/1556 1604/1604/1604 1605/1605/1605
f 1556/1556/1556 1605/1605/1605 1557/1557/1557
f 1557/1557/1557 1605/1605/1605 1606/1606/1606
f 1557/1557/1557 1606/1606/1606 1558/1558/1558
f 1558/1558/1558 1606/1606/1606 1607/1607/1607
f 1558/1558/1558 1607/1607/1607 1559/1559/1559
f 1559/1559/1559 1607/1607/1607 1608/1608/1608
f 1559/1559/1559 1608/1608/1608 1560/1560/1560
f 1560/1560/1560 1608/1608/1608 1609/1609/1609
f 1560/1560/1560 1609/1609/1609 1561/1561/1561
f 1561/1561/1561 1609/1609/1609 1610/1610/1610
f 1561/1561/1561 1610/1610/1610 1562/1562/1562
f 1562/1562/1562 1610/1610/1610 1611/1611/1611
f 1562/1562/1562 1611/1611/1611 1563/1563/1563
f 1563/1563/1563 1611/1611/1611 1612/1612/1612
f 1563/1563/1563 1612/1612/1612 1564/1564/1564
f 1564/1564/1564 1612/1612/1612 1613/1613/1613
f 1564/1564/1564 1613/1613/1613 1565/1565/1565
f 1565/1565/1565 1613/1613/1613 1614/1614/1614
f 1565/1565/1565 1614/1614/1614 1566/1566/1566
f 1566/1566/1566 1614/1614/1614 1615/1615/1615
f 1566/1566/1566 1615/1615/1615 1567/1567/1567
f 1567/1567/1567 1615/1615/1615 1616/1616/1616
f 1567/1567/1567 1616/1616/1616 1568/1568/1568
f 1568/1568/1568 1616/1616/1616 1617/1617/1617
f 1568/1568/1568 1617/1617/1617 1569/1569/1569
f 1569/1569/1569 1617/1617/1617 1618/1618/1618
f 1569/1569/1569 1618/1618/1618 1570/1570/1570
f 1570/1570/1570 1618/1618/1618 1619/1619/1619
f 1570/1570/1570 1619/1619/1619 1571/1571/1571
f 1571/1571/1571 1619/1619/1619 1620/1620/1620
f 1571/1571/1571 1620/1620/1620 1572/1572/1572
f 1572/1572/1572 1620/1620/1620 1621/1621/1621
f 1572/1572/1572 1621/1621/1621 1573/1573/1573
f 1573/1573/1573 1621/1621/1621 1622/1622/1622
f 1573/1573/1573 1622/1622/1622 1574/1574/1574
f 1574/1574/1574 1622/1622/1622 1623/1623/1623
f 1574/1574/1574 1623/1623/1623 1575/1575/1575
f 1575/1575/1575 1623/1623/1623 1624/1624/1624
f 1575/1575/1575 1624/1624/1624 1576/1576/1576
f 1576/1576/1576 1624/1624/1624 1625/1625/1625
f 1576/1576/1576 1625/1625/1625 1577/1577/1577
f 1577/1577/1577 1625/1625/1625 1626/1626/1626
f 1577/1577/1577 1626/1626/1626 1578/1578/1578
f 1578/1578/1578 1626/1626/1626 1627/1627/1627
f 1578/1578/1578 1627/1627/1627 1579/1579/1579
f 1579/1579/1579 1627/1627/1627 1628/1628/1628
f 1579/1579/1579 1628/1628/1628 1580/1580/1580
f 1580/1580/1580 1628/1628/1628 1629/1629/1629
f 1580/1580/1580 1629/1629/1629 1581/1581/1581
f 1581/1581/1581 1629/1629/1629 1630/1630/1630
f 1581/1581/1581 1630/1630/1630 1582/1582/1582
f 1582/1582/1582 1630/1630/1630 1631/1631/1631
f 1582/1582/1582 1631/1631/1631 1583/1583/1583
f 1583/1583/1583 1631/1631/1631 1632/1632/1632
f 1583/1583/1583 1632/1632/1632 1584/1584/1584
f 1584/1584/1584 1632/1632/1632 1585/1585/1585
f 1584/1584/1584 1585/1585/1585 1537/1537/1537
f 1585/1585/1585 1633/1633/1633 1634/1634/1634
f 1585/1585/1585 1634/1634/1634 1586/1586/1586
f 1586/1586/1586 1634/1634/1634 1635/1635/1635
f 1586/1586/1586 1635/1635/1635 1587/1587/1587
f 1587/1587/1587 1635/1635/1635 1636/1636/1636
f 1587/1587/1587 1636/1636/1636 1588/1588/1588
f 1588/1588/1588 1636/1636/1636 1637/1637/1637
f 1588/1588/1588 1637/1637/1637 1589/1589/1589
f 1589/1589/1589 1637/1637/1637 1638/1638/1638
f 1589/1589/1589 1638/1638/1638 1590/1590/1590
f 1590/1590/1590 1638/1638/1638 1639/1639/1639
f 1590/1590/1590 1639/1639/1639 1591/1591/1591
f 1591/1591/1591 1639/1639/1639 1640/1640/1640
f 1591/1591/1591 1640/1640/1640 1592/1592/1592
f 1592/1592/1592 1640/1640/1640 1641/1641/1641
f 1592/1592/1592 1641/1641/1641 1593/1593/1593
f 1593/1593/1593 1641/1641/1641 1642/1642/1642
f 1593/1593/1593 1642/1642/1642 1594/1594/1594
f 1594/1594/1594 1642/1642/1642 1643/1643/1643
f 1594/1594/1594 1643/1643/1643 1595/1595/1595
f 1595/1595/1595 1643/1643/1643 1644/1644/1644
f 1595/1595/1595 1644/1644/1644 1596/1596/1596
f 1596/1596/1596 1644/1644/1644 1645/1645/1645
f 1596/1596/1596 1645/1645/1645 1597/1597/1597
f 1597/1597/1597 1645/1645/1645 1646/1646/1646
f 1597/1597/1597 1646/1646/1646 1598/1598/1598
f 1598/1598/1598 1646/1646/1646 1647/1647/1647
f 1598/1598/1598 1647/1647/1647 1599/1599/1599
f 1599/1599/1599 1647/1647/1647 1648/1648/1648
f 1599/1599/1599 1648/1648/1648 1600/1600/1600
f 1600/1600/1600 1648/1648/1648 1649/1649/1649
f 1600/1600/1600 1649/1649/1649 1601/1601/1601
f 1601/1601/1601 1649/1649/1649 1650/1650/1650
f 1601/1601/1601 1650/1650/1650 1602/1602/1602
f 1602/1602/1602 1650/1650/1650 1651/1651/1651
f 1602/1602/1602 1651/1651/1651 1603/1603/1603
f 1603/1603/1603 1651/1651/1651 1652/1652/1652
f 1603/1603/1603 1652/1652/1652 1604/1604/1604
f 1604/1604/1604 1652/1652/1652 1653/1653/1653
f 1604/1604/1604 1653/1653/1653 1605/1605/1605
f 1605/1605/1605 1653/1653/1653 1654/1654/1654
f 1605/1605/1605 1654/1654/1654 1606/1606/1606
f 1606/1606/1606 1654/1654/1654 1655/1655/1655
f 1606/1606/1606 1655/1655/1655 1607/1607/1607
f 1607/1607/1607 1655/1655/1655 1656/1656/1656
f 1607/1607/1607 1656/1656/1656 1608/1608/1608
f 1608/1608/1608 1656/1656/1656 1657/1657/1657
f 1608/1608/1608 1657/1657/1657 1609/1609/1609
f 1609/1609/1609 1657/1657/1657 1658/1658/1658
f 1609/1609/1609 1658/1658/1658 1610/1610/1610
f 1610/1610/1610 1658/1658/1658 1659/1659/1659
f 1610/1610/1610 1659/1659/1659 1611/1611/1611
f 1611/1611/1611 1659/1659/1659 1660/1660/1660
f 1611/1611/1611 1660/1660/1660 1612/1612/1612
f 1612/1612/1612 1660/1660/1660 1661/1661/1661
f 1612/1612/1612 1661/1661/1661 1613/1613/1613
f 1613/1613/1613 1661/1661/1661 1662/1662/1662
f 1613/1613/1613 1662/1662/1662 1614/1614/1614
f 1614/1614/1614 1662/1662/1662 1663/1663/1663
f 1614/1614/1614 1663/1663/1663 1615/1615/1615
f 1615/1615/1615 1663/1663/1663 1664/1664/1664
f 1615/1615/1615 1664/1664/1664 1616/1616/1616
f 1616/1616/1616 1664/1664/1664 1665/1665/1665
f 1616/1616/1616 1665/1665/1665 1617/1617/1617
f 1617/1617/1617 1665/1665/1665 1666/1666/1666
f 1617/1617/1617 1666/1666/1666 1618/1618/1618
f 1618/1618/1618 1666/1666/1666 1667/1667/1667
f 1618/1618/1618 1667/1667/1667 1619/1619/1619
f 1619/1619/1619 1667/1667/1667 1668/1668/1668
f 1619/1619/1619 1668/1668/1668 1620/1620/1620
f 1620/1620/1620 1668/1668/1668 1669/1669/1669
f 1620/1620/1620 1669/1669/1669 1621/1621/1621
f 1621/1621/1621 1669/1669/1669 1670/1670/1670
f 1621/1621/1621 1670/1670/1670 1622/1622/1622
f 1622/1622/1622 1670/1670/1670 1671/1671/1671
f 1622/1622/1622 1671/1671/1671 1623/1623/1623
f 1623/1623/1623 1671/1671/1671 1672/1672/1672
f 1623/1623/1623 1672/1672/1672 1624/1624/1624
f 1624/1624/1624 1672/1672/1672 1673/1673/1673
f 1624/1624/1624 1673/1673/1673 1625/1625/1625
f 1625/1625/1625 1673/1673/1673 1674/1674/1674
f 1625/1625/1625 1674/1674/1674 1626/1626/1626
f 1626/1626/1626 1674/1674/1674 1675/1675/1675
f 1626/1626/1626 1675/1675/1675 1627/1627/1627
f 1627/1627/1627 1675/1675/1675 1676/1676/1676
f 1627/1627/1627 1676/1676/1676 1628/1628/1628
f 1628/1628/1628 1676/1676/1676 1677/1677/1677
f 1628/1628/1628 1677/1677/1677 1629/1629/1629
f 1629/1629/1629 1677/1677/1677 1678/1678/1678
f 1629/1629/1629 1678/1678/1678 1630/1630/1630
f 1630/1630/1630 1678/1678/1678 1679/1679/1679
f 1630/1630/1630 1679/1679/1679 1631/1631/1631
f 1631/1631/1631 1679/1679/1679 1680/1680/1680
f 1631/1631/1631 1680/1680/1680 1632/1632/1632
f 1632/1632/1632 1680/1680/1680 1633/1633/1633
f 1632/1632/1632 1633/1633/1633 1585/1585/1585
f 1633/1633/1633 1681/1681/1681 1682/1682/1682
f 1633/1633/1633 1682/1682/1682 1634/1634/1634
f 1634/1634/1634 1682/1682/1682 1683/1683/1683
f 1634/1634/1634 1683/1683/1683 1635/1635/1635
f 1635/1635/1635 1683/1683/1683 1684/1684/1684
f 1635/1635/1635 1684/1684/1684 1636/1636/1636
f 1636/1636/1636 1684/1684/1684 1685/1685/1685
f 1636/1636/1636 1685/1685/1685 1637/1637/1637
f 1637/1637/1637 1685/1685/1685 1686/1686/1686
f 1637/1637/1637 1686/1686/1686 1638/1638/1638
f 1638/1638/1638 1686/1686/1686 1687/1687/1687
f 1638/1638/1638 1687/1687/1687 1639/1639/1639
f 1639/1639/1639 1687/1687/1687 1688/1688/1688
f 1639/1639/1639 1688/1688/1688 1640/1640/1640
f 1640/1640/1640 1688/1688/1688 1689/1689/1689
f 1640/1640/1640 1689/1689/1689 1641/1641/1641
f 1641/1641/1641 1689/1689/1689 1690/1690/1690
f 1641/1641/1641 1690/1690/1690 1642/1642/1642
f 1642/1642/1642 1690/1690/1690 1691/1691/1691
f 1642/1642/1642 1691/1691/1691 1643/1643/1643
f 1643/1643/1643 1691/1691/1691 1692/1692/1692
f 1643/1643/1643 1692/1692/1692 1644/1644/1644
f 1644/1644/1644 1692/1692/1692 1693/1693/1693
f 1644/1644/1644 1693/1693/1693 1645/1645/1645
f 1645/1645/1645 1693/1693/1693 1694/1694/1694
f 1645/1645/1645 1694/1694/1694 1646/1646/1646
f 1646/1646/1646 1694/1694/1694 1695/1695/1695
f 1646/1646/1646 1695/1695/1695 1647/1647/1647
f 1647/1647/1647 1695/1695/1695 1696/1696/1696
f 1647/1647/1647 1696/1696/1696 1648/1648/1648
f 1648/1648/1648 1696/1696/1696 1697/1697/1697
f 1648/1648/1648 1697/1697/1697 1649/1649/1649
f 1649/1649/1649 1697/1697/1697 1698/1698/1698
f 1649/1649/1649 1698/1698/1698 1650/1650/1650
f 1650/1650/1650 1698/1698/1698 1699/1699/1699
f 1650/1650/1650 1699/1699/1699 1651/1651/1651
f 1651/1651/1651 1699/1699/1699 1700/1700/1700
f 1651/1651/1651 1700/1700/1700 1652/1652/1652
f 1652/1652/1652 1700/1700/1700 1701/1701/1701
f 1652/1652/1652 1701/1701/1701 1653/1653/1653
f 1653/1653/1653 1701/1701/1701 1702/1702/1702
f 1653/1653/1653 1702/1702/1702 1654/1654/1654
f 1654/1654/1654 1702/1702/1702 1703/1703/1703
f 1654/1654/1654 1703/1703/1703 1655/1655/1655
f 1655/1655/1655 1703/1703/1703 1704/1704/1704
f 1655/1655/1655 1704/1704/1704 1656/1656/1656
f 1656/1656/1656 1704/1704/1704 1705/1705/1705
f 1656/1656/1656 1705/1705/1705 1657/1657/1657
f 1657/1657/1657 1705/1705/1705 1706/1706/1706
f 1657/1657/1657 1706/1706/1706 1658/1658/1658
f 1658/1658/1658 1706/1706/1706 1707/1707/1707
f 1658/1658/1658 1707/1707/1707 1659/1659/1659
f 1659/1659/1659 1707/1707/1707 1708/1708/1708
f 1659/1659/1659 1708/1708/1708 1660/1660/1660
f 1660/1660/1660 1708/1708/1708 1709/1709/1709
f 1660/1660/1660 1709/1709/1709 1661/1661/1661
f 1661/1661/1661 1709/1709/1709 1710/1710/1710
f 1661/1661/1661 1710/1710/1710 1662/1662/1662
f 1662/1662/1662 1710/1710/1710 1711/1711/1711
f 1662/1662/1662 1711/1711/1711 1663/1663/1663
f 1663/1663/1663 1711/1711/1711 1712/1712/1712
f 1663/1663/1663 1712/1712/1712 1664/1664/1664
f 1664/1664/1664 1712/1712/1712 1713/1713/1713
f 1664/1664/1664 1713/1713/1713 1665/1665/1665
f 1665/1665/1665 1713/1713/1713 1714/1714/1714
f 1665/1665/1665 1714/1714/1714 1666/1666/1666
f 1666/1666/1666 1714/1714/1714 1715/1715/1715
f 1666/1666/1666 1715/1715/1715 1667/1667/1667
f 1667/1667/1667 1715/1715/1715 1716/1716/1716
f 1667/1667/1667 1716/1716/1716 1668/1668/1668
f 1668/1668/1668 1716/1716/1716 1717/1717/1717
f 1668/1668/1668 1717/1717/1717 1669/1669/1669
f 1669/1669/1669 1717/1717/1717 1718/1718/1718
f 1669/1669/1669 1718/1718/1718 1670/1670/1670
f 1670/1670/1670 1718/1718/1718 1719/1719/1719
f 1670/1670/1670 1719/1719/1719 1671/1671/1671
f 1671/1671/1671 1719/1719/1719 1720/1720/1720
f 1671/1671/1671 1720/1720/1720 1672/1672/1672
f 1672/1672/1672 1720/1720/1720 1721/1721/1721
f 1672/1672/1672 1721/1721/1721 1673/1673/1673
f 1673/1673/1673 1721/1721/1721 1722/1722/1722
f 1673/1673/1673 1722/1722/1722 1674/1674/1674
f 1674/1674/1674 1722/1722/1722 1723/1723/1723
f 1674/1674/1674 1723/1723/1723 1675/1675/1675
f 1675/1675/1675 1723/1723/1723 1724/1724/1724
f 1675/1675/1675 1724/1724/1724 1676/1676/1676
f 1676/1676/1676 1724/1724/1724 1725/1725/1725
f 1676/1676/1676 1725/1725/1725 1677/1677/1677
f 1677/1677/1677 1725/1725/1725 1726/1726/1726
f 1677/1677/1677 1726/1726/1726 1678/1678/1678
f 1678/1678/1678 1726/1726/1726 1727/1727/1727
f 1678/1678/1678 1727/1727/1727 1679/1679/1679
f 1679/1679/1679 1727/1727/1727 1728/1728/1728
f 1679/1679/1679 1728/1728/1728 1680/1680/1680
f 1680/1680/1680 1728/1728/1728 1681/1681/1681
f 1680/1680/1680 1681/1681/1681 1633/1633/1633
f 1681/1681/1681 1729/1729/1729 1730/1730/1730
f 1681/1681/1681 1730/1730/1730 1682/1682/1682
f 1682/1682/1682 1730/1730/1730 1731/1731/1731
f 1682/1682/1682 1731/1731/1731 1683/1683/1683
f 1683/1683/1683 1731/1731/1731 1732/1732/1732
f 1683/1683/1683 1732/1732/1732 1684/1684/1684
f 1684/1684/1684 1732/1732/1732 1733/1733/1733
f 1684/1684/1684 1733/1733/1733 1685/1685/1685
f 1685/1685/1685 1733/1733/1733 1734/1734/1734
f 1685/1685/1685 1734/1734/1734 1686/1686/1686
f 1686/1686/1686 1734/1734/1734 1735/1735/1735
f 1686/1686/1686 1735/1735/1735 1687/1687/1687
f 1687/1687/1687 1735/1735/1735 1736/1736/1736
f 1687/1687/1687 1736/1736/1736 1688/1688/1688
f 1688/1688/1688 1736/1736/1736 1737/1737/1737
f 1688/1688/1688 1737/1737/1737 1689/1689/1689
f 1689/1689/1689 1737/1737/1737 1738/1738/1738
f 1689/1689/1689 1738/1738/1738 1690/1690/1690
f 1690/1690/1690 1738/1738/1738 1739/1739/1739
f 1690/1690/1690 1739/1739/1739 1691/1691/1691
f 1691/1691/1691 1739/1739/1739 1740/1740/1740
f 1691/1691/1691 1740/1740/1740 1692/1692/1692
f 1692/1692/1692 1740/1740/1740 1741/1741/1741
f 1692/1692/1692 1741/1741/1741 1693/1693/1693
f 1693/1693/1693 1741/1741/1741 1742/1742/1742
f 1693/1693/1693 1742/1742/1742 1694/1694/1694
f 1694/1694/1694 1742/1742/1742 1743/1743/1743
f 1694/1694/1694 1743/1743/1743 1695/1695/1695
f 1695/1695/1695 1743/1743/1743 1744/1744/1744
f 1695/1695/1695 1744/1744/1744 1696/1696/1696
f 1696/1696/1696 1744/1744/1744 1745/1745/1745
f 1696/1696/1696 1745/1745/1745 1697/1697/1697
f 1697/1697/1697 1745/1745/1745 1746/1746/1746
f 1697/1697/1697 1746/1746/1746 1698/1698/1698
f 1698/1698/1698 1746/1746/1746 1747/1747/1747
f 1698/1698/1698 1747/1747/1747 1699/1699/1699
f 1699/1699/1699 1747/1747/1747 1748/1748/1748
f 1699/1699/1699 1748/1748/1748 1700/1700/1700
f 1700/1700/1700 1748/1748/1748 1749/1749/1749
f 1700/1700/1700 1749/1749/1749 1701/1701/1701
f 1701/1701/1701 1749/1749/1749 1750/1750/1750
f 1701/1701/1701 1750/1750/1750 1702/1702/1702
f 1702/1702/1702 1750/1750/1750 1751/1751/1751
f 1702/1702/1702 1751/1751/1751 1703/1703/1703
f 1703/1703/1703 1751/1751/1751 1752/1752/1752
f 1703/1703/1703 1752/1752/1752 1704/1704/1704
f 1704/1704/1704 1752/1752/1752 1753/1753/1753
f 1704/1704/1704 1753/1753/1753 1705/1705/1705
f 1705/1705/1705 1753/1753/1753 1754/1754/1754
f 1705/1705/1705 1754/1754/1754 1706/1706/1706
f 1706/1706/1706 1754/1754/1754 1755/1755/1755
f 1706/1706/1706 1755/1755/1755 1707/1707/1707
f 1707/1707/1707 1755/1755/1755 1756/1756/1756
f 1707/1707/1707 1756/1756/1756 1708/1708/1708
f 1708/1708/1708 1756/1756/1756 1757/1757/1757
f 1708/1708/1708 1757/1757/1757 1709/1709/1709
f 1709/1709/1709 1757/1757/1757 1758/1758/1758
f 1709/1709/1709 1758/1758/1758 1710/1710/1710
f 1710/1710/1710 1758/1758/1758 1759/1759/1759
f 1710/1710/1710 1759/1759/1759 1711/1711/1711
f 1711/1711/1711 1759/1759/1759 1760/1760/1760
f 1711/1711/1711 1760/1760/1760 1712/1712/1712
f 1712/1712/1712 1760/1760/1760 1761/1761/1761
f 1712/1712/1712 1761/1761/1761 1713/1713/1713
f 1713/1713/1713 1761/1761/1761 1762/1762/1762
f 1713/1713/1713 1762/1762/1762 1714/1714/1714
f 1714/1714/1714 1762/1762/1762 1763/1763/1763
f 1714/1714/1714 1763/1763/1763 1715/1715/1715
f 1715/1715/1715 1763/1763/1763 1764/1764/1764
f 1715/1715/1715 1764/1764/1764 1716/1716/1716
f 1716/1716/1716 1764/1764/1764 1765/1765/1765
f 1716/1716/1716 1765/1765/1765 1717/1717/1717
f 1717/1717/1717 1765/1765/1765 1766/1766/1766
f 1717/1717/1717 1766/1766/1766 1718/1718/1718
f 1718/1718/1718 1766/1766/1766 1767/1767/1767
f 1718/1718/1718 1767/1767/1767 1719/1719/1719
f 1719/1719/1719 1767/1767/1767 1768/1768/1768
f 1719/1719/1719 1768/1768/1768 1720/1720/1720
f 1720/1720/1720 1768/1768/1768 1769/1769/1769
f 1720/1720/1720 1769/1769/1769 1721/1721/1721
f 1721/1721/1721 1769/1769/1769 1770/1770/1770
f 1721/1721/1721 1770/1770/1770 1722/1722/1722
f 1722/1722/1722 1770/1770/1770 1771/1771/1771
f 1722/1722/1722 1771/1771/1771 1723/1723/1723
f 1723/1723/1723 1771/1771/1771 1772/1772/1772
f 1723/1723/1723 1772/1772/1772 1724/1724/1724
f 1724/1724/1724 1772/1772/1772 1773/1773/1773
f 1724/1724/1724 1773/1773/1773 1725/1725/1725
f 1725/1725/1725 1773/1773/1773 1774/1774/1774
f 1725/1725/1725 1774/1774/1774 1726/1726/1726
f 1726/1726/1726 1774/1774/1774 1775/1775/1775
f 1726/1726/1726 1775/1775/1775 1727/1727/1727
f 1727/1727/1727 1775/1775/1775 1776/1776/1776
f 1727/1727/1727 1776/1776/1776 1728/1728/1728
f 1728/1728/1728 1776/1776/1776 1729/1729/1729
f 1728/1728/1728 1729/1729/1729 1681/1681/1681
usemtl EyeIris
f 1777/1777/1777 1793/1793/1793 1794/1794/1794
f 1777/1777/1777 1794/1794/1794 1778/1778/1778
f 1778/1778/1778 1794/1794/1794 1795/1795/1795
f 1778/1778/1778 1795/1795/1795 1779/1779/1779
f 1779/1779/1779 1795/1795/1795 1796/1796/1796
f 1779/1779/1779 1796/1796/1796 1780/1780/1780
f 1780/1780/1780 1796/1796/1796 1797/1797/1797
f 1780/1780/1780 1797/1797/1797 1781/1781/1781
f 1781/1781/1781 1797/1797/1797 1798/1798/1798
f 1781/1781/1781 1798/1798/1798 1782/1782/1782
f 1782/1782/1782 1798/1798/1798 1799/1799/1799
f 1782/1782/1782 1799/1799/1799 1783/1783/1783
f 1783/1783/1783 1799/1799/1799 1800/1800/1800
f 1783/1783/1783 1800/1800/1800 1784/1784/1784
f 1784/1784/1784 1800/1800/1800 1801/1801/1801
f 1784/1784/1784 1801/1801/1801 1785/1785/1785
f 1785/1785/1785 1801/1801/1801 1802/1802/1802
f 1785/1785/1785 1802/1802/1802 1786/1786/1786
f 1786/1786/1786 1802/1802/1802 1803/1803/1803
f 1786/1786/1786 1803/1803/1803 1787/1787/1787
f 1787/1787/1787 1803/1803/1803 1804/1804/1804
f 1787/1787/1787 1804/1804/1804 1788/1788/1788
f 1788/1788/1788 1804/1804/1804 1805/1805/1805
f 1788/1788/1788 1805/1805/1805 1789/1789/1789
f 1789/1789/1789 1805/1805/1805 1806/1806/1806
f 1789/1789/1789 1806/1806/1806 1790/1790/1790
f 1790/1790/1790 1806/1806/1806 1807/1807/1807
f 1790/1790/1790 1807/1807/1807 1791/1791/1791
f 1791/1791/1791 1807/1807/1807 1808/1808/1808
f 1791/1791/1791 1808/1808/1808 1792/1792/1792
f 1792/1792/1792 1808/1808/1808 1793/1793/1793
f 1792/1792/1792 1793/1793/1793 1777/1777/1777
f 1793/1793/1793 1809/1809/1809 1810/1810/1810
f 1793/1793/1793 1810/1810/1810 1794/1794/1794
f 1794/1794/1794 1810/1810/1810 1811/1811/1811
f 1794/1794/1794 1811/1811/1811 1795/1795/1795
f 1795/1795/1795 1811/1811/1811 1812/1812/1812
f 1795/1795/1795 1812/1812/1812 1796/1796/1796
f 1796/1796/1796 1812/1812/1812 1813/1813/1813
f 1796/1796/1796 1813/1813/1813 1797/1797/1797
f 1797/1797/1797 1813/1813/1813 1814/1814/1814
f 1797/1797/1797 1814/1814/1814 1798/1798/1798
f 1798/1798/1798 1814/1814/1814 1815/1815/1815
f 1798/1798/1798 1815/1815/1815 1799/1799/1799
f 1799/1799/1799 1815/1815/1815 1816/1816/1816
f 1799/1799/1799 1816/1816/1816 1800/1800/1800
f 1800/1800/1800 1816/1816/1816 1817/1817/1817
f 1800/1800/1800 1817/1817/1817 1801/1801/1801
f 1801/1801/1801 1817/1817/1817 1818/1818/1818
f 1801/1801/1801 1818/1818/1818 1802/1802/1802
f 1802/1802/1802 1818/1818/1818 1819/1819/1819
f 1802/1802/1802 1819/1819/1819 1803/1803/1803
f 1803/1803/1803 1819/1819/1819 1820/1820/1820
f 1803/1803/1803 1820/1820/1820 1804/1804/1804
f 1804/1804/1804 1820/1820/1820 1821/1821/1821
f 1804/1804/1804 1821/1821/1821 1805/1805/1805
f 1805/1805/1805 1821/1821/1821 1822/1822/1822
f 1805/1805/1805 1822/1822/1822 1806/1806/1806
f 1806/1806/1806 1822/1822/1822 1823/1823/1823
f 1806/1806/1806 1823/1823/1823 1807/1807/1807
f 1807/1807/1807 1823/1823/1823 1824/1824/1824
f 1807/1807/1807 1824/1824/1824 1808/1808/1808
f 1808/1808/1808 1824/1824/1824 1809/1809/1809
f 1808/1808/1808 1809/1809/1809 1793/1793/1793
f 1809/1809/1809 1825/1825/1825 1826/1826/1826
f 1809/1809/1809 1826/1826/1826 1810/1810/1810
f 1810/1810/1810 1826/1826/1826 1827/1827/1827
f 1810/1810/1810 1827/1827/1827 1811/1811/1811
f 1811/1811/1811 1827/1827/1827 1828/1828/1828
f 1811/1811/1811 1828/1828/1828 1812/1812/1812
f 1812/1812/1812 1828/1828/1828 1829/1829/1829
f 1812/1812/1812 1829/1829/1829 1813/1813/1813
f 1813/1813/1813 1829/1829/1829 1830/1830/1830
f 1813/1813/1813 1830/1830/1830 1814/1814/1814
f 1814/1814/1814 1830/1830/1830 1831/1831/1831
f 1814/1814/1814 1831/1831/1831 1815/1815/1815
f 1815/1815/1815 1831/1831/1831 1832/1832/1832
f 1815/1815/1815 1832/1832/1832 1816/1816/1816
f 1816/1816/1816 1832/1832/1832 1833/1833/1833
f 1816/1816/1816 1833/1833/1833 1817/1817/1817
f 1817/1817/1817 1833/1833/1833 1834/1834/1834
f 1817/1817/1817 1834/1834/1834 1818/1818/1818
f 1818/1818/1818 1834/1834/1834 1835/1835/1835
f 1818/1818/1818 1835/1835/1835 1819/1819/1819
f 1819/1819/1819 1835/1835/1835 1836/1836/1836
f 1819/1819/1819 1836/1836/1836 1820/1820/1820
f 1820/1820/1820 1836/1836/1836 1837/1837/1837
f 1820/1820/1820 1837/1837/1837 1821/1821/1821
f 1821/1821/1821 1837/1837/1837 1838/1838/1838
f 1821/1821/1821 1838/1838/1838 1822/1822/1822
f 1822/1822/1822 1838/1838/1838 1839/1839/1839
f 1822/1822/1822 1839/1839/1839 1823/1823/1823
f 1823/1823/1823 1839/1839/1839 1840/1840/1840
f 1823/1823/1823 1840/1840/1840 1824/1824/1824
f 1824/1824/1824 1840/1840/1840 1825/1825/1825
f 1824/1824/1824 1825/1825/1825 1809/1809/1809
f 1825/1825/1825 1841/1841/1841 1842/1842/1842
f 1825/1825/1825 1842/1842/1842 1826/1826/1826
f 1826/1826/1826 1842/1842/1842 1843/1843/1843
f 1826/1826/1826 1843/1843/1843 1827/1827/1827
f 1827/1827/1827 1843/1843/1843 1844/1844/1844
f 1827/1827/1827 1844/1844/1844 1828/1828/1828
f 1828/1828/1828 1844/1844/1844 1845/1845/1845
f 1828/1828/1828 1845/1845/1845 1829/1829/1829
f 1829/1829/1829 1845/1845/1845 1846/1846/1846
f 1829/1829/1829 1846/1846/1846 1830/1830/1830
f 1830/1830/1830 1846/1846/1846 1847/1847/1847
f 1830/1830/1830 1847/1847/1847 1831/1831/1831
f 1831/1831/1831 1847/1847/1847 1848/1848/1848
f 1831/1831/1831 1848/1848/1848 1832/1832/1832
f 1832/1832/1832 1848/1848/1848 1849/1849/1849
f 1832/1832/1832 1849/1849/1849 1833/1833/1833
f 1833/1833/1833 1849/1849/1849 1850/1850/1850
f 1833/1833/1833 1850/1850/1850 1834/1834/1834
f 1834/1834/1834 1850/1850/1850 1851/1851/1851
f 1834/1834/1834 1851/1851/1851 1835/1835/1835
f 1835/1835/1835 1851/1851/1851 1852/1852/1852
f 1835/1835/1835 1852/1852/1852 1836/1836/1836
f 1836/1836/1836 1852/1852/1852 1853/1853/1853
f 1836/1836/1836 1853/1853/1853 1837/1837/1837
f 1837/1837/1837 1853/1853/1853 1854/1854/1854
f 1837/1837/1837 1854/1854/1854 1838/1838/1838
f 1838/1838/1838 1854/1854/1854 1855/1855/1855
f 1838/1838/1838 1855/1855/1855 1839/1839/1839
f 1839/1839/1839 1855/1855/1855 1856/1856/1856
f 1839/1839/1839 1856/1856/1856 1840/1840/1840
f 1840/1840/1840 1856/1856/1856 1841/1841/1841
f 1840/1840/1840 1841/1841/1841 1825/1825/1825
f 1841/1841/1841 1857/1857/1857 1858/1858/1858
f 1841/1841/1841 1858/1858/1858 1842/1842/1842
f 1842/1842/1842 1858/1858/1858 1859/1859/1859
f 1842/1842/1842 1859/1859/1859 1843/1843/1843
f 1843/1843/1843 1859/1859/1859 1860/1860/1860
f 1843/1843/1843 1860/1860/1860 1844/1844/1844
f 1844/1844/1844 1860/1860/1860 1861/1861/1861
f 1844/1844/1844 1861/1861/1861 1845/1845/1845
f 1845/1845/1845 1861/1861/1861 1862/1862/1862
f 1845/1845/1845 1862/1862/1862 1846/1846/1846
f 1846/1846/1846 1862/1862/1862 1863/1863/1863
f 1846/1846/1846 1863/1863/1863 1847/1847/1847
f 1847/1847/1847 1863/1863/1863 1864/1864/1864
f 1847/1847/1847 1864/1864/1864 1848/1848/1848
f 1848/1848/1848 1864/1864/1864 1865/1865/1865
f 1848/1848/1848 1865/1865/1865 1849/1849/1849
f 1849/1849/1849 1865/1865/1865 1866/1866/1866
f 1849/1849/1849 1866/1866/1866 1850/1850/1850
f 1850/1850/1850 1866/1866/1866 1867/1867/1867
f 1850/1850/1850 1867/1867/1867 1851/1851/1851
f 1851/1851/1851 1867/1867/1867 1868/1868/1868
f 1851/1851/1851 1868/1868/1868 1852/1852/1852
f 1852/1852/1852 1868/1868/1868 1869/1869/1869
f 1852/1852/1852 1869/1869/1869 1853/1853/1853
f 1853/1853/1853 1869/1869/1869 1870/1870/1870
f 1853/1853/1853 1870/1870/1870 1854/1854/1854
f 1854/1854/1854 1870/1870/1870 1871/1871/1871
f 1854/1854/1854 1871/1871/1871 1855/1855/1855
f 1855/1855/1855 1871/1871/1871 1872/1872/1872
f 1855/1855/1855 1872/1872/1872 1856/1856/1856
f 1856/1856/1856 1872/1872/1872 1857/1857/1857
f 1856/1856/1856 1857/1857/1857 1841/1841/1841
f 1857/1857/1857 1873/1873/1873 1874/1874/1874
f 1857/1857/1857 1874/1874/1874 1858/1858/1858
f 1858/1858/1858 1874/1874/1874 1875/1875/1875
f 1858/1858/1858 1875/1875/1875 1859/1859/1859
f 1859/1859/1859 1875/1875/1875 1876/1876/1876
f 1859/1859/1859 1876/1876/1876 1860/1860/1860
f 1860/1860/1860 1876/1876/1876 1877/1877/1877
f 1860/1860/1860 1877/1877/1877 1861/1861/1861
f 1861/1861/1861 1877/1877/1877 1878/1878/1878
f 1861/1861/1861 1878/1878/1878 1862/1862/1862
f 1862/1862/1862 1878/1878/1878 1879/1879/1879
f 1862/1862/1862 1879/1879/1879 1863/1863/1863
f 1863/1863/1863 1879/1879/1879 1880/1880/1880
f 1863/1863/1863 1880/1880/1880 1864/1864/1864
f 1864/1864/1864 1880/1880/1880 1881/1881/1881
f 1864/1864/1864 1881/1881/1881 1865/1865/1865
f 1865/1865/1865 1881/1881/1881 1882/1882/1882
f 1865/1865/1865 1882/1882/1882 1866/1866/1866
f 1866/1866/1866 1882/1882/1882 1883/1883/1883
f 1866/1866/1866 1883/1883/1883 1867/1867/1867
f 1867/1867/1867 1883/1883/1883 1884/1884/1884
f 1867/1867/1867 1884/1884/1884 1868/1868/1868
f 1868/1868/1868 1884/1884/1884 1885/1885/1885
f 1868/1868/1868 1885/1885/1885 1869/1869/1869
f 1869/1869/1869 1885/1885/1885 1886/1886/1886
f 1869/1869/1869 1886/1886/1886 1870/1870/1870
f 1870/1870/1870 1886/1886/1886 1887/1887/1887
f 1870/1870/1870 1887/1887/1887 1871/1871/1871
f 1871/1871/1871 1887/1887/1887 1888/1888/1888
f 1871/1871/1871 1888/1888/1888 1872/1872/1872
f 1872/1872/1872 1888/1888/1888 1873/1873/1873
f 1872/1872/1872 1873/1873/1873 1857/1857/1857
f 1873/1873/1873 1889/1889/1889 1890/1890/1890
f 1873/1873/1873 1890/1890/1890 1874/1874/1874
f 1874/1874/1874 1890/1890/1890 1891/1891/1891
f 1874/1874/1874 1891/1891/1891 1875/1875/1875
f 1875/1875/1875 1891/1891/1891 1892/1892/1892
f 1875/1875/1875 1892/1892/1892 1876/1876/1876
f 1876/1876/1876 1892/1892/1892 1893/1893/1893
f 1876/1876/1876 1893/1893/1893 1877/1877/1877
f 1877/1877/1877 1893/1893/1893 1894/1894/1894
f 1877/1877/1877 1894/1894/1894 1878/1878/1878
f 1878/1878/1878 1894/1894/1894 1895/1895/1895
f 1878/1878/1878 1895/1895/1895 1879/1879/1879
f 1879/1879/1879 1895/1895/1895 1896/1896/1896
f 1879/1879/1879 1896/1896/1896 1880/1880/1880
f 1880/1880/1880 1896/1896/1896 1897/1897/1897
f 1880/1880/1880 1897/1897/1897 1881/1881/1881
f 1881/1881/1881 1897/1897/1897 1898/1898/1898
f 1881/1881/1881 1898/1898/1898 1882/1882/1882
f 1882/1882/1882 1898/1898/1898 1899/1899/1899
f 1882/1882/1882 1899/1899/1899 1883/1883/1883
f 1883/1883/1883 1899/1899/1899 1900/1900/1900
f 1883/1883/1883 1900/1900/1900 1884/1884/1884
f 1884/1884/1884 1900/1900/1900 1901/1901/1901
f 1884/1884/1884 1901/1901/1901 1885/1885/1885
f 1885/1885/1885 1901/1901/1901 1902/1902/1902
f 1885/1885/1885 1902/1902/1902 1886/1886/1886
f 1886/1886/1886 1902/1902/1902 1903/1903/1903
f 1886/1886/1886 1903/1903/1903 1887/1887/1887
f 1887/1887/1887 1903/1903/1903 1904/1904/1904
f 1887/1887/1887 1904/1904/1904 1888/1888/1888
f 1888/1888/1888 1904/1904/1904 1889/1889/1889
f 1888/1888/1888 1889/1889/1889 1873/1873/1873
f 1889/1889/1889 1905/1905/1905 1906/1906/1906
f 1889/1889/1889 1906/1906/1906 1890/1890/1890
f 1890/1890/1890 1906/1906/1906 1907/1907/1907
f 1890/1890/1890 1907/1907/1907 1891/1891/1891
f 1891/1891/1891 1907/1907/1907 1908/1908/1908
f 1891/1891/1891 1908/1908/1908 1892/1892/1892
f 1892/1892/1892 1908/1908/1908 1909/1909/1909
f 1892/1892/1892 1909/1909/1909 1893/1893/1893
f 1893/1893/1893 1909/1909/1909 1910/1910/1910
f 1893/1893/1893 1910/1910/1910 1894/1894/1894
f 1894/1894/1894 1910/1910/1910 1911/1911/1911
f 1894/1894/1894 1911/1911/1911 1895/1895/1895
f 1895/1895/1895 1911/1911/1911 1912/1912/1912
f 1895/1895/1895 1912/1912/1912 1896/1896/1896
f 1896/1896/1896 1912/1912/1912 1913/1913/1913
f 1896/1896/1896 1913/1913/1913 1897/1897/1897
f 1897/1897/1897 1913/1913/1913 1914/1914/1914
f 1897/1897/1897 1914/1914/1914 1898/1898/1898
f 1898/1898/1898 1914/1914/1914 1915/1915/1915
f 1898/1898/1898 1915/1915/1915 1899/1899/1899
f 1899/1899/1899 1915/1915/1915 1916/1916/1916
f 1899/1899/1899 1916/1916/1916 1900/1900/1900
f 1900/1900/1900 1916/1916/1916 1917/1917/1917
f 1900/1900/1900 1917/1917/1917 1901/1901/1901
f 1901/1901/1901 1917/1917/1917 1918/1918/1918
f 1901/1901/1901 1918/1918/1918 1902/1902/1902
f 1902/1902/1902 1918/1918/1918 1919/1919/1919
f 1902/1902/1902 1919/1919/1919 1903/1903/1903
f 1903/1903/1903 1919/1919/1919 1920/1920/1920
f 1903/1903/1903 1920/1920/1920 1904/1904/1904
f 1904/1904/1904 1920/1920/1920 1905/1905/1905
f 1904/1904/1904 1905/1905/1905 1889/1889/1889
f 1905/1905/1905 1921/1921/1921 1922/1922/1922
f 1905/1905/1905 1922/1922/1922 1906/1906/1906
f 1906/1906/1906 1922/1922/1922 1923/1923/1923
f 1906/1906/1906 1923/1923/1923 1907/1907/1907
f 1907/1907/1907 1923/1923/1923 1924/1924/1924
f 1907/1907/1907 1924/1924/1924 1908/1908/1908
f 1908/1908/1908 1924/1924/1924 1925/1925/1925
f 1908/1908/1908 1925/1925/1925 1909/1909/1909
f 1909/1909/1909 1925/1925/1925 1926/1926/1926
f 1909/1909/1909 1926/1926/1926 1910/1910/1910
f 1910/1910/1910 1926/1926/1926 1927/1927/1927
f 1910/1910/1910 1927/1927/1927 1911/1911/1911
f 1911/1911/1911 1927/1927/1927 1928/1928/1928
f 1911/1911/1911 1928/1928/1928 1912/1912/1912
f 1912/1912/1912 1928/1928/1928 1929/1929/1929
f 1912/1912/1912 1929/1929/1929 1913/1913/1913
f 1913/1913/1913 1929/1929/1929 1930/1930/1930
f 1913/1913/1913 1930/1930/1930 1914/1914/1914
f 1914/1914/1914 1930/1930/1930 1931/1931/1931
f 1914/1914/1914 1931/1931/1931 1915/1915/1915
f 1915/1915/1915 1931/1931/1931 1932/1932/1932
f 1915/1915/1915 1932/1932/1932 1916/1916/1916
f 1916/1916/1916 1932/1932/1932 1933/1933/1933
f 1916/1916/1916 1933/1933/1933 1917/1917/1917
f 1917/1917/1917 1933/1933/1933 1934/1934/1934
f 1917/1917/1917 1934/1934/1934 1918/1918/1918
f 1918/1918/1918 1934/1934/1934 1935/1935/1935
f 1918/1918/1918 1935/1935/1935 1919/1919/1919
f 1919/1919/1919 1935/1935/1935 1936/1936/1936
f 1919/1919/1919 1936/1936/1936 1920/1920/1920
f 1920/1920/1920 1936/1936/1936 1921/1921/1921
f 1920/1920/1920 1921/1921/1921 1905/1905/1905
f 1921/1921/1921 1937/1937/1937 1938/1938/1938
f 1921/1921/1921 1938/1938/1938 1922/1922/1922
f 1922/1922/1922 1938/1938/1938 1939/1939/1939
f 1922/1922/1922 1939/1939/1939 1923/1923/1923
f 1923/1923/1923 1939/1939/1939 1940/1940/1940
f 1923/1923/1923 1940/1940/1940 1924/1924/1924
f 1924/1924/1924 1940/1940/1940 1941/1941/1941
f 1924/1924/1924 1941/1941/1941 1925/1925/1925
f 1925/1925/1925 1941/1941/1941 1942/1942/1942
f 1925/1925/1925 1942/1942/1942 1926/1926/1926
f 1926/1926/1926 1942/1942/1942 1943/1943/1943
f 1926/1926/1926 1943/1943/1943 1927/1927/1927
f 1927/1927/1927 1943/1943/1943 1944/1944/1944
f 1927/1927/1927 1944/1944/1944 1928/1928/1928
f 1928/1928/1928 1944/1944/1944 1945/1945/1945
f 1928/1928/1928 1945/1945/1945 1929/1929/1929
f 1929/1929/1929 1945/1945/1945 1946/1946/1946
f 1929/1929/1929 1946/1946/1946 1930/1930/1930
f 1930/1930/1930 1946/1946/1946 1947/1947/1947
f 1930/1930/1930 1947/1947/1947 1931/1931/1931
f 1931/1931/1931 1947/1947/1947 1948/1948/1948
f 1931/1931/1931 1948/1948/1948 1932/1932/1932
f 1932/1932/1932 1948/1948/1948 1949/1949/1949
f 1932/1932/1932 1949/1949/1949 1933/1933/1933
f 1933/1933/1933 1949/1949/1949 1950/1950/1950
f 1933/1933/1933 1950/1950/1950 1934/1934/1934
f 1934/1934/1934 1950/1950/1950 1951/1951/1951
f 1934/1934/1934 1951/1951/1951 1935/1935/1935
f 1935/1935/1935 1951/1951/1951 1952/1952/1952
f 1935/1935/1935 1952/1952/1952 1936/1936/1936
f 1936/1936/1936 1952/1952/1952 1937/1937/1937
f 1936/1936/1936 1937/1937/1937 1921/1921/1921
f 1937/1937/1937 1953/1953/1953 1954/1954/1954
f 1937/1937/1937 1954/1954/1954 1938/1938/1938
f 1938/1938/1938 1954/1954/1954 1955/1955/1955
f 1938/1938/1938 1955/1955/1955 1939/1939/1939
f 1939/1939/1939 1955/1955/1955 1956/1956/1956
f 1939/1939/1939 1956/1956/1956 1940/1940/1940
f 1940/1940/1940 1956/1956/1956 1957/1957/1957
f 1940/1940/1940 1957/1957/1957 1941/1941/1941
f 1941/1941/1941 1957/1957/1957 1958/1958/1958
f 1941/1941/1941 1958/1958/1958 1942/1942/1942
f 1942/1942/1942 1958/1958/1958 1959/1959/1959
f 1942/1942/1942 1959/1959/1959 1943/1943/1943
f 1943/1943/1943 1959/1959/1959 1960/1960/1960
f 1943/1943/1943 1960/1960/1960 1944/1944/1944
f 1944/1944/1944 1960/1960/1960 1961/1961/1961
f 1944/1944/1944 1961/1961/1961 1945/1945/1945
f 1945/1945/1945 1961/1961/1961 1962/1962/1962
f 1945/1945/1945 1962/1962/1962 1946/1946/1946
f 1946/1946/1946 1962/1962/1962 1963/1963/1963
f 1946/1946/1946 1963/1963/1963 1947/1947/1947
f 1947/1947/1947 1963/1963/1963 1964/1964/1964
f 1947/1947/1947 1964/1964/1964 1948/1948/1948
f 1948/1948/1948 1964/1964/1964 1965/1965/1965
f 1948/1948/1948 1965/1965/1965 1949/1949/1949
f 1949/1949/1949 1965/1965/1965 1966/1966/1966
f 1949/1949/1949 1966/1966/1966 1950/1950/1950
f 1950/1950/1950 1966/1966/1966 1967/1967/1967
f 1950/1950/1950 1967/1967/1967 1951/1951/1951
f 1951/1951/1951 1967/1967/1967 1968/1968/1968
f 1951/1951/1951 1968/1968/1968 1952/1952/1952
f 1952/1952/1952 1968/1968/1968 1953/1953/1953
f 1952/1952/1952 1953/1953/1953 1937/1937/1937
f 1953/1953/1953 1969/1969/1969 1970/1970/1970
f 1953/1953/1953 1970/1970/1970 1954/1954/1954
f 1954/1954/1954 1970/1970/1970 1971/1971/1971
f 1954/1954/1954 1971/1971/1971 1955/1955/1955
f 1955/1955/1955 1971/1971/1971 1972/1972/1972
f 1955/1955/1955 1972/1972/1972 1956/1956/1956
f 1956/1956/1956 1972/1972/1972 1973/1973/1973
f 1956/1956/1956 1973/1973/1973 1957/1957/1957
f 1957/1957/1957 1973/1973/1973 1974/1974/1974
f 1957/1957/1957 1974/1974/1974 1958/1958/1958
f 1958/1958/1958 1974/1974/1974 1975/1975/1975
f 1958/1958/1958 1975/1975/1975 1959/1959/1959
f 1959/1959/1959 1975/1975/1975 1976/1976/1976
f 1959/1959/1959 1976/1976/1976 1960/1960/1960
f 1960/1960/1960 1976/1976/1976 1977/1977/1977
f 1960/1960/1960 1977/1977/1977 1961/1961/1961
f 1961/1961/1961 1977/1977/1977 1978/1978/1978
f 1961/1961/1961 1978/1978/1978 1962/1962/1962
f 1962/1962/1962 1978/1978/1978 1979/1979/1979
f 1962/1962/1962 1979/1979/1979 1963/1963/1963
f 1963/1963/1963 1979/1979/1979 1980/1980/1980
f 1963/1963/1963 1980/1980/1980 1964/1964/1964
f 1964/1964/1964 1980/1980/1980 1981/1981/1981
f 1964/1964/1964 1981/1981/1981 1965/1965/1965
f 1965/1965/1965 1981/1981/1981 1982/1982/1982
f 1965/1965/1965 1982/1982/1982 1966/1966/1966
f 1966/1966/1966 1982/1982/1982 1983/1983/1983
f 1966/1966/1966 1983/1983/1983 1967/1967/1967
f 1967/1967/1967 1983/1983/1983 1984/1984/1984
f 1967/1967/1967 1984/1984/1984 1968/1968/1968
f 1968/1968/1968 1984/1984/1984 1969/1969/1969
f 1968/1968/1968 1969/1969/1969 1953/1953/1953
f 1985/1985/1985 2001/2001/2001 2002/2002/2002
f 1985/1985/1985 2002/2002/2002 1986/1986/1986
f 1986/1986/1986 2002/2002/2002 2003/2003/2003
f 1986/1986/1986 2003/2003/2003 1987/1987/1987
f 1987/1987/1987 2003/2003/2003 2004/2004/2004
f 1987/1987/1987 2004/2004/2004 1988/1988/1988
f 1988/1988/1988 2004/2004/2004 2005/2005/2005
f 1988/1988/1988 2005/2005/2005 1989/1989/1989
f 1989/1989/1989 2005/2005/2005 2006/2006/2006
f 1989/1989/1989 2006/2006/2006 1990/1990/1990
f 1990/1990/1990 2006/2006/2006 2007/2007/2007
f 1990/1990/1990 2007/2007/2007 1991/1991/1991
f 1991/1991/1991 2007/2007/2007 2008/2008/2008
f 1991/1991/1991 2008/2008/2008 1992/1992/1992
f 1992/1992/1992 2008/2008/2008 2009/2009/2009
f 1992/1992/1992 2009/2009/2009 1993/1993/1993
f 1993/1993/1993 2009/2009/2009 2010/2010/2010
f 1993/1993/1993 2010/2010/2010 1994/1994/1994
f 1994/1994/1994 2010/2010/2010 2011/2011/2011
f 1994/1994/1994 2011/2011/2011 1995/1995/1995
f 1995/1995/1995 2011/2011/2011 2012/2012/2012
f 1995/1995/1995 2012/2012/2012 1996/1996/1996
f 1996/1996/1996 2012/2012/2012 2013/2013/2013
f 1996/1996/1996 2013/2013/2013 1997/1997/1997
f 1997/1997/1997 2013/2013/2013 2014/2014/2014
f 1997/1997/1997 2014/2014/2014 1998/1998/1998
f 1998/1998/1998 2014/2014/2014 2015/2015/2015
f 1998/1998/1998 2015/2015/2015 1999/1999/1999
f 1999/1999/1999 2015/2015/2015 2016/2016/2016
f 1999/1999/1999 2016/2016/2016 2000/2000/2000
f 2000/2000/2000 2016/2016/2016 2001/2001/2001
f 2000/2000/2000 2001/2001/2001 1985/1985/1985
f 2001/2001/2001 2017/2017/2017 2018/2018/2018
f 2001/2001/2001 2018/2018/2018 2002/2002/2002
f 2002/2002/2002 2018/2018/2018 2019/2019/2019
f 2002/2002/2002 2019/2019/2019 2003/2003/2003
f 2003/2003/2003 2019/2019/2019 2020/2020/2020
f 2003/2003/2003 2020/2020/2020 2004/2004/2004
f 2004/2004/2004 2020/2020/2020 2021/2021/2021
f 2004/2004/2004 2021/2021/2021 2005/2005/2005
f 2005/2005/2005 2021/2021/2021 2022/2022/2022
f 2005/2005/2005 2022/2022/2022 2006/2006/2006
f 2006/2006/2006 2022/2022/2022 2023/2023/2023
f 2006/2006/2006 2023/2023/2023 2007/2007/2007
f 2007/2007/2007 2023/2023/2023 2024/2024/2024
f 2007/2007/2007 2024/2024/2024 2008/2008/2008
f 2008/2008/2008 2024/2024/2024 2025/2025/2025
f 2008/2008/2008 2025/2025/2025 2009/2009/2009
f 2009/2009/2009 2025/2025/2025 2026/2026/2026
f 2009/2009/2009 2026/2026/2026 2010/2010/2010
f 2010/2010/2010 2026/2026/2026 2027/2027/2027
f 2010/2010/2010 2027/2027/2027 2011/2011/2011
f 2011/2011/2011 2027/2027/2027 2028/2028/2028
f 2011/2011/2011 2028/2028/2028 2012/2012/2012
f 2012/2012/2012 2028/2028/2028 2029/2029/2029
f 2012/2012/2012 2029/2029/2029 2013/2013/2013
f 2013/2013/2013 2029/2029/2029 2030/2030/2030
f 2013/2013/2013 2030/2030/2030 2014/2014/2014
f 2014/2014/2014 2030/2030/2030 2031/2031/2031
f 2014/2014/2014 2031/2031/2031 2015/2015/2015
f 2015/2015/2015 2031/2031/2031 2032/2032/2032
f 2015/2015/2015 2032/2032/2032 2016/2016/2016
f 2016/2016/2016 2032/2032/2032 2017/2017/2017
f 2016/2016/2016 2017/2017/2017 2001/2001/2001
f 2017/2017/2017 2033/2033/2033 2034/2034/2034
f 2017/2017/2017 2034/2034/2034 2018/2018/2018
f 2018/2018/2018 2034/2034/2034 2035/2035/2035
f 2018/2018/2018 2035/2035/2035 2019/2019/2019
f 2019/2019/2019 2035/2035/2035 2036/2036/2036
f 2019/2019/2019 2036/2036/2036 2020/2020/2020
f 2020/2020/2020 2036/2036/2036 2037/2037/2037
f 2020/2020/2020 2037/2037/2037 2021/2021/2021
f 2021/2021/2021 2037/2037/2037 2038/2038/2038
f 2021/2021/2021 2038/2038/2038 2022/2022/2022
f 2022/2022/2022 2038/2038/2038 2039/2039/2039
f 2022/2022/2022 2039/2039/2039 2023/2023/2023
f 2023/2023/2023 2039/2039/2039 2040/2040/2040
f 2023/2023/2023 2040/2040/2040 2024/2024/2024
f 2024/2024/2024 2040/2040/2040 2041/2041/2041
f 2024/2024/2024 2041/2041/2041 2025/2025/2025
f 2025/2025/2025 2041/2041/2041 2042/2042/2042
f 2025/2025/2025 2042/2042/2042 2026/2026/2026
f 2026/2026/2026 2042/2042/2042 2043/2043/2043
f 2026/2026/2026 2043/2043/2043 2027/2027/2027
f 2027/2027/2027 2043/2043/2043 2044/2044/2044
f 2027/2027/2027 2044/2044/2044 2028/2028/2028
f 2028/2028/2028 2044/2044/2044 2045/2045/2045
f 2028/2028/2028 2045/2045/2045 2029/2029/2029
f 2029/2029/2029 2045/2045/2045 2046/2046/2046
f 2029/2029/2029 2046/2046/2046 2030/2030/2030
f 2030/2030/2030 2046/2046/2046 2047/2047/2047
f 2030/2030/2030 2047/2047/2047 2031/2031/2031
f 2031/2031/2031 2047/2047/2047 2048/2048/2048
f 2031/2031/2031 2048/2048/2048 2032/2032/2032
f 2032/2032/2032 2048/2048/2048 2033/2033/2033
f 2032/2032/2032 2033/2033/2033 2017/2017/2017
f 2033/2033/2033 2049/2049/2049 2050/2050/2050
f 2033/2033/2033 2050/2050/2050 2034/2034/2034
f 2034/2034/2034 2050/2050/2050 2051/2051/2051
f 2034/2034/2034 2051/2051/2051 2035/2035/2035
f 2035/2035/2035 2051/2051/2051 2052/2052/2052
f 2035/2035/2035 2052/2052/2052 2036/2036/2036
f 2036/2036/2036 2052/2052/2052 2053/2053/2053
f 2036/2036/2036 2053/2053/2053 2037/2037/2037
f 2037/2037/2037 2053/2053/2053 2054/2054/2054
f 2037/2037/2037 2054/2054/2054 2038/2038/2038
f 2038/2038/2038 2054/2054/2054 2055/2055/2055
f 2038/2038/2038 2055/2055/2055 2039/2039/2039
f 2039/2039/2039 2055/2055/2055 2056/2056/2056
f 2039/2039/2039 2056/2056/2056 2040/2040/2040
f 2040/2040/2040 2056/2056/2056 2057/2057/2057
f 2040/2040/2040 2057/2057/2057 2041/2041/2041
f 2041/2041/2041 2057/2057/2057 2058/2058/2058
f 2041/2041/2041 2058/2058/2058 2042/2042/2042
f 2042/2042/2042 2058/2058/2058 2059/2059/2059
f 2042/2042/2042 2059/2059/2059 2043/2043/2043
f 2043/2043/2043 2059/2059/2059 2060/2060/2060
f 2043/2043/2043 2060/2060/2060 2044/2044/2044
f 2044/2044/2044 2060/2060/2060 2061/2061/2061
f 2044/2044/2044 2061/2061/2061 2045/2045/2045
f 2045/2045/2045 2061/2061/2061 2062/2062/2062
f 2045/2045/2045 2062/2062/2062 2046/2046/2046
f 2046/2046/2046 2062/2062/2062 2063/2063/2063
f 2046/2046/2046 2063/2063/2063 2047/2047/2047
f 2047/2047/2047 2063/2063/2063 2064/2064/2064
f 2047/2047/2047 2064/2064/2064 2048/2048/2048
f 2048/2048/2048 2064/2064/2064 2049/2049/2049
f 2048/2048/2048 2049/2049/2049 2033/2033/2033
f 2049/2049/2049 2065/2065/2065 2066/2066/2066
f 2049/2049/2049 2066/2066/2066 2050/2050/2050
f 2050/2050/2050 2066/2066/2066 2067/2067/2067
f 2050/2050/2050 2067/2067/2067 2051/2051/2051
f 2051/2051/2051 2067/2067/2067 2068/2068/2068
f 2051/2051/2051 2068/2068/2068 2052/2052/2052
f 2052/2052/2052 2068/2068/2068 2069/2069/2069
f 2052/2052/2052 2069/2069/2069 2053/2053/2053
f 2053/2053/2053 2069/2069/2069 2070/2070/2070
f 2053/2053/2053 2070/2070/2070 2054/2054/2054
f 2054/2054/2054 2070/2070/2070 2071/2071/2071
f 2054/2054/2054 2071/2071/2071 2055/2055/2055
f 2055/2055/2055 2071/2071/2071 2072/2072/2072
f 2055/2055/2055 2072/2072/2072 2056/2056/2056
f 2056/2056/2056 2072/2072/2072 2073/2073/2073
f 2056/2056/2056 2073/2073/2073 2057/2057/2057
f 2057/2057/2057 2073/2073/2073 2074/2074/2074
f 2057/2057/2057 2074/2074/2074 2058/2058/2058
f 2058/2058/2058 2074/2074/2074 2075/2075/2075
f 2058/2058/2058 2075/2075/2075 2059/2059/2059
f 2059/2059/2059 2075/2075/2075 2076/2076/2076
f 2059/2059/2059 2076/2076/2076 2060/2060/2060
f 2060/2060/2060 2076/2076/2076 2077/2077/2077
f 2060/2060/2060 2077/2077/2077 2061/2061/2061
f 2061/2061/2061 2077/2077/2077 2078/2078/2078
f 2061/2061/2061 2078/2078/2078 2062/2062/2062
f 2062/2062/2062 2078/2078/2078 2079/2079/2079
f 2062/2062/2062 2079/2079/2079 2063/2063/2063
f 2063/2063/2063 2079/2079/2079 2080/2080/2080
f 2063/2063/2063 2080/2080/2080 2064/2064/2064
f 2064/2064/2064 2080/2080/2080 2065/2065/2065
f 2064/2064/2064 2065/2065/2065 2049/2049/2049
f 2065/2065/2065 2081/2081/2081 2082/2082/2082
f 2065/2065/2065 2082/2082/2082 2066/2066/2066
f 2066/2066/2066 2082/2082/2082 2083/2083/2083
f 2066/2066/2066 2083/2083/2083 2067/2067/2067
f 2067/2067/2067 2083/2083/2083 2084/2084/2084
f 2067/2067/2067 2084/2084/2084 2068/2068/2068
f 2068/2068/2068 2084/2084/2084 2085/2085/2085
f 2068/2068/2068 2085/2085/2085 2069/2069/2069
f 2069/2069/2069 2085/2085/2085 2086/2086/2086
f 2069/2069/2069 2086/2086/2086 2070/2070/2070
f 2070/2070/2070 2086/2086/2086 2087/2087/2087
f 2070/2070/2070 2087/2087/2087 2071/2071/2071
f 2071/2071/2071 2087/2087/2087 2088/2088/2088
f 2071/2071/2071 2088/2088/2088 2072/2072/2072
f 2072/2072/2072 2088/2088/2088 2089/2089/2089
f 2072/2072/2072 2089/2089/2089 2073/2073/2073
f 2073/2073/2073 2089/2089/2089 2090/2090/2090
f 2073/2073/2073 2090/2090/2090 2074/2074/2074
f 2074/2074/2074 2090/2090/2090 2091/2091/2091
f 2074/2074/2074 2091/2091/2091 2075/2075/2075
f 2075/2075/2075 2091/2091/2091 2092/2092/2092
f 2075/2075/2075 2092/2092/2092 2076/2076/2076
f 2076/2076/2076 2092/2092/2092 2093/2093/2093
f 2076/2076/2076 2093/2093/2093 2077/2077/2077
f 2077/2077/2077 2093/2093/2093 2094/2094/2094
f 2077/2077/2077 2094/2094/2094 2078/2078/2078
f 2078/2078/2078 2094/2094/2094 2095/2095/2095
f 2078/2078/2078 2095/2095/2095 2079/2079/2079
f 2079/2079/2079 2095/2095/2095 2096/2096/2096
f 2079/2079/2079 2096/2096/2096 2080/2080/2080
f 2080/2080/2080 2096/2096/2096 2081/2081/2081
f 2080/2080/2080 2081/2081/2081 2065/2065/2065
f 2081/2081/2081 2097/2097/2097 2098/2098/2098
f 2081/2081/2081 2098/2098/2098 2082/2082/2082
f 2082/2082/2082 2098/2098/2098 2099/2099/2099
f 2082/2082/2082 2099/2099/2099 2083/2083/2083
f 2083/2083/2083 2099/2099/2099 2100/2100/2100
f 2083/2083/2083 2100/2100/2100 2084/2084/2084
f 2084/2084/2084 2100/2100/2100 2101/2101/2101
f 2084/2084/2084 2101/2101/2101 2085/2085/2085
f 2085/2085/2085 2101/2101/2101 2102/2102/2102
f 2085/2085/2085 2102/2102/2102 2086/2086/2086
f 2086/2086/2086 2102/2102/2102 2103/2103/2103
f 2086/2086/2086 2103/2103/2103 2087/2087/2087
f 2087/2087/2087 2103/2103/2103 2104/2104/2104
f 2087/2087/2087 2104/2104/2104 2088/2088/2088
f 2088/2088/2088 2104/2104/2104 2105/2105/2105
f 2088/2088/2088 2105/2105/2105 2089/2089/2089
f 2089/2089/2089 2105/2105/2105 2106/2106/2106
f 2089/2089/2089 2106/2106/2106 2090/2090/2090
f 2090/2090/2090 2106/2106/2106 2107/2107/2107
f 2090/2090/2090 2107/2107/2107 2091/2091/2091
f 2091/2091/2091 2107/2107/2107 2108/2108/2108
f 2091/2091/2091 2108/2108/2108 2092/2092/2092
f 2092/2092/2092 2108/2108/2108 2109/2109/2109
f 2092/2092/2092 2109/2109/2109 2093/2093/2093
f 2093/2093/2093 2109/2109/2109 2110/2110/2110
f 2093/2093/2093 2110/2110/2110 2094/2094/2094
f 2094/2094/2094 2110/2110/2110 2111/2111/2111
f 2094/2094/2094 2111/2111/2111 2095/2095/2095
f 2095/2095/2095 2111/2111/2111 2112/2112/2112
f 2095/2095/2095 2112/2112/2112 2096/2096/2096
f 2096/2096/2096 2112/2112/2112 2097/2097/2097
f 2096/2096/2096 2097/2097/2097 2081/2081/2081
f 2097/2097/2097 2113/2113/2113 2114/2114/2114
f 2097/2097/2097 2114/2114/2114 2098/2098/2098
f 2098/2098/2098 2114/2114/2114 2115/2115/2115
f 2098/2098/2098 2115/2115/2115 2099/2099/2099
f 2099/2099/2099 2115/2115/2115 2116/2116/2116
f 2099/2099/2099 2116/2116/2116 2100/2100/2100
f 2100/2100/2100 2116/2116/2116 2117/2117/2117
f 2100/2100/2100 2117/2117/2117 2101/2101/2101
f 2101/2101/2101 2117/2117/2117 2118/2118/2118
f 2101/2101/2101 2118/2118/2118 2102/2102/2102
f 2102/2102/2102 2118/2118/2118 2119/2119/2119
f 2102/2102/2102 2119/2119/2119 2103/2103/2103
f 2103/2103/2103 2119/2119/2119 2120/2120/2120
f 2103/2103/2103 2120/2120/2120 2104/2104/2104
f 2104/2104/2104 2120/2120/2120 2121/2121/2121
f 2104/2104/2104 2121/2121/2121 2105/2105/2105
f 2105/2105/2105 2121/2121/2121 2122/2122/2122
f 2105/2105/2105 2122/2122/2122 2106/2106/2106
f 2106/2106/2106 2122/2122/2122 2123/2123/2123
f 2106/2106/2106 2123/2123/2123 2107/2107/2107
f 2107/2107/2107 2123/2123/2123 2124/2124/2124
f 2107/2107/2107 2124/2124/2124 2108/2108/2108
f 2108/2108/2108 2124/2124/2124 2125/2125/2125
f 2108/2108/2108 2125/2125/2125 2109/2109/2109
f 2109/2109/2109 2125/2125/2125 2126/2126/2126
f 2109/2109/2109 2126/2126/2126 2110/2110/2110
f 2110/2110/2110 2126/2126/2126 2127/2127/2127
f 2110/2110/2110 2127/2127/2127 2111/2111/2111
f 2111/2111/2111 2127/2127/2127 2128/2128/2128
f 2111/2111/2111 2128/2128/2128 2112/2112/2112
f 2112/2112/2112 2128/2128/2128 2113/2113/2113
f 2112/2112/2112 2113/2113/2113 2097/2097/2097
f 2113/2113/2113 2129/2129/2129 2130/2130/2130
f 2113/2113/2113 2130/2130/2130 2114/2114/2114
f 2114/2114/2114 2130/2130/2130 2131/2131/2131
f 2114/2114/2114 2131/2131/2131 2115/2115/2115
f 2115/2115/2115 2131/2131/2131 2132/2132/2132
f 2115/2115/2115 2132/2132/2132 2116/2116/2116
f 2116/2116/2116 2132/2132/2132 2133/2133/2133
f 2116/2116/2116 2133/2133/2133 2117/2117/2117
f 2117/2117/2117 2133/2133/2133 2134/2134/2134
f 2117/2117/2117 2134/2134/2134 2118/2118/2118
f 2118/2118/2118 2134/2134/2134 2135/2135/2135
f 2118/2118/2118 2135/2135/2135 2119/2119/2119
f 2119/2119/2119 2135/2135/2135 2136/2136/2136
f 2119/2119/2119 2136/2136/2136 2120/2120/2120
f 2120/2120/2120 2136/2136/2136 2137/2137/2137
f 2120/2120/2120 2137/2137/2137 2121/2121/2121
f 2121/2121/2121 2137/2137/2137 2138/2138/2138
f 2121/2121/2121 2138/2138/2138 2122/2122/2122
f 2122/2122/2122 2138/2138/2138 2139/2139/2139
f 2122/2122/2122 2139/2139/2139 2123/2123/2123
f 2123/2123/2123 2139/2139/2139 2140/2140/2140
f 2123/2123/2123 2140/2140/2140 2124/2124/2124
f 2124/2124/2124 2140/2140/2140 2141/2141/2141
f 2124/2124/2124 2141/2141/2141 2125/2125/2125
f 2125/2125/2125 2141/2141/2141 2142/2142/2142
f 2125/2125/2125 2142/2142/2142 2126/2126/2126
f 2126/2126/2126 2142/2142/2142 2143/2143/2143
f 2126/2126/2126 2143/2143/2143 2127/2127/2127
f 2127/2127/2127 2143/2143/2143 2144/2144/2144
f 2127/2127/2127 2144/2144/2144 2128/2128/2128
f 2128/2128/2128 2144/2144/2144 2129/2129/2129
f 2128/2128/2128 2129/2129/2129 2113/2113/2113
f 2129/2129/2129 2145/2145/2145 2146/2146/2146
f 2129/2129/2129 2146/2146/2146 2130/2130/2130
f 2130/2130/2130 2146/2146/2146 2147/2147/2147
f 2130/2130/2130 2147/2147/2147 2131/2131/2131
f 2131/2131/2131 2147/2147/2147 2148/2148/2148
f 2131/2131/2131 2148/2148/2148 2132/2132/2132
f 2132/2132/2132 2148/2148/2148 2149/2149/2149
f 2132/2132/2132 2149/2149/2149 2133/2133/2133
f 2133/2133/2133 2149/2149/2149 2150/2150/2150
f 2133/2133/2133 2150/2150/2150 2134/2134/2134
f 2134/2134/2134 2150/2150/2150 2151/2151/2151
f 2134/2134/2134 2151/2151/2151 2135/2135/2135
f 2135/2135/2135 2151/2151/2151 2152/2152/2152
f 2135/2135/2135 2152/2152/2152 2136/2136/2136
f 2136/2136/2136 2152/2152/2152 2153/2153/2153
f 2136/2136/2136 2153/2153/2153 2137/2137/2137
f 2137/2137/2137 2153/2153/2153 2154/2154/2154
f 2137/2137/2137 2154/2154/2154 2138/2138/2138
f 2138/2138/2138 2154/2154/2154 2155/2155/2155
f 2138/2138/2138 2155/2155/2155 2139/2139/2139
f 2139/2139/2139 2155/2155/2155 2156/2156/2156
f 2139/2139/2139 2156/2156/2156 2140/2140/2140
f 2140/2140/2140 2156/2156/2156 2157/2157/2157
f 2140/2140/2140 2157/2157/2157 2141/2141/2141
f 2141/2141/2141 2157/2157/2157 2158/2158/2158
f 2141/2141/2141 2158/2158/2158 2142/2142/2142
f 2142/2142/2142 2158/2158/2158 2159/2159/2159
f 2142/2142/2142 2159/2159/2159 2143/2143/2143
f 2143/2143/2143 2159/2159/2159 2160/2160/2160
f 2143/2143/2143 2160/2160/2160 2144/2144/2144
f 2144/2144/2144 2160/2160/2160 2145/2145/2145
f 2144/2144/2144 2145/2145/2145 2129/2129/2129
f 2145/2145/2145 2161/2161/2161 2162/2162/2162
f 2145/2145/2145 2162/2162/2162 2146/2146/2146
f 2146/2146/2146 2162/2162/2162 2163/2163/2163
f 2146/2146/2146 2163/2163/2163 2147/2147/2147
f 2147/2147/2147 2163/2163/2163 2164/2164/2164
f 2147/2147/2147 2164/2164/2164 2148/2148/2148
f 2148/2148/2148 2164/2164/2164 2165/2165/2165
f 2148/2148/2148 2165/2165/2165 2149/2149/2149
f 2149/2149/2149 2165/2165/2165 2166/2166/2166
f 2149/2149/2149 2166/2166/2166 2150/2150/2150
f 2150/2150/2150 2166/2166/2166 2167/2167/2167
f 2150/2150/2150 2167/2167/2167 2151/2151/2151
f 2151/2151/2151 2167/2167/2167 2168/2168/2168
f 2151/2151/2151 2168/2168/2168 2152/2152/2152
f 2152/2152/2152 2168/2168/2168 2169/2169/2169
f 2152/2152/2152 2169/2169/2169 2153/2153/2153
f 2153/2153/2153 2169/2169/2169 2170/2170/2170
f 2153/2153/2153 2170/2170/2170 2154/2154/2154
f 2154/2154/2154 2170/2170/2170 2171/2171/2171
f 2154/2154/2154 2171/2171/2171 2155/2155/2155
f 2155/2155/2155 2171/2171/2171 2172/2172/2172
f 2155/2155/2155 2172/2172/2172 2156/2156/2156
f 2156/2156/2156 2172/2172/2172 2173/2173/2173
f 2156/2156/2156 2173/2173/2173 2157/2157/2157
f 2157/2157/2157 2173/2173/2173 2174/2174/2174
f 2157/2157/2157 2174/2174/2174 2158/2158/2158
f 2158/2158/2158 2174/2174/2174 2175/2175/2175
f 2158/2158/2158 2175/2175/2175 2159/2159/2159
f 2159/2159/2159 2175/2175/2175 2176/2176/2176
f 2159/2159/2159 2176/2176/2176 2160/2160/2160
f 2160/2160/2160 2176/2176/2176 2161/2161/2161
f 2160/2160/2160 2161/2161/2161 2145/2145/2145
f 2161/2161/2161 2177/2177/2177 2178/2178/2178
f 2161/2161/2161 2178/2178/2178 2162/2162/2162
f 2162/2162/2162 2178/2178/2178 2179/2179/2179
f 2162/2162/2162 2179/2179/2179 2163/2163/2163
f 2163/2163/2163 2179/2179/2179 2180/2180/2180
f 2163/2163/2163 2180/2180/2180 2164/2164/2164
f 2164/2164/2164 2180/2180/2180 2181/2181/2181
f 2164/2164/2164 2181/2181/2181 2165/2165/2165
f 2165/2165/2165 2181/2181/2181 2182/2182/2182
f 2165/2165/2165 2182/2182/2182 2166/2166/2166
f 2166/2166/2166 2182/2182/2182 2183/2183/2183
f 2166/2166/2166 2183/2183/2183 2167/2167/2167
f 2167/2167/2167 2183/2183/2183 2184/2184/2184
f 2167/2167/2167 2184/2184/2184 2168/2168/2168
f 2168/2168/2168 2184/2184/2184 2185/2185/2185
f 2168/2168/2168 2185/2185/2185 2169/2169/2169
f 2169/2169/2169 2185/2185/2185 2186/2186/2186
f 2169/2169/2169 2186/2186/2186 2170/2170/2170
f 2170/2170/2170 2186/2186/2186 2187/2187/2187
f 2170/2170/2170 2187/2187/2187 2171/2171/2171
f 2171/2171/2171 2187/2187/2187 2188/2188/2188
f 2171/2171/2171 2188/2188/2188 2172/2172/2172
f 2172/2172/2172 2188/2188/2188 2189/2189/2189
f 2172/2172/2172 2189/2189/2189 2173/2173/2173
f 2173/2173/2173 2189/2189/2189 2190/2190/2190
f 2173/2173/2173 2190/2190/2190 2174/2174/2174
f 2174/2174/2174 2190/2190/2190 2191/2191/2191
f 2174/2174/2174 2191/2191/2191 2175/2175/2175
f 2175/2175/2175 2191/2191/2191 2192/2192/2192
f 2175/2175/2175 2192/2192/2192 2176/2176/2176
f 2176/2176/2176 2192/2192/2192 2177/2177/2177
f 2176/2176/2176 2177/2177/2177 2161/2161/2161
